timestamp,demand_mw,temperature_c,humidity,wind_speed,solar_generation_mw
2025-07-31 11:00:00+05:30,6401.3,32.0,77.0,6.7,41.7
2025-07-31 12:00:00+05:30,6699.4,32.8,80.0,7.0,74.0
2025-07-31 13:00:00+05:30,7049.0,33.8,77.0,10.8,40.4
2025-07-31 14:00:00+05:30,7338.2,34.2,77.0,12.2,54.9
2025-07-31 15:00:00+05:30,7493.4,34.3,73.0,8.6,35.9
2025-07-31 16:00:00+05:30,7578.4,34.7,76.0,9.6,40.3
2025-07-31 17:00:00+05:30,7431.9,34.8,71.0,7.1,11.8
2025-07-31 18:00:00+05:30,7026.5,34.1,75.0,11.5,2.6
2025-07-31 19:00:00+05:30,6894.1,33.6,73.0,9.6,0.0
2025-07-31 20:00:00+05:30,6867.0,32.9,72.0,10.0,0.0
2025-07-31 21:00:00+05:30,6415.7,31.1,81.0,9.8,0.0
2025-07-31 22:00:00+05:30,5822.2,29.9,87.0,9.5,0.0
2025-07-31 23:00:00+05:30,5325.7,29.2,76.0,8.3,0.0
2025-08-01 00:00:00+05:30,4913.8,28.1,84.0,8.2,0.0
2025-08-01 01:00:00+05:30,4590.2,27.2,78.0,1.9,0.0
2025-08-01 02:00:00+05:30,4126.5,25.9,84.0,4.8,0.0
2025-08-01 03:00:00+05:30,3989.3,25.9,83.0,1.8,0.0
2025-08-01 04:00:00+05:30,3819.9,25.7,82.0,5.5,0.0
2025-08-01 05:00:00+05:30,3981.8,25.7,82.0,4.7,0.0
2025-08-01 06:00:00+05:30,4180.0,25.9,85.0,5.9,4.1
2025-08-01 07:00:00+05:30,4520.4,26.2,87.0,3.2,20.0
2025-08-01 08:00:00+05:30,4755.5,26.4,83.0,3.2,27.2
2025-08-01 09:00:00+05:30,5090.4,27.3,88.0,7.8,54.7
2025-08-01 10:00:00+05:30,5451.5,28.3,90.0,7.5,47.5
2025-08-01 11:00:00+05:30,5715.5,29.9,83.0,4.6,28.3
2025-08-01 12:00:00+05:30,5886.8,30.9,81.0,7.9,103.0
2025-08-01 13:00:00+05:30,6073.1,31.4,80.0,7.7,80.5
2025-08-01 14:00:00+05:30,6254.1,32.2,75.0,10.6,91.1
2025-08-01 15:00:00+05:30,6546.6,33.1,81.0,17.8,57.0
2025-08-01 16:00:00+05:30,6473.0,33.3,79.0,16.3,16.1
2025-08-01 17:00:00+05:30,6143.5,33.1,72.0,16.0,13.1
2025-08-01 18:00:00+05:30,5896.4,32.4,79.0,9.1,3.6
2025-08-01 19:00:00+05:30,5833.5,31.7,81.0,15.8,0.0
2025-08-01 20:00:00+05:30,5771.2,30.6,78.0,10.6,0.0
2025-08-01 21:00:00+05:30,5477.2,30.0,82.0,12.0,0.0
2025-08-01 22:00:00+05:30,5100.2,29.0,79.0,3.3,0.0
2025-08-01 23:00:00+05:30,4678.1,27.7,81.0,8.5,0.0
2025-08-02 00:00:00+05:30,4161.2,27.1,84.0,7.0,0.0
2025-08-02 01:00:00+05:30,3709.7,25.7,81.0,5.6,0.0
2025-08-02 02:00:00+05:30,3552.1,25.2,85.0,5.7,0.0
2025-08-02 03:00:00+05:30,3406.9,24.6,81.0,5.1,0.0
2025-08-02 04:00:00+05:30,3391.2,24.3,86.0,4.4,0.0
2025-08-02 05:00:00+05:30,3455.1,24.2,92.0,5.3,0.0
2025-08-02 06:00:00+05:30,3604.7,24.6,86.0,3.0,3.8
2025-08-02 07:00:00+05:30,3776.5,24.6,87.0,5.8,15.7
2025-08-02 08:00:00+05:30,4117.8,25.4,86.0,2.8,65.8
2025-08-02 09:00:00+05:30,4569.2,26.9,84.0,6.8,61.4
2025-08-02 10:00:00+05:30,4880.2,28.1,82.0,2.8,74.9
2025-08-02 11:00:00+05:30,5117.9,29.2,80.0,9.3,131.3
2025-08-02 12:00:00+05:30,5427.4,30.6,81.0,8.8,87.2
2025-08-02 13:00:00+05:30,5732.9,31.6,77.0,8.3,68.6
2025-08-02 14:00:00+05:30,6080.1,32.5,76.0,12.5,90.3
2025-08-02 15:00:00+05:30,6165.5,33.2,74.0,14.6,39.2
2025-08-02 16:00:00+05:30,6180.2,33.3,77.0,16.2,13.3
2025-08-02 17:00:00+05:30,5846.1,33.2,80.0,12.6,14.2
2025-08-02 18:00:00+05:30,5538.9,33.7,69.0,12.6,9.8
2025-08-02 19:00:00+05:30,5452.5,33.2,78.0,12.1,0.0
2025-08-02 20:00:00+05:30,5375.7,32.6,71.0,8.9,0.0
2025-08-02 21:00:00+05:30,5196.2,32.1,78.0,6.5,0.0
2025-08-02 22:00:00+05:30,4741.5,31.1,75.0,8.3,0.0
2025-08-02 23:00:00+05:30,4569.9,30.4,76.0,4.6,0.0
2025-08-03 00:00:00+05:30,4275.4,30.1,76.0,9.5,0.0
2025-08-03 01:00:00+05:30,4088.6,29.5,82.0,4.4,0.0
2025-08-03 02:00:00+05:30,3830.5,29.0,79.0,4.7,0.0
2025-08-03 03:00:00+05:30,3790.4,28.6,77.0,4.7,0.0
2025-08-03 04:00:00+05:30,3759.8,28.2,81.0,3.1,0.0
2025-08-03 05:00:00+05:30,3836.3,28.1,78.0,5.6,0.0
2025-08-03 06:00:00+05:30,4138.1,28.6,81.0,4.1,2.6
2025-08-03 07:00:00+05:30,4496.9,29.6,79.0,4.5,27.9
2025-08-03 08:00:00+05:30,5027.0,30.8,75.0,3.6,37.4
2025-08-03 09:00:00+05:30,5702.0,32.1,79.0,8.8,69.3
2025-08-03 10:00:00+05:30,5932.4,32.9,76.0,9.7,38.4
2025-08-03 11:00:00+05:30,6186.3,33.6,75.0,8.5,81.2
2025-08-03 12:00:00+05:30,6502.1,34.6,79.0,12.1,35.0
2025-08-03 13:00:00+05:30,6618.3,35.3,65.0,9.9,185.1
2025-08-03 14:00:00+05:30,6974.4,35.9,75.0,12.6,70.1
2025-08-03 15:00:00+05:30,6994.8,35.8,73.0,14.2,29.2
2025-08-03 16:00:00+05:30,6926.7,35.6,71.0,14.7,22.4
2025-08-03 17:00:00+05:30,6641.3,35.0,73.0,13.7,15.3
2025-08-03 18:00:00+05:30,6445.9,34.8,75.0,11.2,3.0
2025-08-03 19:00:00+05:30,6204.2,34.2,70.0,12.0,0.0
2025-08-03 20:00:00+05:30,6415.0,33.9,81.0,10.5,0.0
2025-08-03 21:00:00+05:30,6000.7,32.8,79.0,5.3,0.0
2025-08-03 22:00:00+05:30,5383.7,31.3,77.0,10.0,0.0
2025-08-03 23:00:00+05:30,4962.5,29.7,79.0,5.8,0.0
2025-08-04 00:00:00+05:30,5015.1,29.1,83.0,6.5,0.0
2025-08-04 01:00:00+05:30,4646.0,28.5,73.0,6.3,0.0
2025-08-04 02:00:00+05:30,4353.7,27.6,78.0,5.4,0.0
2025-08-04 03:00:00+05:30,4232.6,26.8,85.0,10.9,0.0
2025-08-04 04:00:00+05:30,4137.6,26.8,86.0,4.6,0.0
2025-08-04 05:00:00+05:30,4234.8,27.0,78.0,2.3,0.0
2025-08-04 06:00:00+05:30,4585.1,27.6,88.0,5.2,5.2
2025-08-04 07:00:00+05:30,4889.3,27.8,83.0,8.5,19.4
2025-08-04 08:00:00+05:30,5186.8,28.1,78.0,7.1,53.7
2025-08-04 09:00:00+05:30,5597.7,28.8,76.0,4.0,49.5
2025-08-04 10:00:00+05:30,5876.4,29.4,84.0,7.0,91.5
2025-08-04 11:00:00+05:30,6011.2,29.7,77.0,8.3,89.4
2025-08-04 12:00:00+05:30,6303.6,30.7,86.0,12.9,80.2
2025-08-04 13:00:00+05:30,6424.4,31.4,81.0,12.5,67.9
2025-08-04 14:00:00+05:30,6649.8,31.8,82.0,14.6,24.5
2025-08-04 15:00:00+05:30,6713.1,31.5,81.0,10.8,46.3
2025-08-04 16:00:00+05:30,6348.3,31.0,80.0,9.0,37.0
2025-08-04 17:00:00+05:30,6213.5,30.8,87.0,8.7,18.1
2025-08-04 18:00:00+05:30,6007.3,31.3,79.0,12.6,1.8
2025-08-04 19:00:00+05:30,5929.8,30.7,88.0,15.6,0.0
2025-08-04 20:00:00+05:30,5779.3,30.1,78.0,14.1,0.0
2025-08-04 21:00:00+05:30,5556.3,30.1,77.0,12.0,0.0
2025-08-04 22:00:00+05:30,5253.0,29.7,83.0,3.2,0.0
2025-08-04 23:00:00+05:30,4763.1,28.6,82.0,6.8,0.0
2025-08-05 00:00:00+05:30,4415.5,27.7,80.0,3.6,0.0
2025-08-05 01:00:00+05:30,3866.0,25.9,81.0,5.1,0.0
2025-08-05 02:00:00+05:30,3619.0,25.4,85.0,2.5,0.0
2025-08-05 03:00:00+05:30,3554.8,25.2,87.0,4.0,0.0
2025-08-05 04:00:00+05:30,3577.6,25.4,81.0,5.8,0.0
2025-08-05 05:00:00+05:30,3665.1,25.3,86.0,4.0,0.0
2025-08-05 06:00:00+05:30,3789.2,25.4,91.0,6.1,2.2
2025-08-05 07:00:00+05:30,4151.5,26.3,81.0,5.4,24.0
2025-08-05 08:00:00+05:30,4507.5,26.8,79.0,7.0,52.0
2025-08-05 09:00:00+05:30,4913.7,27.6,83.0,10.2,55.7
2025-08-05 10:00:00+05:30,5193.5,28.6,82.0,14.4,77.9
2025-08-05 11:00:00+05:30,5399.5,29.1,83.0,6.2,70.9
2025-08-05 12:00:00+05:30,5681.4,30.0,82.0,10.5,59.2
2025-08-05 13:00:00+05:30,5914.0,30.8,79.0,6.7,88.7
2025-08-05 14:00:00+05:30,6228.8,31.7,83.0,13.6,56.8
2025-08-05 15:00:00+05:30,6347.6,32.1,81.0,13.5,53.0
2025-08-05 16:00:00+05:30,6300.5,32.3,76.0,14.8,46.1
2025-08-05 17:00:00+05:30,6031.0,32.9,74.0,13.0,18.3
2025-08-05 18:00:00+05:30,5841.0,32.8,77.0,9.2,4.5
2025-08-05 19:00:00+05:30,5853.5,32.2,81.0,11.9,0.0
2025-08-05 20:00:00+05:30,5894.6,31.5,80.0,11.2,0.0
2025-08-05 21:00:00+05:30,5492.0,30.7,84.0,12.0,0.0
2025-08-05 22:00:00+05:30,5045.5,30.2,77.0,10.5,0.0
2025-08-05 23:00:00+05:30,4688.3,29.0,82.0,7.7,0.0
2025-08-06 00:00:00+05:30,4332.7,27.8,85.0,5.9,0.0
2025-08-06 01:00:00+05:30,4065.5,27.5,81.0,2.7,0.0
2025-08-06 02:00:00+05:30,3868.4,26.5,82.0,6.2,0.0
2025-08-06 03:00:00+05:30,3751.0,26.0,83.0,2.9,0.0
2025-08-06 04:00:00+05:30,3578.8,25.9,82.0,6.7,0.0
2025-08-06 05:00:00+05:30,3661.3,25.7,89.0,2.7,0.0
2025-08-06 06:00:00+05:30,3835.6,25.7,87.0,2.7,5.9
2025-08-06 07:00:00+05:30,4155.0,26.2,77.0,5.6,21.1
2025-08-06 08:00:00+05:30,4600.5,26.6,93.0,10.5,46.3
2025-08-06 09:00:00+05:30,5019.4,27.5,82.0,9.1,63.7
2025-08-06 10:00:00+05:30,5380.9,28.4,83.0,12.0,70.1
2025-08-06 11:00:00+05:30,5588.1,29.1,82.0,3.8,67.6
2025-08-06 12:00:00+05:30,5869.5,30.3,78.0,11.5,72.2
2025-08-06 13:00:00+05:30,6099.6,31.0,79.0,10.7,55.6
2025-08-06 14:00:00+05:30,6146.3,31.1,76.0,13.1,40.5
2025-08-06 15:00:00+05:30,6388.2,31.7,79.0,9.3,44.9
2025-08-06 16:00:00+05:30,6291.8,31.7,79.0,12.9,37.7
2025-08-06 17:00:00+05:30,6245.3,32.5,80.0,14.8,15.8
2025-08-06 18:00:00+05:30,6043.4,32.0,81.0,5.0,2.7
2025-08-06 19:00:00+05:30,5991.5,31.6,81.0,12.4,0.0
2025-08-06 20:00:00+05:30,5920.5,30.8,80.0,8.3,0.0
2025-08-06 21:00:00+05:30,5523.5,30.0,85.0,6.8,0.0
2025-08-06 22:00:00+05:30,5050.9,29.0,83.0,11.6,0.0
2025-08-06 23:00:00+05:30,4704.0,28.0,82.0,4.9,0.0
2025-08-07 00:00:00+05:30,4283.5,27.0,85.0,1.0,0.0
2025-08-07 01:00:00+05:30,3772.9,25.0,84.0,3.2,0.0
2025-08-07 02:00:00+05:30,3568.5,23.9,85.0,6.7,0.0
2025-08-07 03:00:00+05:30,3606.1,24.2,88.0,5.3,0.0
2025-08-07 04:00:00+05:30,3534.9,24.4,84.0,8.4,0.0
2025-08-07 05:00:00+05:30,3617.1,24.7,89.0,7.9,0.0
2025-08-07 06:00:00+05:30,3770.7,25.0,82.0,3.8,4.4
2025-08-07 07:00:00+05:30,4090.1,25.5,81.0,6.8,23.0
2025-08-07 08:00:00+05:30,4425.7,26.4,84.0,8.1,48.0
2025-08-07 09:00:00+05:30,4734.3,27.1,82.0,6.2,49.2
2025-08-07 10:00:00+05:30,4877.2,27.8,80.0,9.2,92.3
2025-08-07 11:00:00+05:30,5135.4,28.9,82.0,8.6,70.2
2025-08-07 12:00:00+05:30,5393.2,29.4,81.0,7.5,61.8
2025-08-07 13:00:00+05:30,5672.9,30.0,83.0,10.6,48.5
2025-08-07 14:00:00+05:30,6033.5,31.7,78.0,9.3,88.9
2025-08-07 15:00:00+05:30,6240.3,32.7,82.0,17.3,32.6
2025-08-07 16:00:00+05:30,6238.4,32.9,83.0,10.3,42.8
2025-08-07 17:00:00+05:30,5991.4,32.7,73.0,14.1,20.0
2025-08-07 18:00:00+05:30,5769.2,32.5,82.0,12.5,3.7
2025-08-07 19:00:00+05:30,5621.4,31.8,80.0,6.1,0.0
2025-08-07 20:00:00+05:30,5573.7,30.2,81.0,13.3,0.0
2025-08-07 21:00:00+05:30,5275.6,29.5,81.0,9.0,0.0
2025-08-07 22:00:00+05:30,4950.3,28.8,80.0,11.6,0.0
2025-08-07 23:00:00+05:30,4636.2,28.3,85.0,8.0,0.0
2025-08-08 00:00:00+05:30,4182.0,27.2,80.0,3.8,0.0
2025-08-08 01:00:00+05:30,3996.9,26.4,84.0,4.0,0.0
2025-08-08 02:00:00+05:30,3709.9,25.4,83.0,1.8,0.0
2025-08-08 03:00:00+05:30,3608.9,25.5,86.0,6.1,0.0
2025-08-08 04:00:00+05:30,3576.4,25.7,83.0,7.6,0.0
2025-08-08 05:00:00+05:30,3726.9,25.8,86.0,4.5,0.0
2025-08-08 06:00:00+05:30,4070.7,26.8,87.0,10.6,4.7
2025-08-08 07:00:00+05:30,4424.0,27.7,80.0,7.3,13.0
2025-08-08 08:00:00+05:30,4728.9,28.5,82.0,5.3,44.1
2025-08-08 09:00:00+05:30,5027.0,29.0,82.0,11.4,84.2
2025-08-08 10:00:00+05:30,5453.5,29.9,89.0,9.1,62.5
2025-08-08 11:00:00+05:30,5507.3,30.6,78.0,14.6,74.3
2025-08-08 12:00:00+05:30,5893.4,31.8,79.0,9.3,37.6
2025-08-08 13:00:00+05:30,6233.1,32.5,79.0,12.2,30.6
2025-08-08 14:00:00+05:30,6430.8,32.4,83.0,10.8,90.8
2025-08-08 15:00:00+05:30,6551.5,32.4,73.0,13.0,58.0
2025-08-08 16:00:00+05:30,6618.2,32.7,77.0,13.5,33.4
2025-08-08 17:00:00+05:30,6408.4,32.4,75.0,15.9,17.9
2025-08-08 18:00:00+05:30,6276.0,32.9,76.0,10.6,3.8
2025-08-08 19:00:00+05:30,6186.9,32.5,80.0,6.5,0.0
2025-08-08 20:00:00+05:30,6103.9,31.7,80.0,12.2,0.0
2025-08-08 21:00:00+05:30,5705.8,30.2,77.0,7.5,0.0
2025-08-08 22:00:00+05:30,5299.5,29.3,78.0,14.2,0.0
2025-08-08 23:00:00+05:30,5035.7,29.7,82.0,9.0,0.0
2025-08-09 00:00:00+05:30,4324.0,28.3,77.0,12.3,0.0
2025-08-09 01:00:00+05:30,4042.9,27.6,83.0,4.6,0.0
2025-08-09 02:00:00+05:30,3844.5,26.9,84.0,6.3,0.0
2025-08-09 03:00:00+05:30,3731.6,26.9,81.0,6.1,0.0
2025-08-09 04:00:00+05:30,3616.2,26.6,84.0,4.8,0.0
2025-08-09 05:00:00+05:30,3698.0,26.5,83.0,3.8,0.0
2025-08-09 06:00:00+05:30,3939.0,26.6,84.0,8.9,5.3
2025-08-09 07:00:00+05:30,4201.4,26.9,78.0,5.1,18.6
2025-08-09 08:00:00+05:30,4513.9,27.6,84.0,6.1,48.6
2025-08-09 09:00:00+05:30,4875.5,28.8,82.0,6.2,74.0
2025-08-09 10:00:00+05:30,5273.1,30.1,80.0,6.8,94.2
2025-08-09 11:00:00+05:30,5480.0,30.9,79.0,12.0,69.1
2025-08-09 12:00:00+05:30,5782.3,32.0,78.0,11.4,72.2
2025-08-09 13:00:00+05:30,6016.0,32.7,73.0,9.4,73.4
2025-08-09 14:00:00+05:30,6240.9,33.6,74.0,10.1,42.1
2025-08-09 15:00:00+05:30,6333.7,33.6,83.0,9.7,63.3
2025-08-09 16:00:00+05:30,6360.9,33.6,78.0,10.4,39.0
2025-08-09 17:00:00+05:30,6240.9,33.9,76.0,13.9,17.7
2025-08-09 18:00:00+05:30,5905.5,33.4,78.0,9.1,1.5
2025-08-09 19:00:00+05:30,5770.9,32.6,70.0,9.6,0.0
2025-08-09 20:00:00+05:30,5783.6,31.9,80.0,9.3,0.0
2025-08-09 21:00:00+05:30,5370.5,30.9,73.0,8.2,0.0
2025-08-09 22:00:00+05:30,4989.9,29.7,82.0,10.0,0.0
2025-08-09 23:00:00+05:30,4578.4,29.1,77.0,4.4,0.0
2025-08-10 00:00:00+05:30,4350.8,28.5,80.0,8.6,0.0
2025-08-10 01:00:00+05:30,3930.7,27.4,86.0,5.8,0.0
2025-08-10 02:00:00+05:30,3749.8,27.0,80.0,4.9,0.0
2025-08-10 03:00:00+05:30,3627.7,26.4,83.0,4.6,0.0
2025-08-10 04:00:00+05:30,3639.2,26.7,84.0,6.2,0.0
2025-08-10 05:00:00+05:30,3836.7,27.2,85.0,6.6,0.0
2025-08-10 06:00:00+05:30,4099.1,28.2,86.0,0.0,3.2
2025-08-10 07:00:00+05:30,4436.8,28.9,80.0,6.0,13.7
2025-08-10 08:00:00+05:30,4855.5,28.8,78.0,4.1,61.7
2025-08-10 09:00:00+05:30,5172.0,29.5,81.0,9.6,61.8
2025-08-10 10:00:00+05:30,5481.5,30.4,84.0,13.4,100.2
2025-08-10 11:00:00+05:30,5730.5,31.7,77.0,3.7,85.7
2025-08-10 12:00:00+05:30,6041.6,33.2,74.0,11.7,26.5
2025-08-10 13:00:00+05:30,6167.7,33.6,76.0,11.7,84.6
2025-08-10 14:00:00+05:30,6428.1,34.8,72.0,8.8,51.8
2025-08-10 15:00:00+05:30,6603.9,35.1,80.0,12.9,49.4
2025-08-10 16:00:00+05:30,6517.1,34.9,75.0,17.3,37.7
2025-08-10 17:00:00+05:30,6236.1,34.7,74.0,13.2,19.2
2025-08-10 18:00:00+05:30,6009.2,34.4,79.0,12.6,1.5
2025-08-10 19:00:00+05:30,5844.6,33.4,77.0,7.4,0.0
2025-08-10 20:00:00+05:30,5735.9,31.9,73.0,10.1,0.0
2025-08-10 21:00:00+05:30,5499.3,31.3,79.0,7.8,0.0
2025-08-10 22:00:00+05:30,5000.6,30.6,83.0,5.7,0.0
2025-08-10 23:00:00+05:30,4627.5,29.4,83.0,7.2,0.0
2025-08-11 00:00:00+05:30,4692.4,28.4,76.0,6.5,0.0
2025-08-11 01:00:00+05:30,4482.5,27.5,89.0,7.6,0.0
2025-08-11 02:00:00+05:30,4141.6,26.7,82.0,3.6,0.0
2025-08-11 03:00:00+05:30,4157.3,26.9,82.0,6.9,0.0
2025-08-11 04:00:00+05:30,3980.3,26.3,86.0,2.1,0.0
2025-08-11 05:00:00+05:30,4120.1,27.0,87.0,3.2,0.0
2025-08-11 06:00:00+05:30,4469.2,27.5,82.0,3.6,3.6
2025-08-11 07:00:00+05:30,4728.9,27.6,80.0,0.5,19.1
2025-08-11 08:00:00+05:30,5082.8,28.2,89.0,7.7,41.7
2025-08-11 09:00:00+05:30,5384.0,29.1,75.0,8.9,94.5
2025-08-11 10:00:00+05:30,5826.2,30.1,86.0,10.4,80.3
2025-08-11 11:00:00+05:30,6034.6,31.3,77.0,10.8,96.0
2025-08-11 12:00:00+05:30,6195.3,32.2,74.0,9.0,80.3
2025-08-11 13:00:00+05:30,6584.3,33.2,77.0,5.8,76.5
2025-08-11 14:00:00+05:30,6714.5,32.8,82.0,12.6,58.9
2025-08-11 15:00:00+05:30,6729.2,33.1,75.0,12.7,62.1
2025-08-11 16:00:00+05:30,6700.8,33.0,78.0,14.3,28.4
2025-08-11 17:00:00+05:30,6518.2,33.2,80.0,10.9,19.3
2025-08-11 18:00:00+05:30,6151.3,32.5,81.0,12.4,3.4
2025-08-11 19:00:00+05:30,5947.2,31.6,80.0,15.6,0.0
2025-08-11 20:00:00+05:30,5970.4,30.7,84.0,11.0,0.0
2025-08-11 21:00:00+05:30,5697.9,29.9,84.0,12.9,0.0
2025-08-11 22:00:00+05:30,5339.6,29.4,81.0,5.1,0.0
2025-08-11 23:00:00+05:30,4956.0,28.3,81.0,3.2,0.0
2025-08-12 00:00:00+05:30,4623.6,27.4,85.0,6.7,0.0
2025-08-12 01:00:00+05:30,4303.9,27.7,84.0,7.7,0.0
2025-08-12 02:00:00+05:30,3933.6,27.4,82.0,5.0,0.0
2025-08-12 03:00:00+05:30,3892.1,27.5,78.0,2.9,0.0
2025-08-12 04:00:00+05:30,3989.9,28.2,78.0,7.3,0.0
2025-08-12 05:00:00+05:30,4089.8,28.4,84.0,5.2,0.0
2025-08-12 06:00:00+05:30,4301.8,28.6,83.0,4.2,2.8
2025-08-12 07:00:00+05:30,4822.3,29.4,81.0,7.7,23.2
2025-08-12 08:00:00+05:30,5280.4,30.2,78.0,3.5,56.6
2025-08-12 09:00:00+05:30,5862.8,31.6,75.0,10.4,30.1
2025-08-12 10:00:00+05:30,6310.6,32.8,73.0,10.6,77.9
2025-08-12 11:00:00+05:30,6630.2,34.1,76.0,6.3,95.4
2025-08-12 12:00:00+05:30,6801.3,34.5,75.0,10.0,81.6
2025-08-12 13:00:00+05:30,7096.3,35.2,76.0,7.3,65.3
2025-08-12 14:00:00+05:30,7283.1,35.8,71.0,5.8,33.9
2025-08-12 15:00:00+05:30,7315.9,36.4,72.0,12.4,61.7
2025-08-12 16:00:00+05:30,7341.5,36.2,76.0,12.5,34.8
2025-08-12 17:00:00+05:30,7148.7,36.1,73.0,14.1,9.6
2025-08-12 18:00:00+05:30,6931.8,36.0,76.0,12.9,2.8
2025-08-12 19:00:00+05:30,6744.1,35.6,70.0,12.5,0.0
2025-08-12 20:00:00+05:30,6929.5,34.9,77.0,9.5,0.0
2025-08-12 21:00:00+05:30,6458.0,33.8,76.0,5.9,0.0
2025-08-12 22:00:00+05:30,5966.5,32.8,80.0,12.6,0.0
2025-08-12 23:00:00+05:30,5469.8,31.1,80.0,9.1,0.0
2025-08-13 00:00:00+05:30,5115.9,30.0,78.0,2.9,0.0
2025-08-13 01:00:00+05:30,4846.7,29.0,83.0,3.9,0.0
2025-08-13 02:00:00+05:30,4707.7,28.9,80.0,2.6,0.0
2025-08-13 03:00:00+05:30,4620.1,28.9,78.0,4.8,0.0
2025-08-13 04:00:00+05:30,4515.7,29.0,81.0,3.0,0.0
2025-08-13 05:00:00+05:30,4583.3,29.4,77.0,5.4,0.0
2025-08-13 06:00:00+05:30,4925.6,30.3,79.0,3.0,4.6
2025-08-13 07:00:00+05:30,5400.2,31.2,75.0,8.2,23.2
2025-08-13 08:00:00+05:30,5928.5,31.8,83.0,7.3,33.6
2025-08-13 09:00:00+05:30,6265.1,33.0,74.0,8.1,78.8
2025-08-13 10:00:00+05:30,6635.3,33.9,79.0,8.8,81.5
2025-08-13 11:00:00+05:30,6818.7,34.3,76.0,5.1,79.0
2025-08-13 12:00:00+05:30,7116.4,35.4,72.0,9.7,53.2
2025-08-13 13:00:00+05:30,7339.6,35.8,71.0,12.4,102.7
2025-08-13 14:00:00+05:30,7471.9,36.7,69.0,12.3,130.8
2025-08-13 15:00:00+05:30,7656.3,36.6,74.0,8.0,56.4
2025-08-13 16:00:00+05:30,7572.7,36.2,74.0,11.1,37.1
2025-08-13 17:00:00+05:30,7242.0,35.4,73.0,14.5,17.6
2025-08-13 18:00:00+05:30,7063.5,35.6,76.0,10.4,2.7
2025-08-13 19:00:00+05:30,7032.6,35.6,72.0,12.2,0.0
2025-08-13 20:00:00+05:30,7039.9,34.5,78.0,12.0,0.0
2025-08-13 21:00:00+05:30,6505.7,33.1,78.0,8.8,0.0
2025-08-13 22:00:00+05:30,5820.2,31.7,80.0,11.7,0.0
2025-08-13 23:00:00+05:30,5411.1,30.5,72.0,10.0,0.0
2025-08-14 00:00:00+05:30,5097.0,29.6,81.0,4.9,0.0
2025-08-14 01:00:00+05:30,4668.1,28.5,78.0,1.0,0.0
2025-08-14 02:00:00+05:30,4468.4,27.6,84.0,4.8,0.0
2025-08-14 03:00:00+05:30,4406.6,27.4,85.0,8.5,0.0
2025-08-14 04:00:00+05:30,4318.7,27.3,76.0,3.4,0.0
2025-08-14 05:00:00+05:30,4584.8,27.2,82.0,7.6,0.0
2025-08-14 06:00:00+05:30,4681.4,27.3,77.0,2.8,4.0
2025-08-14 07:00:00+05:30,5147.6,28.2,79.0,4.5,19.8
2025-08-14 08:00:00+05:30,5566.7,28.8,79.0,1.7,31.0
2025-08-14 09:00:00+05:30,5993.4,29.3,88.0,7.4,52.7
2025-08-14 10:00:00+05:30,6288.3,29.9,87.0,5.2,24.1
2025-08-14 11:00:00+05:30,6335.4,30.7,76.0,2.9,67.8
2025-08-14 12:00:00+05:30,6579.7,31.9,77.0,9.5,82.1
2025-08-14 13:00:00+05:30,6748.1,33.3,68.0,10.6,182.8
2025-08-14 14:00:00+05:30,7095.5,33.8,82.0,11.0,76.1
2025-08-14 15:00:00+05:30,7131.8,34.3,75.0,12.4,74.9
2025-08-14 16:00:00+05:30,7084.8,34.4,76.0,12.0,48.5
2025-08-14 17:00:00+05:30,6770.1,34.3,75.0,11.1,16.2
2025-08-14 18:00:00+05:30,6427.7,33.6,75.0,10.1,2.4
2025-08-14 19:00:00+05:30,6417.3,33.0,73.0,14.8,0.0
2025-08-14 20:00:00+05:30,6337.9,32.5,77.0,3.0,0.0
2025-08-14 21:00:00+05:30,6090.3,31.6,84.0,12.6,0.0
2025-08-14 22:00:00+05:30,5590.9,30.5,83.0,8.4,0.0
2025-08-14 23:00:00+05:30,5201.8,29.6,82.0,3.9,0.0
2025-08-15 00:00:00+05:30,4341.1,28.2,76.0,6.2,0.0
2025-08-15 01:00:00+05:30,4013.8,26.8,84.0,3.3,0.0
2025-08-15 02:00:00+05:30,3805.7,26.1,87.0,5.9,0.0
2025-08-15 03:00:00+05:30,3570.1,25.6,84.0,8.2,0.0
2025-08-15 04:00:00+05:30,3401.3,24.8,90.0,5.9,0.0
2025-08-15 05:00:00+05:30,3441.5,25.6,87.0,5.2,0.0
2025-08-15 06:00:00+05:30,3664.0,26.0,85.0,3.2,3.5
2025-08-15 07:00:00+05:30,3949.1,26.8,83.0,9.5,22.3
2025-08-15 08:00:00+05:30,4394.8,28.1,82.0,7.6,51.3
2025-08-15 09:00:00+05:30,4825.9,28.9,90.0,10.2,39.6
2025-08-15 10:00:00+05:30,5207.8,30.2,76.0,7.8,63.7
2025-08-15 11:00:00+05:30,5481.6,31.7,78.0,12.2,91.1
2025-08-15 12:00:00+05:30,5795.7,32.8,82.0,10.4,105.8
2025-08-15 13:00:00+05:30,5959.9,33.2,78.0,10.5,87.4
2025-08-15 14:00:00+05:30,6142.3,33.6,79.0,10.9,76.1
2025-08-15 15:00:00+05:30,6230.4,34.2,76.0,12.1,26.4
2025-08-15 16:00:00+05:30,6081.1,34.0,76.0,10.0,29.3
2025-08-15 17:00:00+05:30,5904.6,33.7,81.0,11.8,16.3
2025-08-15 18:00:00+05:30,5471.5,33.2,79.0,10.3,3.3
2025-08-15 19:00:00+05:30,5512.9,33.1,79.0,17.0,0.0
2025-08-15 20:00:00+05:30,5426.4,32.0,80.0,12.7,0.0
2025-08-15 21:00:00+05:30,5199.6,31.1,83.0,10.0,0.0
2025-08-15 22:00:00+05:30,4868.2,30.1,78.0,9.4,0.0
2025-08-15 23:00:00+05:30,4483.2,29.5,77.0,5.5,0.0
2025-08-16 00:00:00+05:30,4121.0,28.7,81.0,5.7,0.0
2025-08-16 01:00:00+05:30,3886.4,28.0,82.0,5.7,0.0
2025-08-16 02:00:00+05:30,3778.2,27.2,83.0,4.3,0.0
2025-08-16 03:00:00+05:30,3671.7,27.1,77.0,10.6,0.0
2025-08-16 04:00:00+05:30,3688.5,27.1,80.0,3.3,0.0
2025-08-16 05:00:00+05:30,3693.2,26.8,84.0,2.8,0.0
2025-08-16 06:00:00+05:30,3900.0,26.7,87.0,11.3,5.4
2025-08-16 07:00:00+05:30,4054.1,27.5,83.0,3.0,13.2
2025-08-16 08:00:00+05:30,4400.1,28.2,81.0,9.0,51.9
2025-08-16 09:00:00+05:30,4865.9,29.5,81.0,9.4,58.7
2025-08-16 10:00:00+05:30,5132.2,30.2,82.0,11.3,62.4
2025-08-16 11:00:00+05:30,5401.6,31.3,84.0,10.3,51.8
2025-08-16 12:00:00+05:30,5493.3,31.8,78.0,8.6,79.1
2025-08-16 13:00:00+05:30,5698.2,32.4,77.0,13.5,65.8
2025-08-16 14:00:00+05:30,5853.3,32.9,77.0,12.3,117.7
2025-08-16 15:00:00+05:30,5838.8,32.9,81.0,15.5,39.1
2025-08-16 16:00:00+05:30,5910.8,33.8,82.0,11.0,19.2
2025-08-16 17:00:00+05:30,5692.5,33.8,73.0,13.8,21.8
2025-08-16 18:00:00+05:30,5553.2,33.6,79.0,8.5,3.4
2025-08-16 19:00:00+05:30,5447.2,33.1,81.0,9.4,0.0
2025-08-16 20:00:00+05:30,5352.2,32.2,74.0,8.0,0.0
2025-08-16 21:00:00+05:30,5236.3,31.7,81.0,9.4,0.0
2025-08-16 22:00:00+05:30,4763.1,30.1,79.0,6.3,0.0
2025-08-16 23:00:00+05:30,4450.8,29.3,82.0,7.0,0.0
2025-08-17 00:00:00+05:30,4341.5,28.3,83.0,3.8,0.0
2025-08-17 01:00:00+05:30,4032.6,27.4,86.0,4.5,0.0
2025-08-17 02:00:00+05:30,3817.7,26.4,89.0,3.1,0.0
2025-08-17 03:00:00+05:30,3690.7,26.3,81.0,2.8,0.0
2025-08-17 04:00:00+05:30,3655.0,26.4,84.0,1.6,0.0
2025-08-17 05:00:00+05:30,3697.2,26.8,82.0,4.9,0.0
2025-08-17 06:00:00+05:30,3928.6,27.1,83.0,0.1,2.6
2025-08-17 07:00:00+05:30,4415.5,27.5,87.0,3.4,14.2
2025-08-17 08:00:00+05:30,4727.0,28.3,80.0,8.7,31.6
2025-08-17 09:00:00+05:30,5105.2,29.7,82.0,7.4,25.3
2025-08-17 10:00:00+05:30,5220.1,30.5,76.0,3.8,73.8
2025-08-17 11:00:00+05:30,5671.5,32.1,78.0,11.5,110.9
2025-08-17 12:00:00+05:30,5839.6,32.7,77.0,5.8,99.0
2025-08-17 13:00:00+05:30,5992.4,33.2,74.0,9.9,39.0
2025-08-17 14:00:00+05:30,6172.9,34.3,76.0,15.9,84.8
2025-08-17 15:00:00+05:30,6429.7,35.6,74.0,15.5,20.9
2025-08-17 16:00:00+05:30,6491.9,35.9,74.0,11.2,31.4
2025-08-17 17:00:00+05:30,6199.4,35.5,69.0,15.2,43.0
2025-08-17 18:00:00+05:30,5910.6,34.3,76.0,11.7,5.1
2025-08-17 19:00:00+05:30,5870.2,33.9,77.0,10.8,0.0
2025-08-17 20:00:00+05:30,5856.4,33.2,76.0,5.5,0.0
2025-08-17 21:00:00+05:30,5592.4,32.9,71.0,9.5,0.0
2025-08-17 22:00:00+05:30,5184.1,32.1,77.0,6.9,0.0
2025-08-17 23:00:00+05:30,4805.5,31.3,81.0,7.7,0.0
2025-08-18 00:00:00+05:30,4802.7,30.1,77.0,8.6,0.0
2025-08-18 01:00:00+05:30,4478.6,29.2,77.0,5.2,0.0
2025-08-18 02:00:00+05:30,4313.6,28.4,84.0,5.3,0.0
2025-08-18 03:00:00+05:30,4180.0,28.7,78.0,2.0,0.0
2025-08-18 04:00:00+05:30,4162.2,29.1,85.0,8.8,0.0
2025-08-18 05:00:00+05:30,4299.7,28.9,76.0,1.9,0.0
2025-08-18 06:00:00+05:30,4529.2,29.2,82.0,5.1,4.3
2025-08-18 07:00:00+05:30,4847.0,29.9,81.0,2.8,21.7
2025-08-18 08:00:00+05:30,5310.4,30.3,77.0,10.6,48.4
2025-08-18 09:00:00+05:30,5787.8,31.2,80.0,9.5,55.6
2025-08-18 10:00:00+05:30,6127.5,32.4,83.0,8.9,94.8
2025-08-18 11:00:00+05:30,6547.6,33.1,74.0,9.1,50.6
2025-08-18 12:00:00+05:30,6777.6,33.8,75.0,9.3,76.3
2025-08-18 13:00:00+05:30,7136.4,34.7,79.0,8.8,82.6
2025-08-18 14:00:00+05:30,7284.6,36.2,70.0,13.0,172.9
2025-08-18 15:00:00+05:30,7411.3,36.2,74.0,9.1,17.3
2025-08-18 16:00:00+05:30,7433.7,36.2,72.0,10.8,34.0
2025-08-18 17:00:00+05:30,7117.4,35.9,73.0,13.2,21.5
2025-08-18 18:00:00+05:30,6739.5,35.1,71.0,13.8,4.3
2025-08-18 19:00:00+05:30,6669.2,34.5,78.0,12.1,0.0
2025-08-18 20:00:00+05:30,6583.9,33.4,79.0,12.1,0.0
2025-08-18 21:00:00+05:30,6274.4,32.8,75.0,9.9,0.0
2025-08-18 22:00:00+05:30,5833.5,31.7,80.0,8.2,0.0
2025-08-18 23:00:00+05:30,5341.7,30.3,78.0,7.3,0.0
2025-08-19 00:00:00+05:30,5130.9,29.4,84.0,4.6,0.0
2025-08-19 01:00:00+05:30,4754.0,28.3,80.0,5.1,0.0
2025-08-19 02:00:00+05:30,4480.7,27.8,77.0,6.7,0.0
2025-08-19 03:00:00+05:30,4333.4,27.5,79.0,3.9,0.0
2025-08-19 04:00:00+05:30,4376.3,27.6,80.0,2.3,0.0
2025-08-19 05:00:00+05:30,4485.3,27.6,81.0,5.8,0.0
2025-08-19 06:00:00+05:30,4829.4,27.9,80.0,6.3,5.4
2025-08-19 07:00:00+05:30,5103.8,28.3,83.0,4.6,20.2
2025-08-19 08:00:00+05:30,5307.1,29.0,80.0,3.5,36.5
2025-08-19 09:00:00+05:30,5679.4,29.8,79.0,9.9,41.6
2025-08-19 10:00:00+05:30,5998.8,30.7,74.0,9.7,56.7
2025-08-19 11:00:00+05:30,6271.1,32.2,74.0,11.9,49.5
2025-08-19 12:00:00+05:30,6550.3,33.0,73.0,12.4,109.8
2025-08-19 13:00:00+05:30,6730.6,34.1,74.0,11.9,85.6
2025-08-19 14:00:00+05:30,6920.8,34.6,77.0,13.1,71.7
2025-08-19 15:00:00+05:30,7021.5,34.6,73.0,9.6,31.8
2025-08-19 16:00:00+05:30,7005.3,35.0,73.0,14.5,36.8
2025-08-19 17:00:00+05:30,6858.0,35.0,74.0,10.8,19.3
2025-08-19 18:00:00+05:30,6568.1,34.4,75.0,7.4,3.1
2025-08-19 19:00:00+05:30,6289.0,33.7,75.0,11.7,0.0
2025-08-19 20:00:00+05:30,6247.9,32.4,77.0,11.2,0.0
2025-08-19 21:00:00+05:30,5899.7,31.2,83.0,12.6,0.0
2025-08-19 22:00:00+05:30,5452.6,30.1,78.0,12.4,0.0
2025-08-19 23:00:00+05:30,5158.9,29.2,84.0,6.1,0.0
2025-08-20 00:00:00+05:30,4687.6,28.0,87.0,7.7,0.0
2025-08-20 01:00:00+05:30,4356.3,27.1,84.0,4.0,0.0
2025-08-20 02:00:00+05:30,4136.9,26.0,79.0,4.4,0.0
2025-08-20 03:00:00+05:30,3959.9,25.8,81.0,0.6,0.0
2025-08-20 04:00:00+05:30,3920.1,25.9,81.0,2.5,0.0
2025-08-20 05:00:00+05:30,3872.2,25.5,85.0,8.1,0.0
2025-08-20 06:00:00+05:30,4028.8,25.4,83.0,4.5,3.7
2025-08-20 07:00:00+05:30,4420.9,25.5,82.0,5.6,25.6
2025-08-20 08:00:00+05:30,4719.6,26.7,81.0,7.0,54.0
2025-08-20 09:00:00+05:30,5116.7,27.9,80.0,3.7,70.5
2025-08-20 10:00:00+05:30,5528.5,29.2,81.0,5.4,80.5
2025-08-20 11:00:00+05:30,5809.6,29.7,84.0,8.3,69.1
2025-08-20 12:00:00+05:30,6046.2,30.7,81.0,14.2,41.3
2025-08-20 13:00:00+05:30,6260.9,31.6,78.0,7.3,70.6
2025-08-20 14:00:00+05:30,6357.1,32.5,71.0,15.9,58.7
2025-08-20 15:00:00+05:30,6493.1,32.7,78.0,12.1,58.5
2025-08-20 16:00:00+05:30,6325.8,32.9,68.0,11.8,105.0
2025-08-20 17:00:00+05:30,6205.7,32.9,78.0,10.4,12.2
2025-08-20 18:00:00+05:30,5973.0,32.8,79.0,13.3,3.8
2025-08-20 19:00:00+05:30,5790.3,31.7,84.0,7.3,0.0
2025-08-20 20:00:00+05:30,5724.3,30.4,81.0,15.0,0.0
2025-08-20 21:00:00+05:30,5450.8,29.7,82.0,10.1,0.0
2025-08-20 22:00:00+05:30,4954.8,28.5,79.0,9.1,0.0
2025-08-20 23:00:00+05:30,4533.6,27.4,83.0,5.9,0.0
2025-08-21 00:00:00+05:30,4292.8,26.5,85.0,9.0,0.0
2025-08-21 01:00:00+05:30,4082.4,26.0,90.0,4.1,0.0
2025-08-21 02:00:00+05:30,3951.3,25.8,86.0,9.2,0.0
2025-08-21 03:00:00+05:30,3786.7,25.4,85.0,4.0,0.0
2025-08-21 04:00:00+05:30,3731.8,25.3,89.0,5.0,0.0
2025-08-21 05:00:00+05:30,3784.6,25.6,85.0,4.4,0.0
2025-08-21 06:00:00+05:30,3939.0,26.2,83.0,2.5,4.9
2025-08-21 07:00:00+05:30,4321.2,26.7,80.0,3.6,20.6
2025-08-21 08:00:00+05:30,4672.3,27.5,81.0,4.6,32.5
2025-08-21 09:00:00+05:30,5122.4,28.1,82.0,10.3,58.8
2025-08-21 10:00:00+05:30,5372.2,29.1,76.0,8.6,86.7
2025-08-21 11:00:00+05:30,5602.2,29.9,81.0,11.0,64.1
2025-08-21 12:00:00+05:30,5832.5,31.2,77.0,8.9,90.7
2025-08-21 13:00:00+05:30,6195.9,32.1,79.0,12.9,54.1
2025-08-21 14:00:00+05:30,6308.4,32.5,74.0,12.9,88.9
2025-08-21 15:00:00+05:30,6560.0,33.2,83.0,11.9,45.8
2025-08-21 16:00:00+05:30,6457.4,33.3,80.0,9.2,39.4
2025-08-21 17:00:00+05:30,6166.5,33.4,77.0,12.7,18.1
2025-08-21 18:00:00+05:30,5717.3,32.8,77.0,11.4,4.7
2025-08-21 19:00:00+05:30,5723.3,32.0,78.0,10.0,0.0
2025-08-21 20:00:00+05:30,5764.5,31.3,77.0,10.0,0.0
2025-08-21 21:00:00+05:30,5558.9,31.1,76.0,7.5,0.0
2025-08-21 22:00:00+05:30,5121.6,30.1,80.0,7.3,0.0
2025-08-21 23:00:00+05:30,4834.7,30.0,79.0,11.1,0.0
2025-08-22 00:00:00+05:30,4429.4,28.3,77.0,2.6,0.0
2025-08-22 01:00:00+05:30,4194.2,27.0,79.0,5.8,0.0
2025-08-22 02:00:00+05:30,4000.0,26.5,79.0,9.1,0.0
2025-08-22 03:00:00+05:30,3891.4,26.3,85.0,4.9,0.0
2025-08-22 04:00:00+05:30,3897.5,26.2,81.0,4.3,0.0
2025-08-22 05:00:00+05:30,3763.4,26.1,88.0,5.1,0.0
2025-08-22 06:00:00+05:30,4032.6,27.1,81.0,4.7,5.2
2025-08-22 07:00:00+05:30,4463.6,27.7,76.0,0.4,19.0
2025-08-22 08:00:00+05:30,4942.0,28.2,74.0,5.6,18.3
2025-08-22 09:00:00+05:30,5382.6,29.0,81.0,7.1,53.7
2025-08-22 10:00:00+05:30,5627.8,29.6,80.0,8.2,61.1
2025-08-22 11:00:00+05:30,5914.2,30.9,81.0,10.2,94.6
2025-08-22 12:00:00+05:30,6102.8,31.7,77.0,15.5,107.9
2025-08-22 13:00:00+05:30,6333.5,32.4,75.0,12.2,103.9
2025-08-22 14:00:00+05:30,6532.4,33.0,76.0,12.6,91.8
2025-08-22 15:00:00+05:30,6727.6,33.3,76.0,10.9,51.4
2025-08-22 16:00:00+05:30,6738.6,33.5,78.0,14.9,29.9
2025-08-22 17:00:00+05:30,6514.2,33.7,78.0,12.5,12.8
2025-08-22 18:00:00+05:30,5927.4,32.4,74.0,11.9,4.0
2025-08-22 19:00:00+05:30,5747.6,31.5,79.0,11.1,0.0
2025-08-22 20:00:00+05:30,5886.5,31.2,75.0,8.8,0.0
2025-08-22 21:00:00+05:30,5500.9,29.7,77.0,11.7,0.0
2025-08-22 22:00:00+05:30,5044.1,29.2,78.0,12.4,0.0
2025-08-22 23:00:00+05:30,4589.4,27.5,86.0,7.7,0.0
2025-08-23 00:00:00+05:30,3869.7,26.1,79.0,7.8,0.0
2025-08-23 01:00:00+05:30,3644.7,25.1,80.0,6.7,0.0
2025-08-23 02:00:00+05:30,3456.4,24.7,82.0,6.3,0.0
2025-08-23 03:00:00+05:30,3298.9,24.5,83.0,3.0,0.0
2025-08-23 04:00:00+05:30,3285.4,24.6,81.0,4.0,0.0
2025-08-23 05:00:00+05:30,3440.2,25.0,82.0,6.0,0.0
2025-08-23 06:00:00+05:30,3694.4,26.0,84.0,6.1,3.7
2025-08-23 07:00:00+05:30,3929.7,26.5,77.0,0.0,15.6
2025-08-23 08:00:00+05:30,4219.0,27.1,79.0,5.5,31.9
2025-08-23 09:00:00+05:30,4489.8,27.8,83.0,4.6,37.3
2025-08-23 10:00:00+05:30,4867.5,29.1,83.0,8.9,95.9
2025-08-23 11:00:00+05:30,5189.5,30.4,78.0,7.9,93.8
2025-08-23 12:00:00+05:30,5430.0,31.5,84.0,11.2,31.5
2025-08-23 13:00:00+05:30,5716.3,32.5,77.0,14.6,111.7
2025-08-23 14:00:00+05:30,5962.9,33.3,75.0,9.5,77.5
2025-08-23 15:00:00+05:30,6181.4,33.5,79.0,10.5,49.0
2025-08-23 16:00:00+05:30,6055.7,33.2,76.0,8.2,38.4
2025-08-23 17:00:00+05:30,5877.9,33.4,74.0,12.5,20.2
2025-08-23 18:00:00+05:30,5599.2,32.9,72.0,10.8,4.6
2025-08-23 19:00:00+05:30,5653.8,32.4,72.0,11.2,0.0
2025-08-23 20:00:00+05:30,5696.7,32.1,75.0,10.3,0.0
2025-08-23 21:00:00+05:30,5468.9,31.7,75.0,8.4,0.0
2025-08-23 22:00:00+05:30,4976.3,30.8,76.0,7.7,0.0
2025-08-23 23:00:00+05:30,4542.9,29.7,75.0,8.5,0.0
2025-08-24 00:00:00+05:30,4259.5,28.7,72.0,5.3,0.0
2025-08-24 01:00:00+05:30,3943.8,27.5,80.0,5.7,0.0
2025-08-24 02:00:00+05:30,3799.5,26.9,84.0,4.9,0.0
2025-08-24 03:00:00+05:30,3635.6,26.9,76.0,4.0,0.0
2025-08-24 04:00:00+05:30,3601.4,26.7,87.0,6.3,0.0
2025-08-24 05:00:00+05:30,3755.7,27.4,81.0,3.5,0.0
2025-08-24 06:00:00+05:30,4062.6,28.3,76.0,3.4,4.8
2025-08-24 07:00:00+05:30,4431.5,28.4,80.0,1.8,18.5
2025-08-24 08:00:00+05:30,4714.0,28.8,79.0,7.2,34.3
2025-08-24 09:00:00+05:30,5096.5,29.3,84.0,6.5,54.3
2025-08-24 10:00:00+05:30,5382.6,30.8,76.0,8.2,84.1
2025-08-24 11:00:00+05:30,5688.2,31.7,77.0,8.3,50.3
2025-08-24 12:00:00+05:30,6031.6,33.1,73.0,7.8,39.7
2025-08-24 13:00:00+05:30,6292.1,34.1,73.0,10.9,30.0
2025-08-24 14:00:00+05:30,6542.3,34.8,75.0,13.0,79.7
2025-08-24 15:00:00+05:30,6634.6,35.4,70.0,5.4,127.3
2025-08-24 16:00:00+05:30,6580.4,34.9,74.0,12.3,46.8
2025-08-24 17:00:00+05:30,6268.4,34.9,75.0,12.3,25.8
2025-08-24 18:00:00+05:30,6067.3,34.6,70.0,11.3,3.0
2025-08-24 19:00:00+05:30,6040.3,34.0,76.0,5.5,0.0
2025-08-24 20:00:00+05:30,6044.2,33.8,76.0,12.4,0.0
2025-08-24 21:00:00+05:30,5711.9,33.1,76.0,8.0,0.0
2025-08-24 22:00:00+05:30,5405.5,32.4,82.0,5.2,0.0
2025-08-24 23:00:00+05:30,4964.4,31.5,82.0,0.9,0.0
2025-08-25 00:00:00+05:30,4881.3,30.5,74.0,5.4,0.0
2025-08-25 01:00:00+05:30,4501.7,29.7,74.0,2.1,0.0
2025-08-25 02:00:00+05:30,4266.9,28.7,76.0,3.9,0.0
2025-08-25 03:00:00+05:30,4168.0,28.4,75.0,1.6,0.0
2025-08-25 04:00:00+05:30,4199.0,28.0,78.0,6.7,0.0
2025-08-25 05:00:00+05:30,4390.7,28.1,82.0,7.5,0.0
2025-08-25 06:00:00+05:30,4617.5,28.1,77.0,5.0,4.9
2025-08-25 07:00:00+05:30,4798.4,28.4,77.0,9.8,18.9
2025-08-25 08:00:00+05:30,5344.6,29.7,79.0,1.8,40.1
2025-08-25 09:00:00+05:30,5837.6,31.3,73.0,9.9,40.5
2025-08-25 10:00:00+05:30,6200.7,31.9,75.0,13.4,47.6
2025-08-25 11:00:00+05:30,6442.9,32.9,74.0,11.5,125.0
2025-08-25 12:00:00+05:30,6844.6,33.4,76.0,12.2,75.8
2025-08-25 13:00:00+05:30,6959.8,33.8,71.0,6.4,81.3
2025-08-25 14:00:00+05:30,7089.3,34.2,67.0,11.3,177.0
2025-08-25 15:00:00+05:30,7223.3,34.7,65.0,15.0,134.6
2025-08-25 16:00:00+05:30,7338.2,34.9,75.0,9.6,41.3
2025-08-25 17:00:00+05:30,6966.8,34.6,77.0,7.8,16.3
2025-08-25 18:00:00+05:30,6762.1,34.4,76.0,13.3,2.8
2025-08-25 19:00:00+05:30,6613.0,34.1,76.0,7.3,0.0
2025-08-25 20:00:00+05:30,6550.3,33.0,77.0,11.4,0.0
2025-08-25 21:00:00+05:30,6180.0,31.9,76.0,5.1,0.0
2025-08-25 22:00:00+05:30,5591.2,30.6,74.0,6.1,0.0
2025-08-25 23:00:00+05:30,5175.3,29.6,78.0,6.3,0.0
2025-08-26 00:00:00+05:30,4842.1,28.8,76.0,1.9,0.0
2025-08-26 01:00:00+05:30,4458.4,27.6,85.0,9.6,0.0
2025-08-26 02:00:00+05:30,4316.4,27.1,79.0,7.4,0.0
2025-08-26 03:00:00+05:30,4190.5,26.3,78.0,4.4,0.0
2025-08-26 04:00:00+05:30,4247.5,27.0,81.0,4.3,0.0
2025-08-26 05:00:00+05:30,4264.5,27.2,79.0,4.0,0.0
2025-08-26 06:00:00+05:30,4506.2,27.8,78.0,7.5,3.6
2025-08-26 07:00:00+05:30,4921.1,28.2,81.0,1.6,25.0
2025-08-26 08:00:00+05:30,5148.1,28.5,79.0,3.7,35.1
2025-08-26 09:00:00+05:30,5501.3,29.4,77.0,4.5,30.1
2025-08-26 10:00:00+05:30,5888.2,30.7,79.0,7.8,51.9
2025-08-26 11:00:00+05:30,6225.2,32.2,76.0,5.9,79.2
2025-08-26 12:00:00+05:30,6561.7,33.5,74.0,13.8,66.0
2025-08-26 13:00:00+05:30,6834.2,34.0,77.0,8.2,118.3
2025-08-26 14:00:00+05:30,6813.9,34.4,66.0,7.4,188.9
2025-08-26 15:00:00+05:30,7075.8,34.9,76.0,17.3,71.9
2025-08-26 16:00:00+05:30,6974.3,34.6,68.0,13.2,90.7
2025-08-26 17:00:00+05:30,6897.6,34.9,76.0,8.3,17.7
2025-08-26 18:00:00+05:30,6408.3,34.1,69.0,9.3,7.9
2025-08-26 19:00:00+05:30,6404.8,33.7,75.0,10.8,0.0
2025-08-26 20:00:00+05:30,6245.7,32.4,74.0,4.7,0.0
2025-08-26 21:00:00+05:30,5849.4,31.5,77.0,14.8,0.0
2025-08-26 22:00:00+05:30,5445.2,31.0,75.0,5.5,0.0
2025-08-26 23:00:00+05:30,5003.5,29.6,78.0,4.3,0.0
2025-08-27 00:00:00+05:30,4846.5,29.3,76.0,2.3,0.0
2025-08-27 01:00:00+05:30,4568.6,29.0,77.0,1.5,0.0
2025-08-27 02:00:00+05:30,4292.9,28.4,79.0,4.4,0.0
2025-08-27 03:00:00+05:30,4225.5,28.1,85.0,1.2,0.0
2025-08-27 04:00:00+05:30,4034.1,27.5,76.0,8.4,0.0
2025-08-27 05:00:00+05:30,4101.3,27.4,84.0,4.2,0.0
2025-08-27 06:00:00+05:30,4491.1,27.7,73.0,6.9,5.6
2025-08-27 07:00:00+05:30,4870.5,28.5,73.0,3.0,18.8
2025-08-27 08:00:00+05:30,5403.8,29.9,78.0,4.6,44.4
2025-08-27 09:00:00+05:30,5727.9,30.9,76.0,6.9,36.1
2025-08-27 10:00:00+05:30,6179.6,32.2,76.0,7.5,20.0
2025-08-27 11:00:00+05:30,6501.2,33.1,73.0,14.3,73.9
2025-08-27 12:00:00+05:30,6488.8,33.3,76.0,12.5,47.2
2025-08-27 13:00:00+05:30,6766.6,34.2,73.0,7.7,80.7
2025-08-27 14:00:00+05:30,7223.0,35.4,71.0,9.3,84.3
2025-08-27 15:00:00+05:30,7421.1,35.7,77.0,8.8,46.4
2025-08-27 16:00:00+05:30,7303.3,35.4,74.0,8.5,47.7
2025-08-27 17:00:00+05:30,7078.1,35.7,74.0,11.4,19.8
2025-08-27 18:00:00+05:30,6812.1,35.6,69.0,8.2,10.0
2025-08-27 19:00:00+05:30,6580.4,34.8,73.0,7.7,0.0
2025-08-27 20:00:00+05:30,6522.0,34.0,72.0,4.7,0.0
2025-08-27 21:00:00+05:30,6089.9,33.1,69.0,12.0,0.0
2025-08-27 22:00:00+05:30,5680.8,31.9,74.0,7.4,0.0
2025-08-27 23:00:00+05:30,5426.3,31.2,72.0,10.4,0.0
2025-08-28 00:00:00+05:30,4996.9,29.8,78.0,0.9,0.0
2025-08-28 01:00:00+05:30,4506.0,28.6,77.0,1.1,0.0
2025-08-28 02:00:00+05:30,4394.3,28.5,75.0,0.4,0.0
2025-08-28 03:00:00+05:30,4231.6,28.1,78.0,6.4,0.0
2025-08-28 04:00:00+05:30,4162.5,28.2,75.0,4.0,0.0
2025-08-28 05:00:00+05:30,4296.5,27.9,77.0,1.4,0.0
2025-08-28 06:00:00+05:30,4546.5,28.2,79.0,0.0,5.1
2025-08-28 07:00:00+05:30,5101.3,29.5,78.0,8.0,19.0
2025-08-28 08:00:00+05:30,5490.5,30.6,80.0,7.7,41.9
2025-08-28 09:00:00+05:30,5854.8,31.4,79.0,2.3,88.7
2025-08-28 10:00:00+05:30,6261.5,32.8,75.0,10.3,65.5
2025-08-28 11:00:00+05:30,6473.8,34.3,70.0,8.0,195.2
2025-08-28 12:00:00+05:30,6911.6,35.4,72.0,7.0,99.0
2025-08-28 13:00:00+05:30,7029.5,35.8,69.0,12.4,193.0
2025-08-28 14:00:00+05:30,7400.3,36.3,69.0,8.6,145.8
2025-08-28 15:00:00+05:30,7509.7,36.7,69.0,6.6,155.0
2025-08-28 16:00:00+05:30,7419.2,36.1,67.0,13.1,95.1
2025-08-28 17:00:00+05:30,7231.9,36.5,66.0,12.7,29.1
2025-08-28 18:00:00+05:30,7120.1,37.0,70.0,7.9,7.4
2025-08-28 19:00:00+05:30,6905.3,36.0,73.0,8.4,0.0
2025-08-28 20:00:00+05:30,6994.9,35.5,72.0,10.1,0.0
2025-08-28 21:00:00+05:30,6601.2,34.3,73.0,8.9,0.0
2025-08-28 22:00:00+05:30,6027.7,32.9,71.0,7.2,0.0
2025-08-28 23:00:00+05:30,5783.5,32.4,77.0,6.1,0.0
2025-08-29 00:00:00+05:30,5330.9,31.7,71.0,7.9,0.0
2025-08-29 01:00:00+05:30,4947.7,30.7,73.0,0.0,0.0
2025-08-29 02:00:00+05:30,4617.3,29.5,82.0,6.3,0.0
2025-08-29 03:00:00+05:30,4428.5,29.3,81.0,6.7,0.0
2025-08-29 04:00:00+05:30,4300.6,29.1,78.0,6.3,0.0
2025-08-29 05:00:00+05:30,4532.3,28.6,77.0,2.9,0.0
2025-08-29 06:00:00+05:30,4755.2,28.2,83.0,5.5,4.5
2025-08-29 07:00:00+05:30,5104.6,28.9,74.0,7.2,26.0
2025-08-29 08:00:00+05:30,5592.3,29.8,79.0,7.7,38.1
2025-08-29 09:00:00+05:30,5959.2,30.6,74.0,8.5,61.4
2025-08-29 10:00:00+05:30,6299.8,31.1,77.0,6.6,43.3
2025-08-29 11:00:00+05:30,6460.8,32.0,72.0,11.2,60.4
2025-08-29 12:00:00+05:30,6661.6,33.0,73.0,9.3,62.8
2025-08-29 13:00:00+05:30,6972.1,33.7,75.0,12.6,80.2
2025-08-29 14:00:00+05:30,7146.6,33.4,74.0,15.5,23.0
2025-08-29 15:00:00+05:30,7269.9,33.4,75.0,10.9,53.0
2025-08-29 16:00:00+05:30,7163.0,34.2,72.0,10.3,44.9
2025-08-29 17:00:00+05:30,6960.0,34.1,77.0,13.4,5.9
2025-08-29 18:00:00+05:30,6622.7,34.0,72.0,11.1,3.6
2025-08-29 19:00:00+05:30,6418.3,32.5,77.0,12.6,0.0
2025-08-29 20:00:00+05:30,6243.2,31.3,77.0,12.5,0.0
2025-08-29 21:00:00+05:30,5836.9,30.5,75.0,8.6,0.0
2025-08-29 22:00:00+05:30,5427.8,29.3,75.0,3.9,0.0
2025-08-29 23:00:00+05:30,5013.1,28.2,79.0,5.0,0.0
2025-08-30 00:00:00+05:30,4303.7,26.8,84.0,5.3,0.0
2025-08-30 01:00:00+05:30,4128.9,26.7,84.0,7.5,0.0
2025-08-30 02:00:00+05:30,3838.5,25.9,79.0,6.9,0.0
2025-08-30 03:00:00+05:30,3609.1,25.4,81.0,5.4,0.0
2025-08-30 04:00:00+05:30,3665.1,25.6,85.0,6.0,0.0
2025-08-30 05:00:00+05:30,3573.8,25.6,77.0,5.4,0.0
2025-08-30 06:00:00+05:30,3791.8,25.9,82.0,7.8,5.2
2025-08-30 07:00:00+05:30,4168.4,26.5,85.0,4.6,21.0
2025-08-30 08:00:00+05:30,4499.5,27.4,80.0,5.8,48.9
2025-08-30 09:00:00+05:30,4890.7,28.7,81.0,5.3,64.0
2025-08-30 10:00:00+05:30,5319.7,29.7,77.0,9.0,68.4
2025-08-30 11:00:00+05:30,5579.6,31.1,74.0,8.0,79.3
2025-08-30 12:00:00+05:30,5908.0,32.5,76.0,7.4,56.5
2025-08-30 13:00:00+05:30,6065.0,33.8,74.0,9.2,91.9
2025-08-30 14:00:00+05:30,6291.4,35.0,68.0,11.8,142.2
2025-08-30 15:00:00+05:30,6361.3,35.3,69.0,19.3,137.5
2025-08-30 16:00:00+05:30,6353.3,35.7,69.0,14.1,91.2
2025-08-30 17:00:00+05:30,6302.0,35.7,74.0,10.6,14.8
2025-08-30 18:00:00+05:30,5985.1,35.2,75.0,15.7,5.0
2025-08-30 19:00:00+05:30,5947.0,34.3,75.0,6.2,0.0
2025-08-30 20:00:00+05:30,6003.5,33.8,69.0,9.9,0.0
2025-08-30 21:00:00+05:30,5654.9,32.5,76.0,8.4,0.0
2025-08-30 22:00:00+05:30,5216.8,31.4,74.0,8.2,0.0
2025-08-30 23:00:00+05:30,4869.0,30.4,78.0,1.5,0.0
2025-08-31 00:00:00+05:30,4570.9,29.2,78.0,8.7,0.0
2025-08-31 01:00:00+05:30,4283.1,27.9,80.0,3.1,0.0
2025-08-31 02:00:00+05:30,4087.8,27.8,81.0,5.3,0.0
2025-08-31 03:00:00+05:30,3815.0,27.1,81.0,6.6,0.0
2025-08-31 04:00:00+05:30,3732.0,27.1,76.0,2.4,0.0
2025-08-31 05:00:00+05:30,3827.3,27.3,74.0,3.4,0.0
2025-08-31 06:00:00+05:30,3989.3,27.9,71.0,6.3,6.3
2025-08-31 07:00:00+05:30,4366.3,28.4,76.0,3.1,22.1
2025-08-31 08:00:00+05:30,4685.4,28.7,76.0,4.3,43.1
2025-08-31 09:00:00+05:30,4965.4,29.3,76.0,2.6,77.1
2025-08-31 10:00:00+05:30,5387.6,30.7,76.0,12.0,113.7
2025-08-31 11:00:00+05:30,5708.4,32.0,72.0,8.4,92.1
2025-08-31 12:00:00+05:30,5959.5,33.3,71.0,6.5,66.6
2025-08-31 13:00:00+05:30,6323.1,34.1,75.0,10.3,61.6
2025-08-31 14:00:00+05:30,6549.3,35.2,70.0,11.1,155.6
2025-08-31 15:00:00+05:30,6512.1,35.3,69.0,10.9,144.3
2025-08-31 16:00:00+05:30,6655.9,35.8,71.0,11.4,37.6
2025-08-31 17:00:00+05:30,6456.9,36.4,64.0,8.9,41.1
2025-08-31 18:00:00+05:30,6137.7,35.2,71.0,10.5,2.4
2025-08-31 19:00:00+05:30,6057.3,34.8,72.0,16.3,0.0
2025-08-31 20:00:00+05:30,6154.3,33.9,76.0,15.9,0.0
2025-08-31 21:00:00+05:30,5756.6,33.2,73.0,7.2,0.0
2025-08-31 22:00:00+05:30,5326.6,32.1,71.0,10.5,0.0
2025-08-31 23:00:00+05:30,4904.1,31.2,73.0,6.2,0.0
2025-09-01 00:00:00+05:30,4972.6,30.7,79.0,4.8,0.0
2025-09-01 01:00:00+05:30,4445.8,28.9,79.0,1.4,0.0
2025-09-01 02:00:00+05:30,4131.0,27.7,79.0,3.0,0.0
2025-09-01 03:00:00+05:30,3921.4,27.3,72.0,4.5,0.0
2025-09-01 04:00:00+05:30,3837.7,27.1,77.0,6.5,0.0
2025-09-01 05:00:00+05:30,4048.3,27.0,77.0,4.8,0.0
2025-09-01 06:00:00+05:30,4336.4,27.7,79.0,2.7,5.0
2025-09-01 07:00:00+05:30,4691.6,28.3,77.0,4.8,13.7
2025-09-01 08:00:00+05:30,5215.7,29.6,75.0,3.2,36.5
2025-09-01 09:00:00+05:30,5724.3,30.8,69.0,8.1,123.2
2025-09-01 10:00:00+05:30,6150.6,31.9,71.0,6.3,97.5
2025-09-01 11:00:00+05:30,6646.9,33.1,75.0,10.6,77.4
2025-09-01 12:00:00+05:30,6755.0,33.8,71.0,11.5,39.4
2025-09-01 13:00:00+05:30,6730.6,34.3,68.0,8.9,197.6
2025-09-01 14:00:00+05:30,6922.2,35.1,66.0,7.9,174.5
2025-09-01 15:00:00+05:30,7234.4,35.6,75.0,13.4,34.9
2025-09-01 16:00:00+05:30,7042.2,35.3,70.0,12.6,37.9
2025-09-01 17:00:00+05:30,6824.2,35.3,70.0,9.4,8.6
2025-09-01 18:00:00+05:30,6450.9,34.4,72.0,14.0,2.2
2025-09-01 19:00:00+05:30,6395.4,33.6,75.0,9.2,0.0
2025-09-01 20:00:00+05:30,6419.5,32.6,73.0,11.2,0.0
2025-09-01 21:00:00+05:30,6019.0,31.6,72.0,13.2,0.0
2025-09-01 22:00:00+05:30,5448.5,30.7,73.0,11.8,0.0
2025-09-01 23:00:00+05:30,5153.1,29.9,73.0,8.8,0.0
2025-09-02 00:00:00+05:30,4726.9,28.5,69.0,5.6,0.0
2025-09-02 01:00:00+05:30,4437.0,27.7,78.0,4.0,0.0
2025-09-02 02:00:00+05:30,4277.0,27.1,79.0,5.4,0.0
2025-09-02 03:00:00+05:30,4101.7,26.7,79.0,3.0,0.0
2025-09-02 04:00:00+05:30,4153.8,26.6,78.0,11.2,0.0
2025-09-02 05:00:00+05:30,4223.5,26.8,83.0,3.8,0.0
2025-09-02 06:00:00+05:30,4393.8,27.4,79.0,2.8,6.0
2025-09-02 07:00:00+05:30,4778.4,28.1,74.0,5.8,18.8
2025-09-02 08:00:00+05:30,5221.8,28.8,77.0,6.8,33.6
2025-09-02 09:00:00+05:30,5554.9,30.1,72.0,7.8,69.3
2025-09-02 10:00:00+05:30,5912.4,30.7,77.0,7.2,88.1
2025-09-02 11:00:00+05:30,6259.5,31.7,75.0,6.6,107.7
2025-09-02 12:00:00+05:30,6672.5,32.9,76.0,12.8,84.5
2025-09-02 13:00:00+05:30,6938.3,33.9,75.0,8.7,83.8
2025-09-02 14:00:00+05:30,7190.3,34.9,78.0,12.1,42.5
2025-09-02 15:00:00+05:30,7008.5,35.1,63.0,10.3,116.0
2025-09-02 16:00:00+05:30,7100.4,35.6,66.0,13.6,104.7
2025-09-02 17:00:00+05:30,6942.1,35.6,71.0,13.0,11.7
2025-09-02 18:00:00+05:30,6676.4,35.2,76.0,12.6,2.8
2025-09-02 19:00:00+05:30,6513.5,34.5,72.0,7.1,0.0
2025-09-02 20:00:00+05:30,6539.2,33.5,71.0,10.0,0.0
2025-09-02 21:00:00+05:30,6107.0,32.4,73.0,7.8,0.0
2025-09-02 22:00:00+05:30,5532.2,30.6,74.0,4.2,0.0
2025-09-02 23:00:00+05:30,5198.8,29.6,70.0,7.5,0.0
2025-09-03 00:00:00+05:30,4763.6,28.7,74.0,10.3,0.0
2025-09-03 01:00:00+05:30,4423.9,27.3,74.0,2.9,0.0
2025-09-03 02:00:00+05:30,4170.2,26.4,76.0,5.2,0.0
2025-09-03 03:00:00+05:30,3992.2,25.9,73.0,4.9,0.0
2025-09-03 04:00:00+05:30,3954.8,25.9,82.0,1.2,0.0
2025-09-03 05:00:00+05:30,4101.1,26.3,82.0,2.2,0.0
2025-09-03 06:00:00+05:30,4330.8,26.7,80.0,3.5,2.7
2025-09-03 07:00:00+05:30,4677.9,27.3,79.0,5.6,17.2
2025-09-03 08:00:00+05:30,4895.6,27.3,79.0,6.9,35.7
2025-09-03 09:00:00+05:30,5219.6,28.4,75.0,8.0,58.8
2025-09-03 10:00:00+05:30,5614.2,29.3,73.0,9.0,68.2
2025-09-03 11:00:00+05:30,5938.2,30.9,76.0,10.6,81.6
2025-09-03 12:00:00+05:30,6266.8,31.8,77.0,8.4,83.1
2025-09-03 13:00:00+05:30,6424.8,32.5,77.0,12.6,99.0
2025-09-03 14:00:00+05:30,6695.3,33.4,73.0,6.8,80.6
2025-09-03 15:00:00+05:30,6755.7,33.6,70.0,9.9,56.4
2025-09-03 16:00:00+05:30,6696.3,33.9,69.0,9.2,96.8
2025-09-03 17:00:00+05:30,6502.3,33.7,73.0,7.8,12.4
2025-09-03 18:00:00+05:30,6204.8,32.9,73.0,9.6,3.8
2025-09-03 19:00:00+05:30,6169.1,32.2,77.0,11.8,0.0
2025-09-03 20:00:00+05:30,6082.9,31.2,72.0,8.1,0.0
2025-09-03 21:00:00+05:30,5699.3,30.2,75.0,6.2,0.0
2025-09-03 22:00:00+05:30,5141.9,28.8,76.0,7.0,0.0
2025-09-03 23:00:00+05:30,4667.3,28.1,74.0,11.1,0.0
2025-09-04 00:00:00+05:30,4281.5,26.7,81.0,9.6,0.0
2025-09-04 01:00:00+05:30,3967.6,26.0,75.0,5.6,0.0
2025-09-04 02:00:00+05:30,3860.9,25.7,80.0,0.0,0.0
2025-09-04 03:00:00+05:30,3615.6,25.5,80.0,5.5,0.0
2025-09-04 04:00:00+05:30,3599.7,25.6,82.0,3.7,0.0
2025-09-04 05:00:00+05:30,3800.8,25.8,82.0,4.0,0.0
2025-09-04 06:00:00+05:30,3918.1,26.0,74.0,6.0,5.2
2025-09-04 07:00:00+05:30,4348.4,27.1,80.0,6.6,17.8
2025-09-04 08:00:00+05:30,4707.6,28.0,77.0,1.1,32.3
2025-09-04 09:00:00+05:30,5039.3,28.8,81.0,10.3,47.6
2025-09-04 10:00:00+05:30,5387.1,29.6,80.0,10.0,84.1
2025-09-04 11:00:00+05:30,5704.9,30.7,74.0,13.2,57.9
2025-09-04 12:00:00+05:30,5845.4,32.0,71.0,8.4,120.8
2025-09-04 13:00:00+05:30,6152.0,33.1,71.0,11.8,103.3
2025-09-04 14:00:00+05:30,6418.2,33.7,70.0,15.8,59.8
2025-09-04 15:00:00+05:30,6560.4,33.9,69.0,13.4,136.0
2025-09-04 16:00:00+05:30,6518.8,34.0,66.0,13.2,105.0
2025-09-04 17:00:00+05:30,6432.2,34.3,73.0,10.0,26.8
2025-09-04 18:00:00+05:30,6142.6,33.8,71.0,13.3,4.5
2025-09-04 19:00:00+05:30,6116.9,33.2,74.0,11.4,0.0
2025-09-04 20:00:00+05:30,6188.5,32.7,73.0,8.6,0.0
2025-09-04 21:00:00+05:30,5788.2,31.6,72.0,9.5,0.0
2025-09-04 22:00:00+05:30,5378.4,30.6,79.0,8.6,0.0
2025-09-04 23:00:00+05:30,4882.7,29.5,74.0,5.0,0.0
2025-09-05 00:00:00+05:30,3929.3,28.2,73.0,3.5,0.0
2025-09-05 01:00:00+05:30,3743.0,27.8,79.0,4.1,0.0
2025-09-05 02:00:00+05:30,3496.1,26.7,81.0,2.7,0.0
2025-09-05 03:00:00+05:30,3358.7,26.1,77.0,1.3,0.0
2025-09-05 04:00:00+05:30,3473.8,26.0,83.0,0.2,0.0
2025-09-05 05:00:00+05:30,3696.0,26.6,79.0,4.8,0.0
2025-09-05 06:00:00+05:30,3887.0,26.5,77.0,12.4,4.3
2025-09-05 07:00:00+05:30,4204.6,26.7,79.0,5.6,11.2
2025-09-05 08:00:00+05:30,4423.9,27.1,77.0,8.6,56.8
2025-09-05 09:00:00+05:30,4859.0,28.1,77.0,9.5,56.3
2025-09-05 10:00:00+05:30,5181.3,29.4,77.0,7.4,65.5
2025-09-05 11:00:00+05:30,5499.2,30.7,72.0,12.3,69.0
2025-09-05 12:00:00+05:30,5557.0,31.8,67.0,13.1,200.9
2025-09-05 13:00:00+05:30,6028.0,33.4,70.0,9.7,63.7
2025-09-05 14:00:00+05:30,6069.4,34.1,66.0,9.7,195.0
2025-09-05 15:00:00+05:30,6331.1,34.3,75.0,13.3,67.1
2025-09-05 16:00:00+05:30,6295.5,34.3,73.0,12.7,55.2
2025-09-05 17:00:00+05:30,5975.4,33.4,75.0,8.3,7.9
2025-09-05 18:00:00+05:30,5542.8,32.6,71.0,9.8,3.8
2025-09-05 19:00:00+05:30,5501.5,32.4,73.0,10.5,0.0
2025-09-05 20:00:00+05:30,5393.6,31.1,72.0,11.7,0.0
2025-09-05 21:00:00+05:30,5044.4,30.4,79.0,8.2,0.0
2025-09-05 22:00:00+05:30,4678.7,29.3,78.0,7.7,0.0
2025-09-05 23:00:00+05:30,4276.0,28.0,77.0,4.3,0.0
2025-09-06 00:00:00+05:30,4227.2,27.0,80.0,7.5,0.0
2025-09-06 01:00:00+05:30,3970.0,27.0,73.0,9.4,0.0
2025-09-06 02:00:00+05:30,3747.8,26.8,80.0,3.4,0.0
2025-09-06 03:00:00+05:30,3669.8,26.9,74.0,3.1,0.0
2025-09-06 04:00:00+05:30,3655.2,27.2,79.0,5.7,0.0
2025-09-06 05:00:00+05:30,3761.4,27.7,75.0,5.2,0.0
2025-09-06 06:00:00+05:30,4018.4,27.9,76.0,4.0,6.5
2025-09-06 07:00:00+05:30,4432.2,29.1,74.0,6.7,23.0
2025-09-06 08:00:00+05:30,4895.0,30.2,74.0,9.7,57.2
2025-09-06 09:00:00+05:30,5378.4,31.5,69.0,6.6,136.7
2025-09-06 10:00:00+05:30,5893.4,32.8,72.0,5.1,91.1
2025-09-06 11:00:00+05:30,6150.8,33.6,69.0,8.2,171.0
2025-09-06 12:00:00+05:30,6387.7,34.8,69.0,7.3,201.3
2025-09-06 13:00:00+05:30,6453.0,34.6,67.0,11.1,158.7
2025-09-06 14:00:00+05:30,6607.4,35.3,67.0,11.4,186.9
2025-09-06 15:00:00+05:30,6854.7,35.9,69.0,14.2,152.2
2025-09-06 16:00:00+05:30,6825.5,35.8,71.0,13.6,33.1
2025-09-06 17:00:00+05:30,6460.3,35.6,71.0,8.5,18.3
2025-09-06 18:00:00+05:30,6047.4,34.6,72.0,9.5,2.3
2025-09-06 19:00:00+05:30,5997.6,34.1,75.0,11.6,0.0
2025-09-06 20:00:00+05:30,6022.0,34.0,62.0,9.3,0.0
2025-09-06 21:00:00+05:30,5497.8,32.5,69.0,5.4,0.0
2025-09-06 22:00:00+05:30,5161.8,31.6,76.0,8.3,0.0
2025-09-06 23:00:00+05:30,4698.4,29.9,73.0,3.7,0.0
2025-09-07 00:00:00+05:30,4420.2,29.1,72.0,9.8,0.0
2025-09-07 01:00:00+05:30,4069.4,27.6,75.0,3.1,0.0
2025-09-07 02:00:00+05:30,3818.6,27.2,77.0,3.4,0.0
2025-09-07 03:00:00+05:30,3568.2,26.2,75.0,5.2,0.0
2025-09-07 04:00:00+05:30,3526.9,25.9,80.0,0.0,0.0
2025-09-07 05:00:00+05:30,3705.5,26.2,79.0,1.4,0.0
2025-09-07 06:00:00+05:30,3910.1,26.2,79.0,4.2,4.6
2025-09-07 07:00:00+05:30,4278.6,27.2,75.0,0.4,17.0
2025-09-07 08:00:00+05:30,4667.3,27.6,77.0,4.6,55.6
2025-09-07 09:00:00+05:30,5063.3,28.2,82.0,9.4,53.0
2025-09-07 10:00:00+05:30,5344.2,29.2,76.0,6.7,56.6
2025-09-07 11:00:00+05:30,5567.7,30.5,77.0,10.1,89.4
2025-09-07 12:00:00+05:30,5654.5,31.3,69.0,11.7,222.1
2025-09-07 13:00:00+05:30,5993.7,32.3,75.0,11.2,74.9
2025-09-07 14:00:00+05:30,6326.1,33.6,73.0,9.3,58.0
2025-09-07 15:00:00+05:30,6449.1,34.7,69.0,14.5,123.8
2025-09-07 16:00:00+05:30,6378.2,34.9,66.0,12.0,64.7
2025-09-07 17:00:00+05:30,6197.6,34.8,69.0,11.5,39.7
2025-09-07 18:00:00+05:30,5956.7,34.7,71.0,9.5,4.2
2025-09-07 19:00:00+05:30,5926.8,34.2,71.0,8.4,0.0
2025-09-07 20:00:00+05:30,5891.0,33.2,72.0,14.4,0.0
2025-09-07 21:00:00+05:30,5515.8,32.0,74.0,8.4,0.0
2025-09-07 22:00:00+05:30,4921.4,30.4,78.0,12.6,0.0
2025-09-07 23:00:00+05:30,4598.3,29.2,79.0,1.6,0.0
2025-09-08 00:00:00+05:30,4456.8,27.1,75.0,7.0,0.0
2025-09-08 01:00:00+05:30,4265.2,26.3,85.0,8.9,0.0
2025-09-08 02:00:00+05:30,3939.6,25.2,73.0,6.3,0.0
2025-09-08 03:00:00+05:30,3904.0,25.0,81.0,4.1,0.0
2025-09-08 04:00:00+05:30,3599.6,24.4,86.0,4.1,0.0
2025-09-08 05:00:00+05:30,3747.7,24.6,78.0,4.9,0.0
2025-09-08 06:00:00+05:30,4064.2,25.8,77.0,4.4,4.4
2025-09-08 07:00:00+05:30,4553.8,27.0,80.0,0.6,13.6
2025-09-08 08:00:00+05:30,4924.7,27.6,76.0,6.6,51.4
2025-09-08 09:00:00+05:30,5472.8,28.9,73.0,3.5,54.7
2025-09-08 10:00:00+05:30,5765.7,30.0,75.0,12.5,78.9
2025-09-08 11:00:00+05:30,5950.7,31.5,65.0,9.7,196.4
2025-09-08 12:00:00+05:30,6346.4,32.2,72.0,8.4,22.5
2025-09-08 13:00:00+05:30,6597.0,33.3,74.0,14.2,57.4
2025-09-08 14:00:00+05:30,6752.7,33.8,73.0,10.5,74.2
2025-09-08 15:00:00+05:30,6789.4,34.2,67.0,13.7,155.0
2025-09-08 16:00:00+05:30,6849.1,34.5,70.0,8.7,63.5
2025-09-08 17:00:00+05:30,6709.7,34.5,69.0,8.1,47.6
2025-09-08 18:00:00+05:30,6268.9,33.8,66.0,11.3,9.3
2025-09-08 19:00:00+05:30,6212.2,33.2,71.0,12.6,0.0
2025-09-08 20:00:00+05:30,6189.3,32.7,72.0,7.2,0.0
2025-09-08 21:00:00+05:30,5807.3,31.5,73.0,11.8,0.0
2025-09-08 22:00:00+05:30,5245.6,30.2,71.0,9.1,0.0
2025-09-08 23:00:00+05:30,4839.8,28.7,78.0,6.7,0.0
2025-09-09 00:00:00+05:30,4446.4,27.6,76.0,8.7,0.0
2025-09-09 01:00:00+05:30,4215.8,26.6,74.0,12.6,0.0
2025-09-09 02:00:00+05:30,3948.1,25.7,73.0,5.4,0.0
2025-09-09 03:00:00+05:30,3581.3,24.9,77.0,5.4,0.0
2025-09-09 04:00:00+05:30,3585.5,25.0,76.0,4.7,0.0
2025-09-09 05:00:00+05:30,3646.1,24.5,69.0,0.0,0.0
2025-09-09 06:00:00+05:30,3810.0,24.9,76.0,8.0,4.0
2025-09-09 07:00:00+05:30,4284.6,26.1,77.0,9.6,14.1
2025-09-09 08:00:00+05:30,4771.4,27.7,73.0,7.1,53.8
2025-09-09 09:00:00+05:30,5186.6,28.4,73.0,6.7,51.1
2025-09-09 10:00:00+05:30,5556.1,29.5,78.0,8.8,72.9
2025-09-09 11:00:00+05:30,5804.7,31.2,69.0,8.6,153.8
2025-09-09 12:00:00+05:30,5945.1,31.9,67.0,15.2,190.0
2025-09-09 13:00:00+05:30,6223.4,32.8,69.0,16.9,201.7
2025-09-09 14:00:00+05:30,6395.4,33.5,69.0,9.8,177.2
2025-09-09 15:00:00+05:30,6636.4,33.9,68.0,10.5,145.4
2025-09-09 16:00:00+05:30,6786.6,34.3,70.0,14.3,59.7
2025-09-09 17:00:00+05:30,6565.8,34.0,75.0,14.6,15.8
2025-09-09 18:00:00+05:30,6207.1,33.3,72.0,14.2,1.3
2025-09-09 19:00:00+05:30,6083.0,32.9,72.0,10.8,0.0
2025-09-09 20:00:00+05:30,6062.8,32.0,74.0,10.2,0.0
2025-09-09 21:00:00+05:30,5547.4,30.5,71.0,9.1,0.0
2025-09-09 22:00:00+05:30,5115.7,29.4,75.0,9.9,0.0
2025-09-09 23:00:00+05:30,4751.4,27.6,82.0,3.9,0.0
2025-09-10 00:00:00+05:30,4292.9,26.7,75.0,10.2,0.0
2025-09-10 01:00:00+05:30,4016.2,25.3,80.0,7.8,0.0
2025-09-10 02:00:00+05:30,3885.1,24.8,82.0,3.7,0.0
2025-09-10 03:00:00+05:30,3668.8,24.5,80.0,5.0,0.0
2025-09-10 04:00:00+05:30,3441.7,24.2,78.0,5.1,0.0
2025-09-10 05:00:00+05:30,3544.5,24.3,84.0,6.3,0.0
2025-09-10 06:00:00+05:30,3800.8,24.9,78.0,3.2,3.6
2025-09-10 07:00:00+05:30,4198.6,26.0,81.0,4.4,20.0
2025-09-10 08:00:00+05:30,4622.3,27.3,78.0,7.2,37.5
2025-09-10 09:00:00+05:30,5105.5,28.8,74.0,11.6,34.8
2025-09-10 10:00:00+05:30,5457.7,30.2,72.0,7.4,80.4
2025-09-10 11:00:00+05:30,5765.7,31.3,73.0,11.2,63.8
2025-09-10 12:00:00+05:30,5828.4,32.2,69.0,9.3,214.2
2025-09-10 13:00:00+05:30,6129.1,32.6,70.0,14.1,75.7
2025-09-10 14:00:00+05:30,6410.9,33.0,72.0,12.1,73.7
2025-09-10 15:00:00+05:30,6724.2,33.7,71.0,16.4,37.6
2025-09-10 16:00:00+05:30,6685.6,33.9,70.0,11.7,89.2
2025-09-10 17:00:00+05:30,6415.8,33.4,69.0,14.1,43.2
2025-09-10 18:00:00+05:30,6262.8,33.3,70.0,9.8,9.0
2025-09-10 19:00:00+05:30,6144.5,32.9,72.0,11.2,0.0
2025-09-10 20:00:00+05:30,6202.5,32.1,74.0,8.7,0.0
2025-09-10 21:00:00+05:30,5717.8,31.1,71.0,7.5,0.0
2025-09-10 22:00:00+05:30,5150.1,29.3,79.0,4.6,0.0
2025-09-10 23:00:00+05:30,4668.1,27.9,82.0,7.6,0.0
2025-09-11 00:00:00+05:30,4429.2,27.2,77.0,3.9,0.0
2025-09-11 01:00:00+05:30,4112.6,26.5,80.0,9.1,0.0
2025-09-11 02:00:00+05:30,3896.5,26.1,78.0,1.5,0.0
2025-09-11 03:00:00+05:30,3568.8,25.4,71.0,6.7,0.0
2025-09-11 04:00:00+05:30,3547.2,25.6,71.0,5.8,0.0
2025-09-11 05:00:00+05:30,3580.6,25.4,80.0,2.7,0.0
2025-09-11 06:00:00+05:30,3654.4,25.0,75.0,1.5,3.5
2025-09-11 07:00:00+05:30,3934.2,25.9,82.0,7.6,18.8
2025-09-11 08:00:00+05:30,4443.3,27.4,78.0,4.0,47.8
2025-09-11 09:00:00+05:30,5002.2,28.7,74.0,0.7,42.0
2025-09-11 10:00:00+05:30,5379.6,29.6,76.0,7.9,49.6
2025-09-11 11:00:00+05:30,5624.3,30.4,75.0,7.5,59.1
2025-09-11 12:00:00+05:30,5782.9,31.4,74.0,4.4,118.2
2025-09-11 13:00:00+05:30,5967.5,31.9,68.0,9.9,172.1
2025-09-11 14:00:00+05:30,6421.5,32.7,73.0,10.7,41.5
2025-09-11 15:00:00+05:30,6554.8,33.7,68.0,11.9,87.7
2025-09-11 16:00:00+05:30,6475.1,34.0,69.0,10.3,96.1
2025-09-11 17:00:00+05:30,6180.5,33.5,66.0,9.5,44.7
2025-09-11 18:00:00+05:30,5881.8,32.8,70.0,13.1,8.2
2025-09-11 19:00:00+05:30,5856.2,31.5,76.0,9.0,0.0
2025-09-11 20:00:00+05:30,5755.0,30.7,76.0,8.8,0.0
2025-09-11 21:00:00+05:30,5470.7,30.3,73.0,7.6,0.0
2025-09-11 22:00:00+05:30,5016.8,29.4,77.0,7.9,0.0
2025-09-11 23:00:00+05:30,4664.2,28.3,77.0,8.0,0.0
2025-09-12 00:00:00+05:30,4471.7,27.4,78.0,5.9,0.0
2025-09-12 01:00:00+05:30,4107.8,26.2,77.0,1.7,0.0
2025-09-12 02:00:00+05:30,3842.6,25.6,74.0,1.7,0.0
2025-09-12 03:00:00+05:30,3523.2,24.7,79.0,4.3,0.0
2025-09-12 04:00:00+05:30,3448.2,24.7,78.0,5.1,0.0
2025-09-12 05:00:00+05:30,3579.8,25.3,78.0,2.4,0.0
2025-09-12 06:00:00+05:30,4029.0,26.7,80.0,7.8,4.7
2025-09-12 07:00:00+05:30,4493.2,27.8,72.0,6.8,24.1
2025-09-12 08:00:00+05:30,5013.7,29.0,76.0,6.4,45.4
2025-09-12 09:00:00+05:30,5282.1,30.4,69.0,2.2,124.8
2025-09-12 10:00:00+05:30,5734.8,31.3,71.0,4.9,81.7
2025-09-12 11:00:00+05:30,5881.4,32.0,69.0,5.9,129.8
2025-09-12 12:00:00+05:30,6130.9,33.1,68.0,15.6,161.6
2025-09-12 13:00:00+05:30,6508.1,33.7,75.0,13.3,76.0
2025-09-12 14:00:00+05:30,6718.2,34.4,70.0,9.3,146.1
2025-09-12 15:00:00+05:30,6811.9,34.6,71.0,13.3,62.7
2025-09-12 16:00:00+05:30,6741.7,34.9,67.0,14.1,97.7
2025-09-12 17:00:00+05:30,6642.6,35.3,71.0,13.0,20.5
2025-09-12 18:00:00+05:30,6478.5,35.2,71.0,10.0,3.4
2025-09-12 19:00:00+05:30,6407.8,34.9,64.0,13.1,0.0
2025-09-12 20:00:00+05:30,6345.6,33.5,66.0,10.6,0.0
2025-09-12 21:00:00+05:30,6000.2,32.5,70.0,13.5,0.0
2025-09-12 22:00:00+05:30,5524.3,31.0,69.0,6.3,0.0
2025-09-12 23:00:00+05:30,5193.3,29.8,75.0,7.3,0.0
2025-09-13 00:00:00+05:30,4506.9,29.0,68.0,7.3,0.0
2025-09-13 01:00:00+05:30,4097.6,28.3,72.0,7.7,0.0
2025-09-13 02:00:00+05:30,3929.0,27.3,74.0,4.8,0.0
2025-09-13 03:00:00+05:30,3803.8,26.6,79.0,7.3,0.0
2025-09-13 04:00:00+05:30,3789.5,26.5,74.0,4.6,0.0
2025-09-13 05:00:00+05:30,3948.0,26.9,75.0,3.0,0.0
2025-09-13 06:00:00+05:30,4244.6,27.6,71.0,3.8,3.3
2025-09-13 07:00:00+05:30,4626.3,28.6,78.0,5.1,15.2
2025-09-13 08:00:00+05:30,4968.8,29.4,69.0,8.2,84.2
2025-09-13 09:00:00+05:30,5443.3,30.5,73.0,6.6,52.5
2025-09-13 10:00:00+05:30,5777.8,31.7,71.0,8.3,74.1
2025-09-13 11:00:00+05:30,5861.2,32.7,65.0,12.5,209.3
2025-09-13 12:00:00+05:30,6093.1,33.7,66.0,11.8,191.4
2025-09-13 13:00:00+05:30,6300.7,34.5,64.0,10.3,176.6
2025-09-13 14:00:00+05:30,6571.3,35.2,66.0,8.3,149.9
2025-09-13 15:00:00+05:30,6939.9,36.4,69.0,10.8,138.8
2025-09-13 16:00:00+05:30,6875.4,36.0,66.0,9.9,90.0
2025-09-13 17:00:00+05:30,6588.8,35.9,63.0,9.5,39.8
2025-09-13 18:00:00+05:30,6363.5,35.3,67.0,11.8,8.9
2025-09-13 19:00:00+05:30,6259.9,34.5,66.0,12.1,0.0
2025-09-13 20:00:00+05:30,6246.8,33.7,66.0,7.1,0.0
2025-09-13 21:00:00+05:30,5894.3,32.7,75.0,10.7,0.0
2025-09-13 22:00:00+05:30,5468.4,32.0,69.0,8.1,0.0
2025-09-13 23:00:00+05:30,5078.0,30.7,73.0,7.9,0.0
2025-09-14 00:00:00+05:30,4835.8,29.9,72.0,8.7,0.0
2025-09-14 01:00:00+05:30,4392.0,28.8,70.0,5.1,0.0
2025-09-14 02:00:00+05:30,4247.0,28.6,73.0,2.2,0.0
2025-09-14 03:00:00+05:30,4065.1,28.1,74.0,3.7,0.0
2025-09-14 04:00:00+05:30,3979.9,27.9,74.0,7.8,0.0
2025-09-14 05:00:00+05:30,4124.8,28.3,67.0,3.8,0.0
2025-09-14 06:00:00+05:30,4284.4,28.3,73.0,2.1,4.0
2025-09-14 07:00:00+05:30,4718.1,29.0,66.0,2.9,55.0
2025-09-14 08:00:00+05:30,5188.4,30.1,70.0,4.0,93.9
2025-09-14 09:00:00+05:30,5604.9,31.0,70.0,6.7,57.5
2025-09-14 10:00:00+05:30,5854.3,32.1,66.0,9.1,165.5
2025-09-14 11:00:00+05:30,6193.0,33.3,71.0,10.4,67.3
2025-09-14 12:00:00+05:30,6323.8,34.0,67.0,12.0,186.1
2025-09-14 13:00:00+05:30,6542.7,34.8,73.0,13.5,56.7
2025-09-14 14:00:00+05:30,6518.6,35.0,67.0,12.5,136.1
2025-09-14 15:00:00+05:30,6611.3,35.3,62.0,9.8,133.2
2025-09-14 16:00:00+05:30,6693.7,35.8,62.0,11.9,93.8
2025-09-14 17:00:00+05:30,6608.4,35.4,67.0,13.3,46.6
2025-09-14 18:00:00+05:30,6364.7,35.1,68.0,11.9,5.8
2025-09-14 19:00:00+05:30,6171.6,34.3,69.0,10.4,0.0
2025-09-14 20:00:00+05:30,6207.7,33.4,69.0,10.4,0.0
2025-09-14 21:00:00+05:30,5858.9,32.1,70.0,12.8,0.0
2025-09-14 22:00:00+05:30,5327.4,30.8,70.0,12.2,0.0
2025-09-14 23:00:00+05:30,4954.9,30.0,72.0,5.2,0.0
2025-09-15 00:00:00+05:30,4934.4,28.4,74.0,3.4,0.0
2025-09-15 01:00:00+05:30,4455.5,27.0,76.0,4.5,0.0
2025-09-15 02:00:00+05:30,4148.4,25.9,74.0,5.3,0.0
2025-09-15 03:00:00+05:30,3991.0,24.9,76.0,2.2,0.0
2025-09-15 04:00:00+05:30,3928.5,24.9,77.0,3.7,0.0
2025-09-15 05:00:00+05:30,4045.9,24.8,78.0,4.0,0.0
2025-09-15 06:00:00+05:30,4271.2,25.8,75.0,4.2,7.0
2025-09-15 07:00:00+05:30,4545.9,26.2,78.0,6.0,25.2
2025-09-15 08:00:00+05:30,5009.6,26.9,77.0,6.8,44.7
2025-09-15 09:00:00+05:30,5348.6,28.1,74.0,10.7,56.7
2025-09-15 10:00:00+05:30,5700.6,29.3,74.0,8.2,65.0
2025-09-15 11:00:00+05:30,6018.8,30.1,75.0,6.6,69.3
2025-09-15 12:00:00+05:30,6223.4,31.4,68.0,8.4,177.5
2025-09-15 13:00:00+05:30,6473.1,32.1,73.0,10.2,94.5
2025-09-15 14:00:00+05:30,6480.9,32.5,66.0,14.7,171.2
2025-09-15 15:00:00+05:30,6575.5,32.7,69.0,14.4,153.9
2025-09-15 16:00:00+05:30,6517.3,33.3,65.0,9.8,81.9
2025-09-15 17:00:00+05:30,6492.6,33.4,72.0,13.3,13.8
2025-09-15 18:00:00+05:30,6041.6,32.5,64.0,8.2,6.7
2025-09-15 19:00:00+05:30,5904.1,31.4,76.0,8.5,0.0
2025-09-15 20:00:00+05:30,5843.7,30.9,70.0,10.7,0.0
2025-09-15 21:00:00+05:30,5408.2,29.7,77.0,8.7,0.0
2025-09-15 22:00:00+05:30,4884.4,28.3,78.0,6.0,0.0
2025-09-15 23:00:00+05:30,4354.3,27.1,75.0,7.9,0.0
2025-09-16 00:00:00+05:30,4011.7,25.8,69.0,4.5,0.0
2025-09-16 01:00:00+05:30,3712.7,25.0,80.0,4.5,0.0
2025-09-16 02:00:00+05:30,3484.8,23.9,81.0,2.2,0.0
2025-09-16 03:00:00+05:30,3418.8,24.2,72.0,8.7,0.0
2025-09-16 04:00:00+05:30,3342.4,24.0,80.0,5.5,0.0
2025-09-16 05:00:00+05:30,3487.1,24.9,78.0,7.4,0.0
2025-09-16 06:00:00+05:30,3648.4,24.6,76.0,4.1,4.5
2025-09-16 07:00:00+05:30,4222.0,26.2,77.0,4.7,26.7
2025-09-16 08:00:00+05:30,4622.4,26.4,73.0,3.7,38.4
2025-09-16 09:00:00+05:30,5187.5,27.4,80.0,9.3,49.8
2025-09-16 10:00:00+05:30,5444.7,29.0,71.0,12.2,63.1
2025-09-16 11:00:00+05:30,5511.2,30.1,77.0,11.4,83.4
2025-09-16 12:00:00+05:30,5734.8,32.0,67.0,7.6,191.0
2025-09-16 13:00:00+05:30,6038.4,32.8,66.0,9.9,149.1
2025-09-16 14:00:00+05:30,6248.0,33.5,69.0,13.4,186.7
2025-09-16 15:00:00+05:30,6404.5,34.1,64.0,14.9,135.7
2025-09-16 16:00:00+05:30,6429.1,34.4,70.0,12.1,96.3
2025-09-16 17:00:00+05:30,6100.3,33.5,67.0,13.6,46.4
2025-09-16 18:00:00+05:30,5810.9,32.8,68.0,13.1,7.5
2025-09-16 19:00:00+05:30,5766.0,32.3,68.0,13.3,0.0
2025-09-16 20:00:00+05:30,5695.3,31.2,73.0,9.8,0.0
2025-09-16 21:00:00+05:30,5375.6,29.9,76.0,10.0,0.0
2025-09-16 22:00:00+05:30,4853.6,28.8,70.0,9.4,0.0
2025-09-16 23:00:00+05:30,4586.3,28.1,74.0,8.1,0.0
2025-09-17 00:00:00+05:30,4323.8,27.2,74.0,4.4,0.0
2025-09-17 01:00:00+05:30,3954.2,25.9,80.0,5.1,0.0
2025-09-17 02:00:00+05:30,3667.4,24.9,81.0,4.8,0.0
2025-09-17 03:00:00+05:30,3583.6,24.6,79.0,0.4,0.0
2025-09-17 04:00:00+05:30,3633.7,24.5,79.0,3.0,0.0
2025-09-17 05:00:00+05:30,3811.6,24.9,78.0,2.9,0.0
2025-09-17 06:00:00+05:30,4046.0,25.8,73.0,6.8,5.5
2025-09-17 07:00:00+05:30,4424.4,26.4,72.0,2.2,18.0
2025-09-17 08:00:00+05:30,4845.8,27.6,71.0,4.4,57.0
2025-09-17 09:00:00+05:30,5123.2,28.6,70.0,8.0,133.3
2025-09-17 10:00:00+05:30,5462.0,29.8,74.0,3.7,96.1
2025-09-17 11:00:00+05:30,5734.2,31.3,67.0,11.9,176.3
2025-09-17 12:00:00+05:30,6119.3,32.9,68.0,10.9,164.7
2025-09-17 13:00:00+05:30,6384.6,34.1,67.0,14.1,208.9
2025-09-17 14:00:00+05:30,6527.1,34.6,62.0,8.1,166.0
2025-09-17 15:00:00+05:30,6872.0,35.5,66.0,5.6,126.7
2025-09-17 16:00:00+05:30,6829.2,35.4,64.0,10.1,89.5
2025-09-17 17:00:00+05:30,6606.6,34.6,68.0,9.7,40.9
2025-09-17 18:00:00+05:30,6229.1,33.7,69.0,11.5,9.6
2025-09-17 19:00:00+05:30,6145.3,33.0,68.0,12.3,0.0
2025-09-17 20:00:00+05:30,6110.9,31.6,69.0,11.7,0.0
2025-09-17 21:00:00+05:30,5832.7,30.7,72.0,9.6,0.0
2025-09-17 22:00:00+05:30,5387.5,30.2,65.0,10.9,0.0
2025-09-17 23:00:00+05:30,4927.7,28.6,71.0,9.5,0.0
2025-09-18 00:00:00+05:30,4499.8,26.7,72.0,3.5,0.0
2025-09-18 01:00:00+05:30,4126.1,25.6,75.0,4.8,0.0
2025-09-18 02:00:00+05:30,3882.8,24.9,69.0,5.7,0.0
2025-09-18 03:00:00+05:30,3696.4,24.4,78.0,6.8,0.0
2025-09-18 04:00:00+05:30,3745.7,24.8,75.0,9.2,0.0
2025-09-18 05:00:00+05:30,3726.5,25.1,73.0,3.8,0.0
2025-09-18 06:00:00+05:30,3858.9,24.6,72.0,2.5,4.6
2025-09-18 07:00:00+05:30,4312.1,25.7,72.0,7.5,10.0
2025-09-18 08:00:00+05:30,4695.3,26.7,70.0,5.6,95.0
2025-09-18 09:00:00+05:30,5118.8,27.6,73.0,9.2,50.2
2025-09-18 10:00:00+05:30,5294.1,28.6,67.0,10.4,147.3
2025-09-18 11:00:00+05:30,5503.9,29.6,69.0,8.0,188.5
2025-09-18 12:00:00+05:30,5895.2,31.0,77.0,10.9,76.4
2025-09-18 13:00:00+05:30,5981.7,32.1,69.0,9.4,159.7
2025-09-18 14:00:00+05:30,6058.7,32.1,67.0,11.4,185.2
2025-09-18 15:00:00+05:30,6269.4,32.3,69.0,13.2,136.5
2025-09-18 16:00:00+05:30,6193.3,32.7,63.0,13.6,98.4
2025-09-18 17:00:00+05:30,6146.2,33.0,74.0,11.2,11.0
2025-09-18 18:00:00+05:30,5700.6,32.2,69.0,7.7,7.8
2025-09-18 19:00:00+05:30,5669.4,31.7,69.0,8.2,0.0
2025-09-18 20:00:00+05:30,5556.9,30.9,69.0,7.7,0.0
2025-09-18 21:00:00+05:30,5333.1,30.1,73.0,8.9,0.0
2025-09-18 22:00:00+05:30,4918.3,29.3,68.0,11.1,0.0
2025-09-18 23:00:00+05:30,4657.3,28.5,70.0,3.6,0.0
2025-09-19 00:00:00+05:30,4327.9,27.4,72.0,8.7,0.0
2025-09-19 01:00:00+05:30,4084.4,26.4,72.0,9.1,0.0
2025-09-19 02:00:00+05:30,3767.9,24.8,75.0,6.4,0.0
2025-09-19 03:00:00+05:30,3619.0,24.4,74.0,0.0,0.0
2025-09-19 04:00:00+05:30,3515.0,24.3,76.0,3.0,0.0
2025-09-19 05:00:00+05:30,3677.7,24.4,82.0,4.7,0.0
2025-09-19 06:00:00+05:30,3957.5,25.5,78.0,5.6,3.2
2025-09-19 07:00:00+05:30,4308.1,26.3,75.0,0.0,20.7
2025-09-19 08:00:00+05:30,4638.5,26.7,78.0,6.8,45.0
2025-09-19 09:00:00+05:30,5004.1,27.8,77.0,5.6,67.8
2025-09-19 10:00:00+05:30,5235.4,28.7,66.0,12.9,179.3
2025-09-19 11:00:00+05:30,5510.5,29.5,70.0,13.9,64.4
2025-09-19 12:00:00+05:30,5641.1,30.3,68.0,9.4,197.0
2025-09-19 13:00:00+05:30,5889.2,31.0,70.0,8.7,220.0
2025-09-19 14:00:00+05:30,6233.8,31.8,72.0,8.0,89.4
2025-09-19 15:00:00+05:30,6411.1,32.7,71.0,9.6,58.2
2025-09-19 16:00:00+05:30,6423.0,33.5,67.0,10.2,90.6
2025-09-19 17:00:00+05:30,6105.1,33.4,65.0,12.8,47.1
2025-09-19 18:00:00+05:30,5798.4,32.7,71.0,13.5,1.9
2025-09-19 19:00:00+05:30,5704.9,31.6,70.0,9.8,0.0
2025-09-19 20:00:00+05:30,5679.0,30.7,68.0,11.7,0.0
2025-09-19 21:00:00+05:30,5315.1,29.9,62.0,7.6,0.0
2025-09-19 22:00:00+05:30,5033.4,28.8,73.0,5.5,0.0
2025-09-19 23:00:00+05:30,4501.7,27.5,74.0,6.1,0.0
2025-09-20 00:00:00+05:30,4011.8,26.9,71.0,4.8,0.0
2025-09-20 01:00:00+05:30,3743.0,25.7,73.0,2.7,0.0
2025-09-20 02:00:00+05:30,3554.4,25.5,75.0,3.2,0.0
2025-09-20 03:00:00+05:30,3321.2,25.1,77.0,7.0,0.0
2025-09-20 04:00:00+05:30,3235.6,24.7,73.0,8.6,0.0
2025-09-20 05:00:00+05:30,3459.2,25.1,72.0,8.3,0.0
2025-09-20 06:00:00+05:30,3708.4,25.8,76.0,3.3,5.4
2025-09-20 07:00:00+05:30,4038.1,26.6,67.0,3.6,49.2
2025-09-20 08:00:00+05:30,4431.8,27.4,73.0,3.4,35.6
2025-09-20 09:00:00+05:30,4791.6,28.7,74.0,11.0,63.5
2025-09-20 10:00:00+05:30,5095.7,30.2,69.0,6.3,200.0
2025-09-20 11:00:00+05:30,5429.4,31.8,69.0,9.4,177.8
2025-09-20 12:00:00+05:30,5795.6,33.2,67.0,10.6,148.4
2025-09-20 13:00:00+05:30,6086.3,34.0,65.0,10.2,187.5
2025-09-20 14:00:00+05:30,6370.6,34.9,66.0,14.5,176.6
2025-09-20 15:00:00+05:30,6413.1,35.4,62.0,13.4,152.6
2025-09-20 16:00:00+05:30,6473.7,35.6,65.0,8.3,87.1
2025-09-20 17:00:00+05:30,6179.6,35.6,56.0,13.3,45.0
2025-09-20 18:00:00+05:30,5982.9,34.7,66.0,10.7,8.6
2025-09-20 19:00:00+05:30,6053.1,34.6,63.0,12.9,0.0
2025-09-20 20:00:00+05:30,6158.0,33.5,64.0,13.2,0.0
2025-09-20 21:00:00+05:30,5701.4,32.2,65.0,10.3,0.0
2025-09-20 22:00:00+05:30,5374.8,31.7,66.0,5.4,0.0
2025-09-20 23:00:00+05:30,4973.1,30.2,66.0,4.0,0.0
2025-09-21 00:00:00+05:30,4598.1,28.5,68.0,4.9,0.0
2025-09-21 01:00:00+05:30,4244.3,27.7,74.0,5.8,0.0
2025-09-21 02:00:00+05:30,4038.2,27.0,72.0,4.4,0.0
2025-09-21 03:00:00+05:30,3880.4,26.7,70.0,5.1,0.0
2025-09-21 04:00:00+05:30,3841.6,26.6,68.0,5.4,0.0
2025-09-21 05:00:00+05:30,3995.7,27.2,70.0,0.7,0.0
2025-09-21 06:00:00+05:30,4300.6,28.1,72.0,2.7,2.7
2025-09-21 07:00:00+05:30,4585.3,28.6,70.0,8.5,41.3
2025-09-21 08:00:00+05:30,4875.7,29.2,68.0,9.2,81.0
2025-09-21 09:00:00+05:30,5374.0,30.7,69.0,7.1,142.3
2025-09-21 10:00:00+05:30,5616.6,31.5,64.0,6.4,187.0
2025-09-21 11:00:00+05:30,5866.2,32.7,68.0,10.6,191.3
2025-09-21 12:00:00+05:30,6096.8,33.8,63.0,13.2,186.4
2025-09-21 13:00:00+05:30,6281.0,34.7,65.0,10.9,170.9
2025-09-21 14:00:00+05:30,6505.2,35.5,61.0,11.9,195.0
2025-09-21 15:00:00+05:30,6734.3,36.2,58.0,14.8,145.1
2025-09-21 16:00:00+05:30,6824.9,36.0,61.0,12.2,69.7
2025-09-21 17:00:00+05:30,6680.5,36.2,61.0,12.6,38.8
2025-09-21 18:00:00+05:30,6469.9,35.7,62.0,9.0,9.4
2025-09-21 19:00:00+05:30,6173.3,34.2,61.0,11.3,0.0
2025-09-21 20:00:00+05:30,6131.6,33.2,63.0,16.1,0.0
2025-09-21 21:00:00+05:30,5630.6,31.8,67.0,9.6,0.0
2025-09-21 22:00:00+05:30,5007.1,30.1,70.0,9.9,0.0
2025-09-21 23:00:00+05:30,4682.8,29.3,67.0,9.2,0.0
2025-09-22 00:00:00+05:30,4610.0,28.2,69.0,6.2,0.0
2025-09-22 01:00:00+05:30,4265.1,27.0,66.0,1.3,0.0
2025-09-22 02:00:00+05:30,3944.4,25.8,72.0,1.4,0.0
2025-09-22 03:00:00+05:30,3712.0,24.9,71.0,3.8,0.0
2025-09-22 04:00:00+05:30,3738.7,25.2,73.0,2.9,0.0
2025-09-22 05:00:00+05:30,3801.1,24.8,73.0,2.0,0.0
2025-09-22 06:00:00+05:30,4087.9,25.7,74.0,1.7,3.3
2025-09-22 07:00:00+05:30,4502.2,26.3,77.0,0.4,24.6
2025-09-22 08:00:00+05:30,4739.0,27.0,68.0,2.2,97.2
2025-09-22 09:00:00+05:30,5184.0,27.8,74.0,3.5,48.2
2025-09-22 10:00:00+05:30,5348.3,28.6,61.0,11.8,144.2
2025-09-22 11:00:00+05:30,5548.6,29.6,67.0,10.3,195.0
2025-09-22 12:00:00+05:30,5833.8,30.9,63.0,8.9,225.0
2025-09-22 13:00:00+05:30,6064.5,31.6,67.0,11.6,194.7
2025-09-22 14:00:00+05:30,6387.0,32.8,62.0,10.4,185.2
2025-09-22 15:00:00+05:30,6525.9,33.0,63.0,9.4,96.0
2025-09-22 16:00:00+05:30,6596.4,33.3,69.0,10.9,92.4
2025-09-22 17:00:00+05:30,6340.1,33.2,69.0,13.1,42.5
2025-09-22 18:00:00+05:30,5937.4,32.3,64.0,13.3,10.0
2025-09-22 19:00:00+05:30,5736.2,31.6,66.0,7.6,0.0
2025-09-22 20:00:00+05:30,5794.8,31.0,67.0,12.1,0.0
2025-09-22 21:00:00+05:30,5297.0,29.2,72.0,8.4,0.0
2025-09-22 22:00:00+05:30,4628.4,27.8,67.0,6.1,0.0
2025-09-22 23:00:00+05:30,4338.0,26.6,74.0,4.7,0.0
2025-09-23 00:00:00+05:30,3940.1,25.3,71.0,5.9,0.0
2025-09-23 01:00:00+05:30,3633.3,24.5,74.0,7.1,0.0
2025-09-23 02:00:00+05:30,3381.9,23.8,73.0,3.6,0.0
2025-09-23 03:00:00+05:30,3358.9,23.7,75.0,5.1,0.0
2025-09-23 04:00:00+05:30,3195.5,22.9,73.0,0.5,0.0
2025-09-23 05:00:00+05:30,3301.4,22.8,73.0,5.5,0.0
2025-09-23 06:00:00+05:30,3574.1,23.3,77.0,7.9,2.4
2025-09-23 07:00:00+05:30,3999.8,24.5,74.0,5.1,31.7
2025-09-23 08:00:00+05:30,4425.7,25.5,72.0,6.3,51.5
2025-09-23 09:00:00+05:30,4816.4,26.9,72.0,6.2,60.0
2025-09-23 10:00:00+05:30,5092.2,27.6,71.0,8.3,58.9
2025-09-23 11:00:00+05:30,5462.0,29.0,74.0,11.2,82.2
2025-09-23 12:00:00+05:30,5497.0,29.9,65.0,9.4,186.5
2025-09-23 13:00:00+05:30,5889.8,31.2,71.0,11.0,105.8
2025-09-23 14:00:00+05:30,6041.0,32.1,66.0,12.8,180.3
2025-09-23 15:00:00+05:30,6059.1,32.5,63.0,13.1,145.8
2025-09-23 16:00:00+05:30,6043.5,32.3,66.0,11.3,91.7
2025-09-23 17:00:00+05:30,5808.1,32.2,72.0,9.0,19.0
2025-09-23 18:00:00+05:30,5482.5,31.6,69.0,9.7,9.3
2025-09-23 19:00:00+05:30,5390.9,31.2,65.0,8.7,0.0
2025-09-23 20:00:00+05:30,5286.2,29.7,67.0,11.8,0.0
2025-09-23 21:00:00+05:30,4904.9,28.5,68.0,10.7,0.0
2025-09-23 22:00:00+05:30,4478.4,27.3,68.0,6.2,0.0
2025-09-23 23:00:00+05:30,4065.7,25.5,68.0,7.2,0.0
2025-09-24 00:00:00+05:30,3773.4,24.7,72.0,5.1,0.0
2025-09-24 01:00:00+05:30,3519.1,23.8,69.0,3.8,0.0
2025-09-24 02:00:00+05:30,3496.6,23.1,72.0,4.9,0.0
2025-09-24 03:00:00+05:30,3340.6,22.4,80.0,4.5,0.0
2025-09-24 04:00:00+05:30,3278.2,22.5,77.0,2.6,0.0
2025-09-24 05:00:00+05:30,3430.5,23.2,71.0,5.8,0.0
2025-09-24 06:00:00+05:30,3649.0,23.9,80.0,10.1,2.2
2025-09-24 07:00:00+05:30,3959.2,24.9,65.0,6.8,48.8
2025-09-24 08:00:00+05:30,4297.5,26.2,67.0,6.3,84.2
2025-09-24 09:00:00+05:30,4664.7,27.7,66.0,6.0,133.6
2025-09-24 10:00:00+05:30,4875.8,28.4,71.0,9.8,84.8
2025-09-24 11:00:00+05:30,5154.4,30.1,67.0,8.2,184.5
2025-09-24 12:00:00+05:30,5360.0,31.6,60.0,11.6,175.2
2025-09-24 13:00:00+05:30,5673.3,32.3,65.0,12.9,205.8
2025-09-24 14:00:00+05:30,5990.8,33.4,62.0,13.9,128.8
2025-09-24 15:00:00+05:30,6203.8,33.6,61.0,13.1,135.5
2025-09-24 16:00:00+05:30,6256.6,33.8,65.0,12.8,88.6
2025-09-24 17:00:00+05:30,5866.5,32.6,64.0,10.6,41.4
2025-09-24 18:00:00+05:30,5473.4,32.3,59.0,12.4,7.6
2025-09-24 19:00:00+05:30,5557.6,31.4,69.0,11.0,0.0
2025-09-24 20:00:00+05:30,5579.8,30.8,64.0,4.0,0.0
2025-09-24 21:00:00+05:30,5163.2,29.2,71.0,11.9,0.0
2025-09-24 22:00:00+05:30,4751.9,28.6,70.0,6.2,0.0
2025-09-24 23:00:00+05:30,4495.7,27.9,67.0,8.5,0.0
2025-09-25 00:00:00+05:30,4163.2,26.3,65.0,1.4,0.0
2025-09-25 01:00:00+05:30,3877.8,25.3,70.0,8.6,0.0
2025-09-25 02:00:00+05:30,3662.4,24.6,68.0,7.3,0.0
2025-09-25 03:00:00+05:30,3533.0,24.2,70.0,5.9,0.0
2025-09-25 04:00:00+05:30,3582.8,24.2,68.0,5.6,0.0
2025-09-25 05:00:00+05:30,3588.3,24.5,67.0,7.5,0.0
2025-09-25 06:00:00+05:30,3813.5,25.2,70.0,7.4,12.5
2025-09-25 07:00:00+05:30,4198.2,26.6,67.0,4.0,50.5
2025-09-25 08:00:00+05:30,4554.2,26.6,70.0,4.2,30.6
2025-09-25 09:00:00+05:30,4786.6,27.5,71.0,11.7,76.6
2025-09-25 10:00:00+05:30,5112.0,28.9,65.0,11.5,169.4
2025-09-25 11:00:00+05:30,5400.4,30.0,64.0,7.9,152.6
2025-09-25 12:00:00+05:30,5859.5,31.9,61.0,15.0,225.0
2025-09-25 13:00:00+05:30,6128.2,33.1,60.0,8.8,143.6
2025-09-25 14:00:00+05:30,6510.5,34.3,64.0,13.4,162.8
2025-09-25 15:00:00+05:30,6655.2,35.1,62.0,13.8,116.5
2025-09-25 16:00:00+05:30,6812.4,35.5,64.0,9.9,105.0
2025-09-25 17:00:00+05:30,6622.4,35.2,63.0,11.3,41.2
2025-09-25 18:00:00+05:30,6242.1,34.3,67.0,12.6,9.0
2025-09-25 19:00:00+05:30,6051.7,32.9,60.0,10.1,0.0
2025-09-25 20:00:00+05:30,6115.0,31.8,62.0,9.9,0.0
2025-09-25 21:00:00+05:30,5661.5,30.7,68.0,12.3,0.0
2025-09-25 22:00:00+05:30,5204.7,29.6,66.0,5.6,0.0
2025-09-25 23:00:00+05:30,4838.4,28.3,69.0,4.4,0.0
2025-09-26 00:00:00+05:30,4544.0,27.5,71.0,8.6,0.0
2025-09-26 01:00:00+05:30,4170.1,26.5,70.0,0.0,0.0
2025-09-26 02:00:00+05:30,3828.7,25.5,67.0,6.2,0.0
2025-09-26 03:00:00+05:30,3675.4,25.2,67.0,6.4,0.0
2025-09-26 04:00:00+05:30,3661.0,24.7,74.0,3.8,0.0
2025-09-26 05:00:00+05:30,3806.2,25.4,71.0,3.2,0.0
2025-09-26 06:00:00+05:30,3956.4,25.8,68.0,7.9,10.3
2025-09-26 07:00:00+05:30,4303.2,26.7,63.0,1.7,44.1
2025-09-26 08:00:00+05:30,4744.5,27.6,70.0,8.0,47.5
2025-09-26 09:00:00+05:30,5135.6,29.0,61.0,6.8,146.1
2025-09-26 10:00:00+05:30,5514.9,30.2,65.0,9.9,143.8
2025-09-26 11:00:00+05:30,5749.2,31.4,62.0,11.3,201.0
2025-09-26 12:00:00+05:30,6077.7,32.7,62.0,11.2,158.4
2025-09-26 13:00:00+05:30,6342.0,33.6,59.0,14.3,178.6
2025-09-26 14:00:00+05:30,6669.0,34.2,56.0,10.8,133.7
2025-09-26 15:00:00+05:30,6784.8,34.7,56.0,11.9,123.8
2025-09-26 16:00:00+05:30,6711.9,34.5,58.0,14.2,104.4
2025-09-26 17:00:00+05:30,6528.8,34.7,58.0,16.5,42.3
2025-09-26 18:00:00+05:30,6259.3,34.0,64.0,11.1,7.7
2025-09-26 19:00:00+05:30,6138.5,33.5,66.0,13.7,0.0
2025-09-26 20:00:00+05:30,6020.5,31.9,61.0,10.3,0.0
2025-09-26 21:00:00+05:30,5663.8,30.4,68.0,10.4,0.0
2025-09-26 22:00:00+05:30,5196.3,29.4,64.0,8.0,0.0
2025-09-26 23:00:00+05:30,4616.1,27.4,68.0,7.1,0.0
2025-09-27 00:00:00+05:30,4104.0,26.3,70.0,1.5,0.0
2025-09-27 01:00:00+05:30,3667.2,25.1,75.0,3.5,0.0
2025-09-27 02:00:00+05:30,3491.7,24.6,66.0,2.3,0.0
2025-09-27 03:00:00+05:30,3399.4,24.2,68.0,6.3,0.0
2025-09-27 04:00:00+05:30,3278.3,23.6,73.0,4.1,0.0
2025-09-27 05:00:00+05:30,3378.5,23.8,73.0,7.0,0.0
2025-09-27 06:00:00+05:30,3602.1,24.0,66.0,4.8,8.8
2025-09-27 07:00:00+05:30,3960.1,24.8,67.0,4.8,43.8
2025-09-27 08:00:00+05:30,4205.5,25.7,69.0,9.7,112.5
2025-09-27 09:00:00+05:30,4475.7,26.7,60.0,5.5,147.0
2025-09-27 10:00:00+05:30,4901.4,28.1,63.0,10.3,185.6
2025-09-27 11:00:00+05:30,5097.0,29.4,66.0,9.5,186.6
2025-09-27 12:00:00+05:30,5328.7,30.8,65.0,15.3,211.4
2025-09-27 13:00:00+05:30,5566.9,31.5,62.0,10.3,151.8
2025-09-27 14:00:00+05:30,5802.2,32.2,63.0,15.2,195.0
2025-09-27 15:00:00+05:30,5781.8,32.4,57.0,11.8,125.7
2025-09-27 16:00:00+05:30,5635.5,32.2,63.0,10.9,103.1
2025-09-27 17:00:00+05:30,5362.4,31.2,67.0,12.2,39.9
2025-09-27 18:00:00+05:30,5205.7,31.2,68.0,14.3,7.7
2025-09-27 19:00:00+05:30,5096.1,30.5,63.0,7.3,0.0
2025-09-27 20:00:00+05:30,4985.1,29.8,62.0,10.7,0.0
2025-09-27 21:00:00+05:30,4611.2,28.1,62.0,12.3,0.0
2025-09-27 22:00:00+05:30,4125.2,27.0,69.0,9.8,0.0
2025-09-27 23:00:00+05:30,3764.1,26.0,70.0,9.2,0.0
2025-09-28 00:00:00+05:30,3423.8,24.8,69.0,7.2,0.0
2025-09-28 01:00:00+05:30,3133.0,23.5,66.0,8.7,0.0
2025-09-28 02:00:00+05:30,2986.9,23.4,69.0,1.3,0.0
2025-09-28 03:00:00+05:30,2792.8,22.0,68.0,4.9,0.0
2025-09-28 04:00:00+05:30,2634.2,21.2,70.0,4.0,0.0
2025-09-28 05:00:00+05:30,2776.4,21.9,67.0,5.4,0.0
2025-09-28 06:00:00+05:30,2941.0,22.5,78.0,2.8,3.5
2025-09-28 07:00:00+05:30,3222.5,22.6,71.0,7.3,20.4
2025-09-28 08:00:00+05:30,3639.3,24.2,69.0,7.1,102.3
2025-09-28 09:00:00+05:30,4004.6,25.6,70.0,1.9,103.6
2025-09-28 10:00:00+05:30,4453.8,27.0,68.0,5.7,140.8
2025-09-28 11:00:00+05:30,4846.4,28.6,68.0,7.9,188.2
2025-09-28 12:00:00+05:30,5088.7,29.8,63.0,15.3,194.2
2025-09-28 13:00:00+05:30,5158.1,30.5,62.0,11.3,183.9
2025-09-28 14:00:00+05:30,5294.5,30.7,63.0,11.0,144.5
2025-09-28 15:00:00+05:30,5318.1,31.0,61.0,10.9,123.7
2025-09-28 16:00:00+05:30,5466.5,31.7,64.0,15.1,76.0
2025-09-28 17:00:00+05:30,5284.0,31.8,67.0,13.6,36.4
2025-09-28 18:00:00+05:30,5042.5,31.3,65.0,14.9,8.1
2025-09-28 19:00:00+05:30,4969.3,30.6,61.0,10.6,0.0
2025-09-28 20:00:00+05:30,4931.4,29.1,66.0,12.0,0.0
2025-09-28 21:00:00+05:30,4501.6,27.7,67.0,10.5,0.0
2025-09-28 22:00:00+05:30,4076.3,26.0,72.0,12.0,0.0
2025-09-28 23:00:00+05:30,3677.9,24.5,71.0,6.1,0.0
2025-09-29 00:00:00+05:30,3575.4,23.0,68.0,7.8,0.0
2025-09-29 01:00:00+05:30,3327.0,21.9,71.0,2.4,0.0
2025-09-29 02:00:00+05:30,3105.3,20.7,70.0,4.7,0.0
2025-09-29 03:00:00+05:30,2993.4,20.1,78.0,0.0,0.0
2025-09-29 04:00:00+05:30,2874.1,19.7,74.0,4.8,0.0
2025-09-29 05:00:00+05:30,2986.0,19.9,76.0,7.1,0.0
2025-09-29 06:00:00+05:30,3144.4,20.4,70.0,0.0,4.2
2025-09-29 07:00:00+05:30,3375.0,21.8,73.0,8.0,14.7
2025-09-29 08:00:00+05:30,3799.7,23.1,71.0,5.8,37.1
2025-09-29 09:00:00+05:30,4059.7,24.8,75.0,10.1,74.7
2025-09-29 10:00:00+05:30,4243.3,26.1,69.0,9.0,161.2
2025-09-29 11:00:00+05:30,4530.8,27.6,63.0,12.5,200.8
2025-09-29 12:00:00+05:30,4829.4,29.0,61.0,12.4,204.3
2025-09-29 13:00:00+05:30,5169.9,30.7,62.0,13.7,195.8
2025-09-29 14:00:00+05:30,5401.2,31.5,54.0,13.7,182.4
2025-09-29 15:00:00+05:30,5561.4,31.7,61.0,13.9,140.3
2025-09-29 16:00:00+05:30,5607.0,31.4,66.0,12.0,105.0
2025-09-29 17:00:00+05:30,5435.4,31.6,60.0,11.5,44.0
2025-09-29 18:00:00+05:30,5253.6,31.5,61.0,8.5,8.2
2025-09-29 19:00:00+05:30,5196.5,31.0,59.0,11.5,0.0
2025-09-29 20:00:00+05:30,5163.2,29.7,64.0,6.7,0.0
2025-09-29 21:00:00+05:30,4585.1,28.2,62.0,6.4,0.0
2025-09-29 22:00:00+05:30,3971.6,25.9,72.0,12.4,0.0
2025-09-29 23:00:00+05:30,3704.3,25.2,70.0,4.5,0.0
2025-09-30 00:00:00+05:30,3362.4,23.4,70.0,4.9,0.0
2025-09-30 01:00:00+05:30,3019.5,21.9,74.0,6.7,0.0
2025-09-30 02:00:00+05:30,2931.2,21.6,68.0,8.4,0.0
2025-09-30 03:00:00+05:30,2979.0,20.8,74.0,4.6,0.0
2025-09-30 04:00:00+05:30,2949.8,21.3,69.0,0.7,0.0
2025-09-30 05:00:00+05:30,3145.8,22.0,68.0,0.0,0.0
2025-09-30 06:00:00+05:30,3410.7,23.1,70.0,5.0,12.3
2025-09-30 07:00:00+05:30,3691.0,23.6,69.0,6.4,41.8
2025-09-30 08:00:00+05:30,3979.1,25.0,65.0,1.1,103.4
2025-09-30 09:00:00+05:30,4297.8,26.0,66.0,2.9,121.8
2025-09-30 10:00:00+05:30,4758.4,27.9,63.0,11.0,150.6
2025-09-30 11:00:00+05:30,4970.1,28.8,54.0,13.2,200.8
2025-09-30 12:00:00+05:30,5247.6,30.6,61.0,7.7,213.0
2025-09-30 13:00:00+05:30,5605.5,32.1,58.0,10.6,191.8
2025-09-30 14:00:00+05:30,5804.6,32.3,60.0,11.8,186.3
2025-09-30 15:00:00+05:30,5972.2,33.0,59.0,11.9,144.2
2025-09-30 16:00:00+05:30,6121.0,33.8,61.0,14.3,95.1
2025-09-30 17:00:00+05:30,5895.7,33.3,58.0,9.0,40.0
2025-09-30 18:00:00+05:30,5666.2,33.1,61.0,12.4,9.8
2025-09-30 19:00:00+05:30,5642.6,32.5,65.0,9.2,0.0
2025-09-30 20:00:00+05:30,5505.0,31.5,57.0,14.0,0.0
2025-09-30 21:00:00+05:30,5104.3,30.6,60.0,14.9,0.0
2025-09-30 22:00:00+05:30,4608.4,29.1,61.0,10.7,0.0
2025-09-30 23:00:00+05:30,4219.6,27.3,66.0,0.0,0.0
2025-10-01 00:00:00+05:30,3873.5,25.8,66.0,7.4,0.0
2025-10-01 01:00:00+05:30,3597.1,24.7,67.0,4.2,0.0
2025-10-01 02:00:00+05:30,3278.7,23.8,63.0,1.4,0.0
2025-10-01 03:00:00+05:30,3102.2,23.3,68.0,0.4,0.0
2025-10-01 04:00:00+05:30,3052.4,22.7,70.0,7.2,0.0
2025-10-01 05:00:00+05:30,3240.7,22.9,64.0,2.7,0.0
2025-10-01 06:00:00+05:30,3447.2,23.3,72.0,3.4,3.7
2025-10-01 07:00:00+05:30,3729.3,23.6,60.0,1.7,42.3
2025-10-01 08:00:00+05:30,3987.1,24.4,64.0,11.3,95.0
2025-10-01 09:00:00+05:30,4260.1,25.5,68.0,7.2,135.1
2025-10-01 10:00:00+05:30,4635.8,26.9,66.0,6.0,172.3
2025-10-01 11:00:00+05:30,4925.5,28.2,64.0,9.2,213.8
2025-10-01 12:00:00+05:30,5248.6,29.5,62.0,11.4,202.5
2025-10-01 13:00:00+05:30,5560.7,30.5,60.0,5.9,198.2
2025-10-01 14:00:00+05:30,5823.8,31.0,57.0,10.6,117.1
2025-10-01 15:00:00+05:30,5896.7,31.5,61.0,11.5,130.6
2025-10-01 16:00:00+05:30,5873.9,31.5,62.0,7.9,86.5
2025-10-01 17:00:00+05:30,5609.5,31.2,64.0,14.3,39.6
2025-10-01 18:00:00+05:30,5337.0,30.4,67.0,13.2,7.6
2025-10-01 19:00:00+05:30,5176.9,30.2,67.0,2.9,0.0
2025-10-01 20:00:00+05:30,5221.8,29.7,63.0,12.0,0.0
2025-10-01 21:00:00+05:30,4939.5,29.2,59.0,8.6,0.0
2025-10-01 22:00:00+05:30,4483.9,27.5,67.0,9.5,0.0
2025-10-01 23:00:00+05:30,4055.5,26.4,62.0,5.4,0.0
2025-10-02 00:00:00+05:30,3361.9,25.2,61.0,7.6,0.0
2025-10-02 01:00:00+05:30,3305.2,24.3,65.0,3.2,0.0
2025-10-02 02:00:00+05:30,3228.8,23.9,63.0,2.3,0.0
2025-10-02 03:00:00+05:30,2987.4,23.1,69.0,5.0,0.0
2025-10-02 04:00:00+05:30,2984.6,22.6,73.0,1.9,0.0
2025-10-02 05:00:00+05:30,3033.8,23.3,72.0,3.0,0.0
2025-10-02 06:00:00+05:30,3230.6,23.8,70.0,7.9,5.6
2025-10-02 07:00:00+05:30,3485.3,24.6,68.0,9.2,47.1
2025-10-02 08:00:00+05:30,3802.9,25.7,59.0,5.7,99.2
2025-10-02 09:00:00+05:30,4094.2,26.5,62.0,9.1,128.0
2025-10-02 10:00:00+05:30,4355.6,28.1,54.0,9.2,186.9
2025-10-02 11:00:00+05:30,4731.5,30.0,56.0,9.0,201.7
2025-10-02 12:00:00+05:30,5214.6,32.2,60.0,10.4,147.8
2025-10-02 13:00:00+05:30,5352.3,32.7,64.0,7.1,202.6
2025-10-02 14:00:00+05:30,5497.7,33.2,58.0,15.0,154.0
2025-10-02 15:00:00+05:30,5508.6,33.4,59.0,10.9,126.3
2025-10-02 16:00:00+05:30,5413.2,33.2,59.0,12.3,87.5
2025-10-02 17:00:00+05:30,5244.8,33.3,52.0,14.9,48.6
2025-10-02 18:00:00+05:30,5163.2,32.9,56.0,11.0,8.7
2025-10-02 19:00:00+05:30,5048.8,32.2,58.0,11.6,0.0
2025-10-02 20:00:00+05:30,5002.8,31.4,57.0,7.6,0.0
2025-10-02 21:00:00+05:30,4601.7,29.7,62.0,10.6,0.0
2025-10-02 22:00:00+05:30,4309.2,28.5,63.0,7.7,0.0
2025-10-02 23:00:00+05:30,3802.8,27.3,64.0,7.0,0.0
2025-10-03 00:00:00+05:30,4006.1,26.0,63.0,6.1,0.0
2025-10-03 01:00:00+05:30,3612.3,24.9,57.0,6.4,0.0
2025-10-03 02:00:00+05:30,3423.0,24.1,59.0,0.0,0.0
2025-10-03 03:00:00+05:30,3232.0,23.2,63.0,3.9,0.0
2025-10-03 04:00:00+05:30,3135.7,22.6,58.0,3.1,0.0
2025-10-03 05:00:00+05:30,3285.9,22.8,66.0,3.7,0.0
2025-10-03 06:00:00+05:30,3519.0,23.2,64.0,6.7,10.5
2025-10-03 07:00:00+05:30,3854.9,23.9,66.0,7.0,44.5
2025-10-03 08:00:00+05:30,4259.7,24.9,59.0,7.4,87.0
2025-10-03 09:00:00+05:30,4645.6,25.7,62.0,2.5,118.4
2025-10-03 10:00:00+05:30,4816.6,26.4,65.0,8.2,192.2
2025-10-03 11:00:00+05:30,5130.5,27.9,63.0,6.1,199.1
2025-10-03 12:00:00+05:30,5375.1,28.6,60.0,13.8,172.8
2025-10-03 13:00:00+05:30,5593.0,30.1,61.0,6.0,220.0
2025-10-03 14:00:00+05:30,5874.6,31.0,62.0,11.9,179.5
2025-10-03 15:00:00+05:30,5929.5,31.0,63.0,15.1,115.9
2025-10-03 16:00:00+05:30,5689.6,30.8,61.0,9.8,92.9
2025-10-03 17:00:00+05:30,5335.4,30.2,60.0,14.2,42.6
2025-10-03 18:00:00+05:30,5155.1,29.6,60.0,9.7,7.6
2025-10-03 19:00:00+05:30,5118.1,29.0,60.0,7.6,0.0
2025-10-03 20:00:00+05:30,5242.5,28.8,63.0,6.3,0.0
2025-10-03 21:00:00+05:30,4861.5,27.8,60.0,11.6,0.0
2025-10-03 22:00:00+05:30,4399.7,26.3,66.0,9.0,0.0
2025-10-03 23:00:00+05:30,4077.4,25.3,67.0,7.8,0.0
2025-10-04 00:00:00+05:30,3440.8,23.5,68.0,9.2,0.0
2025-10-04 01:00:00+05:30,3094.9,22.3,67.0,4.8,0.0
2025-10-04 02:00:00+05:30,2936.1,21.3,65.0,6.0,0.0
2025-10-04 03:00:00+05:30,2925.1,21.0,73.0,3.2,0.0
2025-10-04 04:00:00+05:30,2867.1,21.3,70.0,7.1,0.0
2025-10-04 05:00:00+05:30,2930.4,21.6,66.0,3.0,0.0
2025-10-04 06:00:00+05:30,3015.5,22.1,65.0,4.6,9.1
2025-10-04 07:00:00+05:30,3190.2,22.6,67.0,4.4,44.8
2025-10-04 08:00:00+05:30,3701.7,24.2,63.0,2.9,94.5
2025-10-04 09:00:00+05:30,4164.9,26.3,64.0,8.2,152.4
2025-10-04 10:00:00+05:30,4441.5,27.3,67.0,10.4,167.0
2025-10-04 11:00:00+05:30,4790.1,28.8,59.0,5.7,193.6
2025-10-04 12:00:00+05:30,4990.4,29.5,64.0,8.7,177.5
2025-10-04 13:00:00+05:30,5238.0,30.5,62.0,10.5,198.1
2025-10-04 14:00:00+05:30,5467.7,31.0,62.0,13.9,157.7
2025-10-04 15:00:00+05:30,5501.0,31.5,61.0,7.7,108.2
2025-10-04 16:00:00+05:30,5363.5,31.2,57.0,12.0,57.9
2025-10-04 17:00:00+05:30,5124.9,31.3,60.0,12.8,39.1
2025-10-04 18:00:00+05:30,4862.7,30.7,58.0,7.7,9.1
2025-10-04 19:00:00+05:30,4757.0,30.2,61.0,9.2,0.0
2025-10-04 20:00:00+05:30,4755.4,29.4,62.0,10.1,0.0
2025-10-04 21:00:00+05:30,4354.6,28.0,62.0,7.2,0.0
2025-10-04 22:00:00+05:30,3989.2,26.7,61.0,5.9,0.0
2025-10-04 23:00:00+05:30,3654.6,26.2,68.0,9.4,0.0
2025-10-05 00:00:00+05:30,3375.2,25.0,66.0,7.4,0.0
2025-10-05 01:00:00+05:30,3076.3,23.5,70.0,5.1,0.0
2025-10-05 02:00:00+05:30,2824.3,22.2,66.0,6.1,0.0
2025-10-05 03:00:00+05:30,2720.4,22.2,67.0,2.6,0.0
2025-10-05 04:00:00+05:30,2648.1,21.4,66.0,1.2,0.0
2025-10-05 05:00:00+05:30,2654.6,21.1,72.0,6.5,0.0
2025-10-05 06:00:00+05:30,2892.4,21.6,71.0,7.0,3.8
2025-10-05 07:00:00+05:30,3215.5,22.4,71.0,6.6,18.1
2025-10-05 08:00:00+05:30,3542.7,23.8,68.0,4.9,84.4
2025-10-05 09:00:00+05:30,3917.3,25.5,64.0,12.5,162.5
2025-10-05 10:00:00+05:30,4271.0,27.0,61.0,7.5,146.6
2025-10-05 11:00:00+05:30,4424.6,27.9,59.0,12.8,220.0
2025-10-05 12:00:00+05:30,4647.9,29.5,60.0,7.5,202.6
2025-10-05 13:00:00+05:30,4914.7,30.6,56.0,16.5,217.8
2025-10-05 14:00:00+05:30,5169.1,30.6,59.0,10.9,147.5
2025-10-05 15:00:00+05:30,5255.8,31.0,63.0,9.6,153.2
2025-10-05 16:00:00+05:30,5128.7,31.2,57.0,8.7,94.2
2025-10-05 17:00:00+05:30,5003.3,30.8,64.0,9.3,49.0
2025-10-05 18:00:00+05:30,4804.4,30.0,59.0,15.1,7.7
2025-10-05 19:00:00+05:30,4695.1,29.2,63.0,12.4,0.0
2025-10-05 20:00:00+05:30,4495.4,27.9,63.0,13.6,0.0
2025-10-05 21:00:00+05:30,4253.8,27.0,58.0,4.8,0.0
2025-10-05 22:00:00+05:30,3753.9,25.4,62.0,7.7,0.0
2025-10-05 23:00:00+05:30,3350.4,23.5,67.0,4.2,0.0
2025-10-06 00:00:00+05:30,3310.7,22.1,66.0,5.3,0.0
2025-10-06 01:00:00+05:30,3047.6,21.0,67.0,4.8,0.0
2025-10-06 02:00:00+05:30,2987.4,20.4,72.0,5.9,0.0
2025-10-06 03:00:00+05:30,2905.2,19.6,70.0,6.3,0.0
2025-10-06 04:00:00+05:30,2844.7,19.3,70.0,5.5,0.0
2025-10-06 05:00:00+05:30,2900.6,19.5,70.0,5.5,0.0
2025-10-06 06:00:00+05:30,3073.1,19.7,76.0,4.0,4.2
2025-10-06 07:00:00+05:30,3293.1,20.4,69.0,4.3,40.9
2025-10-06 08:00:00+05:30,3477.6,21.5,64.0,5.8,75.5
2025-10-06 09:00:00+05:30,3727.5,22.1,67.0,7.0,125.7
2025-10-06 10:00:00+05:30,3984.3,23.2,72.0,6.2,49.2
2025-10-06 11:00:00+05:30,4101.0,24.6,61.0,10.1,192.7
2025-10-06 12:00:00+05:30,4320.0,26.0,65.0,8.9,181.0
2025-10-06 13:00:00+05:30,4469.1,26.8,63.0,11.2,172.6
2025-10-06 14:00:00+05:30,4753.4,27.8,67.0,7.8,157.8
2025-10-06 15:00:00+05:30,4882.0,28.5,55.0,15.5,92.5
2025-10-06 16:00:00+05:30,4918.9,29.1,62.0,10.9,104.1
2025-10-06 17:00:00+05:30,4751.4,29.4,61.0,11.4,46.2
2025-10-06 18:00:00+05:30,4702.4,29.1,63.0,10.6,10.0
2025-10-06 19:00:00+05:30,4520.4,28.4,57.0,6.7,0.0
2025-10-06 20:00:00+05:30,4360.8,27.0,66.0,10.1,0.0
2025-10-06 21:00:00+05:30,3917.4,25.5,61.0,6.3,0.0
2025-10-06 22:00:00+05:30,3454.2,23.9,66.0,9.1,0.0
2025-10-06 23:00:00+05:30,3179.9,22.5,70.0,5.0,0.0
2025-10-07 00:00:00+05:30,2978.5,21.6,66.0,4.3,0.0
2025-10-07 01:00:00+05:30,2894.7,20.8,68.0,0.9,0.0
2025-10-07 02:00:00+05:30,2738.0,19.9,65.0,1.4,0.0
2025-10-07 03:00:00+05:30,2643.9,19.9,69.0,4.8,0.0
2025-10-07 04:00:00+05:30,2657.4,20.0,65.0,5.0,0.0
2025-10-07 05:00:00+05:30,2755.0,19.7,67.0,2.9,0.0
2025-10-07 06:00:00+05:30,2949.5,20.1,70.0,4.9,12.5
2025-10-07 07:00:00+05:30,3186.1,20.8,74.0,0.0,23.2
2025-10-07 08:00:00+05:30,3407.4,21.9,64.0,5.9,101.8
2025-10-07 09:00:00+05:30,3574.5,23.8,62.0,7.1,155.6
2025-10-07 10:00:00+05:30,3895.0,24.8,61.0,7.1,176.2
2025-10-07 11:00:00+05:30,4030.2,25.7,66.0,10.1,180.0
2025-10-07 12:00:00+05:30,4243.7,27.2,60.0,8.7,181.9
2025-10-07 13:00:00+05:30,4518.4,28.5,66.0,11.8,200.1
2025-10-07 14:00:00+05:30,4733.9,29.7,59.0,12.1,169.1
2025-10-07 15:00:00+05:30,4794.8,29.8,57.0,9.6,132.6
2025-10-07 16:00:00+05:30,4909.8,29.8,56.0,15.7,94.9
2025-10-07 17:00:00+05:30,4763.4,29.1,59.0,13.6,41.9
2025-10-07 18:00:00+05:30,4545.2,28.6,58.0,8.2,8.7
2025-10-07 19:00:00+05:30,4510.5,28.0,62.0,12.1,0.0
2025-10-07 20:00:00+05:30,4559.3,27.4,62.0,8.8,0.0
2025-10-07 21:00:00+05:30,4265.4,25.7,56.0,7.2,0.0
2025-10-07 22:00:00+05:30,3583.4,23.6,62.0,9.5,0.0
2025-10-07 23:00:00+05:30,3434.2,22.5,72.0,2.2,0.0
2025-10-08 00:00:00+05:30,3156.8,21.8,70.0,8.1,0.0
2025-10-08 01:00:00+05:30,3041.4,21.2,61.0,9.0,0.0
2025-10-08 02:00:00+05:30,2865.2,20.9,65.0,4.6,0.0
2025-10-08 03:00:00+05:30,2832.6,20.1,71.0,5.3,0.0
2025-10-08 04:00:00+05:30,2794.5,20.2,69.0,6.8,0.0
2025-10-08 05:00:00+05:30,2826.0,21.1,58.0,5.0,0.0
2025-10-08 06:00:00+05:30,2987.6,22.1,67.0,6.9,12.0
2025-10-08 07:00:00+05:30,3232.5,23.4,61.0,7.4,54.3
2025-10-08 08:00:00+05:30,3668.5,25.0,59.0,4.7,85.0
2025-10-08 09:00:00+05:30,4093.4,26.8,58.0,2.4,120.9
2025-10-08 10:00:00+05:30,4460.9,28.2,59.0,6.3,165.0
2025-10-08 11:00:00+05:30,4695.3,29.2,56.0,12.7,176.7
2025-10-08 12:00:00+05:30,5026.6,30.6,55.0,11.0,179.4
2025-10-08 13:00:00+05:30,5400.8,32.5,58.0,12.1,196.3
2025-10-08 14:00:00+05:30,5743.4,32.9,54.0,10.9,168.4
2025-10-08 15:00:00+05:30,5860.8,32.9,54.0,11.7,127.7
2025-10-08 16:00:00+05:30,5966.1,33.1,54.0,9.4,92.6
2025-10-08 17:00:00+05:30,5617.5,32.8,52.0,9.3,39.9
2025-10-08 18:00:00+05:30,5398.6,32.1,58.0,11.0,6.2
2025-10-08 19:00:00+05:30,5284.8,31.5,54.0,11.1,0.0
2025-10-08 20:00:00+05:30,5065.4,30.4,56.0,9.5,0.0
2025-10-08 21:00:00+05:30,4696.2,28.7,60.0,10.7,0.0
2025-10-08 22:00:00+05:30,4363.0,27.4,62.0,3.5,0.0
2025-10-08 23:00:00+05:30,3976.4,26.0,60.0,7.5,0.0
2025-10-09 00:00:00+05:30,3618.0,24.6,62.0,4.4,0.0
2025-10-09 01:00:00+05:30,3459.0,23.7,61.0,7.8,0.0
2025-10-09 02:00:00+05:30,3204.6,22.8,67.0,4.6,0.0
2025-10-09 03:00:00+05:30,3045.6,22.4,62.0,4.0,0.0
2025-10-09 04:00:00+05:30,2896.6,22.0,68.0,5.9,0.0
2025-10-09 05:00:00+05:30,3061.4,22.3,65.0,2.9,0.0
2025-10-09 06:00:00+05:30,3263.4,22.8,61.0,6.6,11.3
2025-10-09 07:00:00+05:30,3647.9,24.1,58.0,8.8,45.2
2025-10-09 08:00:00+05:30,4000.2,24.8,64.0,9.4,101.8
2025-10-09 09:00:00+05:30,4318.4,25.9,56.0,7.2,144.5
2025-10-09 10:00:00+05:30,4468.1,26.0,60.0,7.7,162.8
2025-10-09 11:00:00+05:30,4826.5,28.0,59.0,8.6,202.0
2025-10-09 12:00:00+05:30,5189.1,29.8,59.0,11.2,161.4
2025-10-09 13:00:00+05:30,5311.1,30.6,56.0,6.0,210.6
2025-10-09 14:00:00+05:30,5618.7,31.8,54.0,8.5,180.3
2025-10-09 15:00:00+05:30,5814.9,32.7,55.0,14.6,132.0
2025-10-09 16:00:00+05:30,5931.6,33.1,53.0,12.1,68.8
2025-10-09 17:00:00+05:30,5745.4,33.0,48.0,10.5,39.3
2025-10-09 18:00:00+05:30,5578.7,32.3,53.0,9.9,6.9
2025-10-09 19:00:00+05:30,5376.8,31.0,55.0,9.3,0.0
2025-10-09 20:00:00+05:30,5337.4,30.1,55.0,15.7,0.0
2025-10-09 21:00:00+05:30,4957.2,28.6,58.0,9.4,0.0
2025-10-09 22:00:00+05:30,4349.1,27.2,59.0,5.7,0.0
2025-10-09 23:00:00+05:30,3945.8,25.9,59.0,11.2,0.0
2025-10-10 00:00:00+05:30,3350.1,23.9,58.0,5.1,0.0
2025-10-10 01:00:00+05:30,3045.6,22.8,67.0,6.3,0.0
2025-10-10 02:00:00+05:30,2809.9,21.9,62.0,0.0,0.0
2025-10-10 03:00:00+05:30,2726.1,21.2,65.0,3.8,0.0
2025-10-10 04:00:00+05:30,2826.6,20.3,64.0,5.8,0.0
2025-10-10 05:00:00+05:30,2959.6,20.5,65.0,6.0,0.0
2025-10-10 06:00:00+05:30,3093.4,20.8,62.0,1.8,12.4
2025-10-10 07:00:00+05:30,3256.3,21.6,66.0,4.3,44.9
2025-10-10 08:00:00+05:30,3729.0,23.1,58.0,5.9,93.6
2025-10-10 09:00:00+05:30,4040.7,24.7,61.0,7.3,110.2
2025-10-10 10:00:00+05:30,4357.6,25.7,61.0,8.1,177.8
2025-10-10 11:00:00+05:30,4714.4,27.2,61.0,10.3,176.7
2025-10-10 12:00:00+05:30,4915.3,28.8,58.0,11.5,199.1
2025-10-10 13:00:00+05:30,5164.8,29.9,56.0,12.4,177.3
2025-10-10 14:00:00+05:30,5423.5,30.8,57.0,9.4,161.2
2025-10-10 15:00:00+05:30,5559.7,31.6,52.0,10.3,135.0
2025-10-10 16:00:00+05:30,5677.4,32.4,54.0,12.9,105.0
2025-10-10 17:00:00+05:30,5496.4,32.2,56.0,11.5,38.7
2025-10-10 18:00:00+05:30,5162.1,31.3,54.0,12.3,7.0
2025-10-10 19:00:00+05:30,5015.0,30.1,59.0,13.7,0.0
2025-10-10 20:00:00+05:30,5003.9,28.7,55.0,11.2,0.0
2025-10-10 21:00:00+05:30,4741.4,28.3,62.0,9.3,0.0
2025-10-10 22:00:00+05:30,4363.1,27.4,57.0,10.3,0.0
2025-10-10 23:00:00+05:30,4130.8,26.4,57.0,7.4,0.0
2025-10-11 00:00:00+05:30,3470.5,24.7,58.0,7.6,0.0
2025-10-11 01:00:00+05:30,3139.2,23.1,61.0,11.1,0.0
2025-10-11 02:00:00+05:30,2921.7,22.0,60.0,5.7,0.0
2025-10-11 03:00:00+05:30,2756.2,21.3,63.0,1.7,0.0
2025-10-11 04:00:00+05:30,2776.7,21.1,64.0,11.3,0.0
2025-10-11 05:00:00+05:30,2753.0,21.5,61.0,1.9,0.0
2025-10-11 06:00:00+05:30,2958.0,22.3,62.0,7.6,11.0
2025-10-11 07:00:00+05:30,3270.2,22.7,61.0,0.0,48.1
2025-10-11 08:00:00+05:30,3662.2,24.0,63.0,6.5,110.2
2025-10-11 09:00:00+05:30,3955.2,25.0,56.0,3.3,145.2
2025-10-11 10:00:00+05:30,4173.8,26.1,56.0,10.5,170.6
2025-10-11 11:00:00+05:30,4439.7,27.3,61.0,11.5,220.0
2025-10-11 12:00:00+05:30,4671.6,28.6,57.0,9.4,187.3
2025-10-11 13:00:00+05:30,4854.5,29.9,55.0,7.6,176.9
2025-10-11 14:00:00+05:30,5070.5,30.9,51.0,14.9,163.2
2025-10-11 15:00:00+05:30,5238.1,31.4,58.0,9.3,115.5
2025-10-11 16:00:00+05:30,5244.1,31.6,46.0,14.6,105.0
2025-10-11 17:00:00+05:30,5157.3,31.5,59.0,10.3,38.6
2025-10-11 18:00:00+05:30,4715.4,30.4,52.0,15.5,9.4
2025-10-11 19:00:00+05:30,4649.3,29.2,58.0,11.5,0.0
2025-10-11 20:00:00+05:30,4627.2,28.2,54.0,11.5,0.0
2025-10-11 21:00:00+05:30,4216.1,26.8,57.0,6.9,0.0
2025-10-11 22:00:00+05:30,3891.9,25.6,66.0,9.0,0.0
2025-10-11 23:00:00+05:30,3629.5,24.2,56.0,6.1,0.0
2025-10-12 00:00:00+05:30,3210.5,22.3,66.0,3.5,0.0
2025-10-12 01:00:00+05:30,2950.3,21.6,59.0,9.0,0.0
2025-10-12 02:00:00+05:30,2833.4,21.1,68.0,3.2,0.0
2025-10-12 03:00:00+05:30,2747.2,20.4,68.0,5.2,0.0
2025-10-12 04:00:00+05:30,2607.3,19.7,59.0,4.3,0.0
2025-10-12 05:00:00+05:30,2690.5,20.2,63.0,9.0,0.0
2025-10-12 06:00:00+05:30,2819.1,20.6,66.0,1.4,9.9
2025-10-12 07:00:00+05:30,2950.2,21.7,66.0,9.5,55.0
2025-10-12 08:00:00+05:30,3235.4,23.0,59.0,5.4,87.7
2025-10-12 09:00:00+05:30,3592.6,24.4,62.0,0.4,142.7
2025-10-12 10:00:00+05:30,4037.6,26.0,62.0,7.0,176.5
2025-10-12 11:00:00+05:30,4419.3,28.0,54.0,9.9,186.1
2025-10-12 12:00:00+05:30,4711.4,29.1,59.0,12.2,225.0
2025-10-12 13:00:00+05:30,4829.9,30.2,47.0,6.5,166.7
2025-10-12 14:00:00+05:30,5133.4,31.7,51.0,12.8,185.4
2025-10-12 15:00:00+05:30,5449.1,33.2,51.0,14.0,148.2
2025-10-12 16:00:00+05:30,5491.2,33.6,48.0,12.9,71.1
2025-10-12 17:00:00+05:30,5422.2,33.3,53.0,9.4,43.0
2025-10-12 18:00:00+05:30,5191.0,32.8,52.0,11.3,10.0
2025-10-12 19:00:00+05:30,5100.1,32.4,48.0,9.3,0.0
2025-10-12 20:00:00+05:30,4961.5,30.6,52.0,11.2,0.0
2025-10-12 21:00:00+05:30,4586.1,28.7,58.0,8.4,0.0
2025-10-12 22:00:00+05:30,4080.2,26.9,59.0,10.1,0.0
2025-10-12 23:00:00+05:30,3595.0,25.5,67.0,11.5,0.0
2025-10-13 00:00:00+05:30,3469.2,23.9,59.0,5.6,0.0
2025-10-13 01:00:00+05:30,3291.2,23.0,62.0,2.7,0.0
2025-10-13 02:00:00+05:30,3051.9,22.5,63.0,5.0,0.0
2025-10-13 03:00:00+05:30,2851.5,21.6,61.0,7.1,0.0
2025-10-13 04:00:00+05:30,2742.1,21.7,57.0,5.8,0.0
2025-10-13 05:00:00+05:30,3031.7,22.4,56.0,8.5,0.0
2025-10-13 06:00:00+05:30,3345.1,23.6,58.0,5.3,9.7
2025-10-13 07:00:00+05:30,3612.3,23.9,60.0,4.8,46.7
2025-10-13 08:00:00+05:30,4008.1,25.1,62.0,2.2,71.8
2025-10-13 09:00:00+05:30,4403.2,26.1,61.0,5.5,152.2
2025-10-13 10:00:00+05:30,4764.7,27.5,48.0,5.1,163.3
2025-10-13 11:00:00+05:30,5076.5,29.0,58.0,12.6,191.6
2025-10-13 12:00:00+05:30,5254.3,30.1,48.0,3.7,220.5
2025-10-13 13:00:00+05:30,5601.5,31.3,54.0,9.3,210.5
2025-10-13 14:00:00+05:30,5772.5,31.9,56.0,13.3,164.9
2025-10-13 15:00:00+05:30,5903.9,32.4,55.0,10.1,144.8
2025-10-13 16:00:00+05:30,5904.9,32.3,59.0,12.1,87.1
2025-10-13 17:00:00+05:30,5633.7,31.6,55.0,13.9,35.9
2025-10-13 18:00:00+05:30,5299.4,31.1,50.0,11.6,7.9
2025-10-13 19:00:00+05:30,5199.6,30.3,53.0,12.9,0.0
2025-10-13 20:00:00+05:30,5093.3,29.1,54.0,14.5,0.0
2025-10-13 21:00:00+05:30,4680.7,27.8,53.0,7.1,0.0
2025-10-13 22:00:00+05:30,4116.7,25.7,58.0,8.3,0.0
2025-10-13 23:00:00+05:30,3650.1,23.7,57.0,8.7,0.0
2025-10-14 00:00:00+05:30,3362.9,21.9,63.0,8.1,0.0
2025-10-14 01:00:00+05:30,3106.8,21.3,62.0,2.8,0.0
2025-10-14 02:00:00+05:30,3043.1,20.0,63.0,7.0,0.0
2025-10-14 03:00:00+05:30,2947.1,19.0,59.0,1.7,0.0
2025-10-14 04:00:00+05:30,2854.0,18.5,63.0,4.0,0.0
2025-10-14 05:00:00+05:30,2991.7,19.3,64.0,3.9,0.0
2025-10-14 06:00:00+05:30,3054.2,20.0,60.0,3.3,11.2
2025-10-14 07:00:00+05:30,3304.2,20.9,59.0,3.0,41.0
2025-10-14 08:00:00+05:30,3611.9,22.6,60.0,9.9,112.5
2025-10-14 09:00:00+05:30,4009.2,23.8,60.0,5.6,133.8
2025-10-14 10:00:00+05:30,4442.5,26.6,55.0,9.0,165.0
2025-10-14 11:00:00+05:30,4817.2,28.2,55.0,10.2,161.7
2025-10-14 12:00:00+05:30,5007.1,29.3,58.0,10.8,139.0
2025-10-14 13:00:00+05:30,5299.6,30.8,54.0,7.7,187.6
2025-10-14 14:00:00+05:30,5430.3,31.9,48.0,6.9,183.3
2025-10-14 15:00:00+05:30,5627.0,32.6,51.0,8.9,116.0
2025-10-14 16:00:00+05:30,5670.1,33.2,49.0,16.7,83.1
2025-10-14 17:00:00+05:30,5544.1,32.9,51.0,9.3,43.1
2025-10-14 18:00:00+05:30,5294.0,32.2,54.0,14.4,8.1
2025-10-14 19:00:00+05:30,5092.5,30.9,48.0,9.8,0.0
2025-10-14 20:00:00+05:30,5040.8,29.4,50.0,10.0,0.0
2025-10-14 21:00:00+05:30,4622.4,27.9,57.0,15.5,0.0
2025-10-14 22:00:00+05:30,4229.4,26.3,56.0,8.1,0.0
2025-10-14 23:00:00+05:30,3848.8,25.3,52.0,9.0,0.0
2025-10-15 00:00:00+05:30,3535.8,24.0,58.0,11.1,0.0
2025-10-15 01:00:00+05:30,3208.6,23.3,59.0,7.3,0.0
2025-10-15 02:00:00+05:30,2927.8,22.1,60.0,2.0,0.0
2025-10-15 03:00:00+05:30,2798.9,21.4,64.0,1.7,0.0
2025-10-15 04:00:00+05:30,2733.1,21.4,63.0,0.0,0.0
2025-10-15 05:00:00+05:30,2807.6,21.8,64.0,7.3,0.0
2025-10-15 06:00:00+05:30,3033.9,22.7,52.0,3.0,10.7
2025-10-15 07:00:00+05:30,3304.4,23.4,54.0,3.2,44.8
2025-10-15 08:00:00+05:30,3745.9,24.6,53.0,2.8,79.4
2025-10-15 09:00:00+05:30,4017.4,25.2,57.0,5.0,129.2
2025-10-15 10:00:00+05:30,4411.1,26.4,58.0,9.6,166.3
2025-10-15 11:00:00+05:30,4834.0,28.5,56.0,6.4,174.4
2025-10-15 12:00:00+05:30,5089.0,29.6,48.0,4.7,175.3
2025-10-15 13:00:00+05:30,5503.9,30.8,54.0,7.3,204.3
2025-10-15 14:00:00+05:30,5678.6,31.8,50.0,14.2,163.1
2025-10-15 15:00:00+05:30,5825.9,32.1,51.0,8.6,150.9
2025-10-15 16:00:00+05:30,5793.9,32.4,46.0,11.5,97.5
2025-10-15 17:00:00+05:30,5434.3,31.5,50.0,12.6,37.8
2025-10-15 18:00:00+05:30,5236.0,31.2,51.0,9.5,9.3
2025-10-15 19:00:00+05:30,5192.2,30.7,51.0,12.5,0.0
2025-10-15 20:00:00+05:30,4971.6,29.1,48.0,10.3,0.0
2025-10-15 21:00:00+05:30,4583.5,27.6,54.0,10.4,0.0
2025-10-15 22:00:00+05:30,4211.6,25.9,55.0,6.2,0.0
2025-10-15 23:00:00+05:30,3787.7,24.9,55.0,9.6,0.0
2025-10-16 00:00:00+05:30,3438.4,23.0,61.0,4.9,0.0
2025-10-16 01:00:00+05:30,3074.3,21.6,60.0,3.0,0.0
2025-10-16 02:00:00+05:30,2956.7,20.8,59.0,1.8,0.0
2025-10-16 03:00:00+05:30,2896.9,20.1,63.0,10.2,0.0
2025-10-16 04:00:00+05:30,2850.0,19.7,62.0,0.0,0.0
2025-10-16 05:00:00+05:30,2915.6,20.4,58.0,1.9,0.0
2025-10-16 06:00:00+05:30,3112.8,21.5,62.0,5.6,11.4
2025-10-16 07:00:00+05:30,3468.4,22.7,64.0,4.4,46.9
2025-10-16 08:00:00+05:30,3776.2,23.9,60.0,2.4,106.1
2025-10-16 09:00:00+05:30,4140.3,25.3,57.0,4.7,136.3
2025-10-16 10:00:00+05:30,4596.8,26.8,56.0,7.2,180.7
2025-10-16 11:00:00+05:30,4918.9,28.3,57.0,8.1,187.7
2025-10-16 12:00:00+05:30,5217.5,30.3,50.0,8.7,174.9
2025-10-16 13:00:00+05:30,5435.4,31.4,43.0,7.7,152.7
2025-10-16 14:00:00+05:30,5757.7,32.4,46.0,16.1,160.1
2025-10-16 15:00:00+05:30,5941.7,33.2,47.0,12.3,146.5
2025-10-16 16:00:00+05:30,5947.1,33.7,45.0,14.8,105.0
2025-10-16 17:00:00+05:30,5634.3,33.1,46.0,10.1,41.7
2025-10-16 18:00:00+05:30,5411.8,32.4,49.0,17.3,6.0
2025-10-16 19:00:00+05:30,5229.4,31.4,49.0,10.4,0.0
2025-10-16 20:00:00+05:30,5234.8,30.3,47.0,15.6,0.0
2025-10-16 21:00:00+05:30,4876.5,29.0,54.0,6.4,0.0
2025-10-16 22:00:00+05:30,4490.7,27.7,52.0,5.4,0.0
2025-10-16 23:00:00+05:30,4101.1,26.0,54.0,8.5,0.0
2025-10-17 00:00:00+05:30,3635.4,24.4,53.0,1.8,0.0
2025-10-17 01:00:00+05:30,3403.8,23.1,53.0,3.5,0.0
2025-10-17 02:00:00+05:30,3183.4,21.6,56.0,0.0,0.0
2025-10-17 03:00:00+05:30,2988.6,20.8,60.0,1.9,0.0
2025-10-17 04:00:00+05:30,2855.9,20.7,58.0,2.3,0.0
2025-10-17 05:00:00+05:30,2930.0,20.4,60.0,2.3,0.0
2025-10-17 06:00:00+05:30,3061.9,20.6,59.0,4.9,11.5
2025-10-17 07:00:00+05:30,3416.6,21.2,59.0,4.1,48.8
2025-10-17 08:00:00+05:30,3693.6,22.1,61.0,9.6,100.4
2025-10-17 09:00:00+05:30,4181.9,24.1,59.0,1.4,114.6
2025-10-17 10:00:00+05:30,4553.1,25.9,56.0,9.9,161.3
2025-10-17 11:00:00+05:30,4788.3,27.2,58.0,10.5,153.6
2025-10-17 12:00:00+05:30,5181.0,28.6,53.0,10.3,194.8
2025-10-17 13:00:00+05:30,5409.8,29.7,55.0,10.3,218.7
2025-10-17 14:00:00+05:30,5489.6,30.6,54.0,9.9,176.3
2025-10-17 15:00:00+05:30,5711.0,31.3,49.0,11.8,153.9
2025-10-17 16:00:00+05:30,5607.2,31.5,52.0,14.0,92.3
2025-10-17 17:00:00+05:30,5386.9,31.3,49.0,12.5,44.3
2025-10-17 18:00:00+05:30,5127.0,30.5,52.0,11.7,8.7
2025-10-17 19:00:00+05:30,4994.0,29.9,53.0,14.4,0.0
2025-10-17 20:00:00+05:30,4979.8,28.8,49.0,8.8,0.0
2025-10-17 21:00:00+05:30,4638.2,27.7,53.0,5.7,0.0
2025-10-17 22:00:00+05:30,4195.8,26.7,58.0,9.1,0.0
2025-10-17 23:00:00+05:30,3755.5,25.3,53.0,11.4,0.0
2025-10-18 00:00:00+05:30,3188.7,24.0,54.0,8.7,0.0
2025-10-18 01:00:00+05:30,2990.6,23.1,66.0,2.9,0.0
2025-10-18 02:00:00+05:30,2756.2,21.6,51.0,3.5,0.0
2025-10-18 03:00:00+05:30,2635.7,21.2,59.0,3.3,0.0
2025-10-18 04:00:00+05:30,2613.5,20.7,58.0,4.6,0.0
2025-10-18 05:00:00+05:30,2582.8,20.4,61.0,4.2,0.0
2025-10-18 06:00:00+05:30,2713.7,21.4,59.0,4.9,8.7
2025-10-18 07:00:00+05:30,2957.0,22.3,58.0,1.6,54.0
2025-10-18 08:00:00+05:30,3358.3,23.6,56.0,5.2,103.3
2025-10-18 09:00:00+05:30,3774.3,25.7,56.0,11.3,110.7
2025-10-18 10:00:00+05:30,4162.0,27.7,57.0,8.2,190.4
2025-10-18 11:00:00+05:30,4533.7,29.2,50.0,13.3,150.1
2025-10-18 12:00:00+05:30,4663.5,30.0,50.0,10.7,188.5
2025-10-18 13:00:00+05:30,4941.5,31.3,50.0,12.8,161.4
2025-10-18 14:00:00+05:30,5229.1,32.1,48.0,12.3,180.7
2025-10-18 15:00:00+05:30,5347.9,32.6,45.0,9.9,139.5
2025-10-18 16:00:00+05:30,5417.7,32.6,49.0,12.0,92.9
2025-10-18 17:00:00+05:30,5419.1,32.9,52.0,14.9,44.3
2025-10-18 18:00:00+05:30,5084.6,31.6,49.0,9.5,7.8
2025-10-18 19:00:00+05:30,5049.1,30.8,49.0,6.2,0.0
2025-10-18 20:00:00+05:30,4872.7,30.1,51.0,12.4,0.0
2025-10-18 21:00:00+05:30,4615.8,28.5,56.0,10.7,0.0
2025-10-18 22:00:00+05:30,4211.3,27.2,59.0,9.7,0.0
2025-10-18 23:00:00+05:30,3826.7,25.4,57.0,5.9,0.0
2025-10-19 00:00:00+05:30,3402.0,23.4,58.0,6.7,0.0
2025-10-19 01:00:00+05:30,3077.9,21.8,65.0,5.4,0.0
2025-10-19 02:00:00+05:30,3006.1,21.4,56.0,3.6,0.0
2025-10-19 03:00:00+05:30,2847.8,20.7,59.0,11.2,0.0
2025-10-19 04:00:00+05:30,2795.7,20.9,57.0,1.0,0.0
2025-10-19 05:00:00+05:30,2816.5,21.1,60.0,4.7,0.0
2025-10-19 06:00:00+05:30,2886.2,21.0,64.0,6.0,10.1
2025-10-19 07:00:00+05:30,3246.0,22.3,55.0,1.7,46.1
2025-10-19 08:00:00+05:30,3741.4,24.2,57.0,5.1,93.8
2025-10-19 09:00:00+05:30,4097.4,25.2,56.0,5.3,103.6
2025-10-19 10:00:00+05:30,4393.9,26.9,61.0,11.8,179.4
2025-10-19 11:00:00+05:30,4523.1,28.3,49.0,10.0,175.2
2025-10-19 12:00:00+05:30,4859.2,29.9,50.0,10.0,204.0
2025-10-19 13:00:00+05:30,5092.1,31.0,48.0,14.2,197.1
2025-10-19 14:00:00+05:30,5279.1,31.9,50.0,9.8,195.0
2025-10-19 15:00:00+05:30,5378.2,31.9,47.0,12.2,124.3
2025-10-19 16:00:00+05:30,5317.3,32.3,46.0,9.1,91.8
2025-10-19 17:00:00+05:30,5098.8,31.9,49.0,14.5,37.8
2025-10-19 18:00:00+05:30,4883.7,31.3,48.0,9.8,9.4
2025-10-19 19:00:00+05:30,4904.2,30.8,55.0,15.1,0.0
2025-10-19 20:00:00+05:30,4902.0,29.4,53.0,9.5,0.0
2025-10-19 21:00:00+05:30,4644.8,28.4,54.0,8.2,0.0
2025-10-19 22:00:00+05:30,4073.4,26.7,54.0,10.2,0.0
2025-10-19 23:00:00+05:30,3658.2,25.0,57.0,9.6,0.0
2025-10-20 00:00:00+05:30,3161.6,23.0,58.0,4.2,0.0
2025-10-20 01:00:00+05:30,2899.2,21.6,60.0,6.7,0.0
2025-10-20 02:00:00+05:30,2809.8,20.5,56.0,8.7,0.0
2025-10-20 03:00:00+05:30,2665.4,20.7,61.0,1.9,0.0
2025-10-20 04:00:00+05:30,2590.1,20.2,57.0,4.1,0.0
2025-10-20 05:00:00+05:30,2605.2,20.5,63.0,0.5,0.0
2025-10-20 06:00:00+05:30,2719.6,21.4,57.0,9.0,10.9
2025-10-20 07:00:00+05:30,2975.4,22.3,62.0,2.9,49.5
2025-10-20 08:00:00+05:30,3335.9,23.5,54.0,7.0,71.7
2025-10-20 09:00:00+05:30,3637.0,24.9,59.0,6.8,158.8
2025-10-20 10:00:00+05:30,4031.1,26.4,55.0,12.8,172.0
2025-10-20 11:00:00+05:30,4327.4,28.2,53.0,5.9,186.2
2025-10-20 12:00:00+05:30,4307.8,29.2,47.0,8.7,216.2
2025-10-20 13:00:00+05:30,4511.9,29.5,46.0,7.5,147.3
2025-10-20 14:00:00+05:30,4862.3,30.9,56.0,9.6,186.9
2025-10-20 15:00:00+05:30,5099.5,31.7,50.0,10.5,117.3
2025-10-20 16:00:00+05:30,5128.9,31.6,49.0,10.4,89.0
2025-10-20 17:00:00+05:30,4861.1,31.2,50.0,8.1,49.2
2025-10-20 18:00:00+05:30,4547.8,30.2,47.0,12.1,10.0
2025-10-20 19:00:00+05:30,4400.7,29.1,55.0,7.7,0.0
2025-10-20 20:00:00+05:30,4307.6,27.6,59.0,10.5,0.0
2025-10-20 21:00:00+05:30,4030.4,26.7,56.0,11.4,0.0
2025-10-20 22:00:00+05:30,3661.6,25.2,54.0,7.0,0.0
2025-10-20 23:00:00+05:30,3383.5,24.2,56.0,2.8,0.0
2025-10-21 00:00:00+05:30,3262.4,22.1,61.0,0.6,0.0
2025-10-21 01:00:00+05:30,3069.2,21.3,58.0,8.1,0.0
2025-10-21 02:00:00+05:30,2957.1,20.2,60.0,3.4,0.0
2025-10-21 03:00:00+05:30,3041.8,19.4,58.0,6.0,0.0
2025-10-21 04:00:00+05:30,3018.3,19.1,65.0,3.6,0.0
2025-10-21 05:00:00+05:30,3115.9,20.2,65.0,4.4,0.0
2025-10-21 06:00:00+05:30,3239.6,20.6,57.0,7.1,10.8
2025-10-21 07:00:00+05:30,3435.0,22.0,56.0,9.0,45.3
2025-10-21 08:00:00+05:30,3730.7,23.2,58.0,6.0,112.5
2025-10-21 09:00:00+05:30,4114.7,24.4,62.0,4.7,136.7
2025-10-21 10:00:00+05:30,4411.3,25.8,55.0,10.0,183.4
2025-10-21 11:00:00+05:30,4751.7,27.4,52.0,8.8,195.8
2025-10-21 12:00:00+05:30,4822.4,28.1,57.0,12.5,135.5
2025-10-21 13:00:00+05:30,4948.1,28.9,55.0,12.7,175.7
2025-10-21 14:00:00+05:30,5109.0,29.3,51.0,17.4,129.2
2025-10-21 15:00:00+05:30,5299.4,30.4,51.0,6.6,129.5
2025-10-21 16:00:00+05:30,5422.3,30.9,56.0,11.8,105.0
2025-10-21 17:00:00+05:30,5248.9,30.9,49.0,9.1,38.3
2025-10-21 18:00:00+05:30,5119.4,30.9,51.0,11.5,8.1
2025-10-21 19:00:00+05:30,4827.9,29.6,53.0,8.6,0.0
2025-10-21 20:00:00+05:30,4806.1,28.5,51.0,11.4,0.0
2025-10-21 21:00:00+05:30,4504.3,27.5,53.0,11.8,0.0
2025-10-21 22:00:00+05:30,4051.6,26.0,54.0,7.8,0.0
2025-10-21 23:00:00+05:30,3687.3,24.3,55.0,10.2,0.0
2025-10-22 00:00:00+05:30,3324.3,22.2,61.0,7.2,0.0
2025-10-22 01:00:00+05:30,3079.2,21.1,61.0,4.6,0.0
2025-10-22 02:00:00+05:30,2981.1,20.4,63.0,2.3,0.0
2025-10-22 03:00:00+05:30,2911.4,19.1,62.0,4.5,0.0
2025-10-22 04:00:00+05:30,2902.5,18.7,64.0,2.7,0.0
2025-10-22 05:00:00+05:30,2899.1,18.5,64.0,7.1,0.0
2025-10-22 06:00:00+05:30,3048.6,18.8,66.0,5.7,10.1
2025-10-22 07:00:00+05:30,3314.1,19.8,63.0,5.4,47.1
2025-10-22 08:00:00+05:30,3392.6,21.0,65.0,5.8,92.2
2025-10-22 09:00:00+05:30,3483.7,22.6,57.0,2.4,124.9
2025-10-22 10:00:00+05:30,3708.8,24.1,55.0,6.9,159.7
2025-10-22 11:00:00+05:30,3970.7,25.0,62.0,8.7,208.5
2025-10-22 12:00:00+05:30,4163.3,26.0,59.0,10.5,152.3
2025-10-22 13:00:00+05:30,4530.3,27.7,56.0,8.5,171.7
2025-10-22 14:00:00+05:30,4662.2,28.3,56.0,11.1,185.9
2025-10-22 15:00:00+05:30,4897.2,28.7,58.0,9.2,143.3
2025-10-22 16:00:00+05:30,4972.4,29.3,56.0,9.6,72.6
2025-10-22 17:00:00+05:30,4812.1,28.9,55.0,16.7,42.5
2025-10-22 18:00:00+05:30,4575.8,28.5,57.0,8.6,9.5
2025-10-22 19:00:00+05:30,4370.7,27.7,59.0,10.1,0.0
2025-10-22 20:00:00+05:30,4148.7,26.3,53.0,10.6,0.0
2025-10-22 21:00:00+05:30,3954.4,25.6,57.0,8.3,0.0
2025-10-22 22:00:00+05:30,3449.2,23.6,56.0,10.5,0.0
2025-10-22 23:00:00+05:30,3199.8,22.5,59.0,3.3,0.0
2025-10-23 00:00:00+05:30,3131.3,20.3,60.0,10.1,0.0
2025-10-23 01:00:00+05:30,2902.2,18.8,58.0,4.9,0.0
2025-10-23 02:00:00+05:30,2829.9,18.0,65.0,3.9,0.0
2025-10-23 03:00:00+05:30,2759.8,17.9,63.0,0.4,0.0
2025-10-23 04:00:00+05:30,2709.2,17.6,67.0,5.4,0.0
2025-10-23 05:00:00+05:30,2862.7,18.2,63.0,5.1,0.0
2025-10-23 06:00:00+05:30,3099.8,17.8,67.0,5.4,9.5
2025-10-23 07:00:00+05:30,3380.4,18.9,62.0,0.0,55.0
2025-10-23 08:00:00+05:30,3561.1,21.0,58.0,7.6,103.7
2025-10-23 09:00:00+05:30,3666.1,22.4,63.0,8.8,159.3
2025-10-23 10:00:00+05:30,3847.9,24.0,64.0,8.9,167.6
2025-10-23 11:00:00+05:30,4187.4,26.1,57.0,9.5,185.5
2025-10-23 12:00:00+05:30,4385.1,27.0,56.0,11.3,225.0
2025-10-23 13:00:00+05:30,4701.0,28.1,53.0,15.1,199.5
2025-10-23 14:00:00+05:30,4835.7,28.8,54.0,10.4,154.3
2025-10-23 15:00:00+05:30,4892.7,29.3,52.0,14.7,111.3
2025-10-23 16:00:00+05:30,4881.1,29.2,57.0,7.9,96.3
2025-10-23 17:00:00+05:30,4685.6,29.3,55.0,9.4,43.4
2025-10-23 18:00:00+05:30,4377.2,28.7,55.0,11.6,6.9
2025-10-23 19:00:00+05:30,4185.1,27.5,54.0,13.9,0.0
2025-10-23 20:00:00+05:30,4075.6,25.9,58.0,10.2,0.0
2025-10-23 21:00:00+05:30,3702.0,24.5,64.0,8.4,0.0
2025-10-23 22:00:00+05:30,3451.4,22.2,62.0,8.9,0.0
2025-10-23 23:00:00+05:30,3361.1,20.9,60.0,5.9,0.0
2025-10-24 00:00:00+05:30,3224.6,19.1,66.0,4.1,0.0
2025-10-24 01:00:00+05:30,3080.6,18.5,64.0,5.1,0.0
2025-10-24 02:00:00+05:30,2965.3,17.4,64.0,6.3,0.0
2025-10-24 03:00:00+05:30,2836.7,16.6,69.0,4.8,0.0
2025-10-24 04:00:00+05:30,2819.8,16.4,59.0,3.5,0.0
2025-10-24 05:00:00+05:30,2924.3,16.4,64.0,5.8,0.0
2025-10-24 06:00:00+05:30,3103.2,17.2,63.0,0.6,12.2
2025-10-24 07:00:00+05:30,3248.1,18.7,67.0,6.5,55.0
2025-10-24 08:00:00+05:30,3540.8,19.9,70.0,5.6,78.9
2025-10-24 09:00:00+05:30,3745.4,21.4,69.0,10.5,105.0
2025-10-24 10:00:00+05:30,3897.0,23.4,58.0,13.0,181.1
2025-10-24 11:00:00+05:30,3949.2,25.5,54.0,10.1,211.5
2025-10-24 12:00:00+05:30,4137.6,26.9,51.0,12.5,173.5
2025-10-24 13:00:00+05:30,4462.4,28.7,54.0,9.8,154.3
2025-10-24 14:00:00+05:30,4900.7,30.6,51.0,17.3,166.3
2025-10-24 15:00:00+05:30,5133.8,31.3,50.0,7.2,144.2
2025-10-24 16:00:00+05:30,4963.0,30.5,50.0,12.7,99.5
2025-10-24 17:00:00+05:30,4640.0,30.1,55.0,13.1,47.1
2025-10-24 18:00:00+05:30,4502.0,29.6,51.0,13.3,6.6
2025-10-24 19:00:00+05:30,4385.9,28.5,56.0,10.2,0.0
2025-10-24 20:00:00+05:30,4335.6,26.9,54.0,12.4,0.0
2025-10-24 21:00:00+05:30,3852.1,25.0,55.0,5.9,0.0
2025-10-24 22:00:00+05:30,3586.9,22.7,61.0,6.9,0.0
2025-10-24 23:00:00+05:30,3296.6,21.6,63.0,7.3,0.0
2025-10-25 00:00:00+05:30,2961.9,20.6,60.0,2.7,0.0
2025-10-25 01:00:00+05:30,2768.0,19.7,67.0,5.8,0.0
2025-10-25 02:00:00+05:30,2605.2,19.3,61.0,4.4,0.0
2025-10-25 03:00:00+05:30,2591.6,19.1,59.0,6.2,0.0
2025-10-25 04:00:00+05:30,2543.0,19.1,58.0,6.7,0.0
2025-10-25 05:00:00+05:30,2603.5,19.5,61.0,0.2,0.0
2025-10-25 06:00:00+05:30,2812.2,19.9,61.0,1.9,10.8
2025-10-25 07:00:00+05:30,2947.9,20.8,65.0,6.6,44.7
2025-10-25 08:00:00+05:30,3077.7,22.0,59.0,3.8,106.3
2025-10-25 09:00:00+05:30,3372.8,23.9,55.0,7.6,117.7
2025-10-25 10:00:00+05:30,3643.5,25.0,55.0,8.8,91.2
2025-10-25 11:00:00+05:30,3895.2,26.3,56.0,10.2,220.0
2025-10-25 12:00:00+05:30,4282.9,27.9,51.0,11.1,202.8
2025-10-25 13:00:00+05:30,4612.5,29.0,50.0,10.9,183.5
2025-10-25 14:00:00+05:30,4774.2,29.8,50.0,13.6,173.6
2025-10-25 15:00:00+05:30,4991.4,31.6,49.0,12.7,127.3
2025-10-25 16:00:00+05:30,4955.5,31.9,45.0,12.3,84.9
2025-10-25 17:00:00+05:30,4889.5,31.7,50.0,6.3,42.3
2025-10-25 18:00:00+05:30,4641.7,31.0,47.0,12.7,9.6
2025-10-25 19:00:00+05:30,4504.5,30.4,53.0,12.4,0.0
2025-10-25 20:00:00+05:30,4533.8,29.6,51.0,12.5,0.0
2025-10-25 21:00:00+05:30,4131.4,27.9,50.0,8.1,0.0
2025-10-25 22:00:00+05:30,3666.6,26.8,52.0,9.7,0.0
2025-10-25 23:00:00+05:30,3302.3,24.9,60.0,8.7,0.0
2025-10-26 00:00:00+05:30,2987.6,22.9,61.0,5.7,0.0
2025-10-26 01:00:00+05:30,2848.3,21.8,60.0,4.4,0.0
2025-10-26 02:00:00+05:30,2696.8,20.7,63.0,5.7,0.0
2025-10-26 03:00:00+05:30,2657.8,19.6,59.0,3.9,0.0
2025-10-26 04:00:00+05:30,2633.3,19.0,65.0,2.9,0.0
2025-10-26 05:00:00+05:30,2695.5,19.3,61.0,8.0,0.0
2025-10-26 06:00:00+05:30,2873.9,19.6,62.0,6.4,11.0
2025-10-26 07:00:00+05:30,3056.4,20.0,71.0,8.1,21.6
2025-10-26 08:00:00+05:30,3150.2,21.2,57.0,6.0,85.6
2025-10-26 09:00:00+05:30,3379.9,22.8,63.0,7.2,134.8
2025-10-26 10:00:00+05:30,3633.5,23.9,56.0,5.3,121.7
2025-10-26 11:00:00+05:30,3955.8,25.8,58.0,10.7,193.7
2025-10-26 12:00:00+05:30,4364.1,27.4,51.0,8.1,176.1
2025-10-26 13:00:00+05:30,4645.7,28.8,58.0,9.0,166.4
2025-10-26 14:00:00+05:30,4938.0,30.2,54.0,11.6,152.1
2025-10-26 15:00:00+05:30,5068.7,30.8,52.0,11.1,109.4
2025-10-26 16:00:00+05:30,5012.9,31.2,51.0,14.2,83.3
2025-10-26 17:00:00+05:30,4745.2,30.5,51.0,10.8,42.6
2025-10-26 18:00:00+05:30,4537.7,29.5,58.0,7.7,6.5
2025-10-26 19:00:00+05:30,4396.2,28.9,55.0,8.2,0.0
2025-10-26 20:00:00+05:30,4358.5,28.0,49.0,12.6,0.0
2025-10-26 21:00:00+05:30,3993.9,26.5,52.0,7.2,0.0
2025-10-26 22:00:00+05:30,3603.8,25.1,58.0,6.6,0.0
2025-10-26 23:00:00+05:30,3043.5,23.2,58.0,10.7,0.0
2025-10-27 00:00:00+05:30,3143.7,21.9,59.0,1.2,0.0
2025-10-27 01:00:00+05:30,3093.8,21.5,56.0,4.1,0.0
2025-10-27 02:00:00+05:30,2967.3,20.4,57.0,7.4,0.0
2025-10-27 03:00:00+05:30,2870.4,19.8,61.0,3.8,0.0
2025-10-27 04:00:00+05:30,2885.3,19.7,59.0,3.9,0.0
2025-10-27 05:00:00+05:30,2988.5,19.8,60.0,4.2,0.0
2025-10-27 06:00:00+05:30,3048.7,19.9,62.0,5.6,11.4
2025-10-27 07:00:00+05:30,3244.5,21.1,56.0,3.6,43.3
2025-10-27 08:00:00+05:30,3421.4,22.0,53.0,5.2,100.9
2025-10-27 09:00:00+05:30,3679.2,23.8,60.0,5.2,149.4
2025-10-27 10:00:00+05:30,4095.6,25.2,53.0,6.6,183.6
2025-10-27 11:00:00+05:30,4115.1,26.3,58.0,6.1,175.3
2025-10-27 12:00:00+05:30,4289.3,27.8,55.0,11.1,183.3
2025-10-27 13:00:00+05:30,4571.6,28.6,52.0,9.2,193.0
2025-10-27 14:00:00+05:30,4740.8,28.9,58.0,13.9,174.9
2025-10-27 15:00:00+05:30,4924.9,29.4,57.0,14.7,101.0
2025-10-27 16:00:00+05:30,4979.5,29.3,50.0,14.2,70.8
2025-10-27 17:00:00+05:30,4850.1,29.5,55.0,15.9,44.2
2025-10-27 18:00:00+05:30,4595.5,29.1,58.0,14.7,9.2
2025-10-27 19:00:00+05:30,4429.2,28.0,60.0,8.7,0.0
2025-10-27 20:00:00+05:30,4472.0,27.1,57.0,13.9,0.0
2025-10-27 21:00:00+05:30,4140.4,26.1,53.0,6.2,0.0
2025-10-27 22:00:00+05:30,3706.7,24.9,59.0,6.1,0.0
2025-10-27 23:00:00+05:30,3369.7,23.5,61.0,8.2,0.0
2025-10-28 00:00:00+05:30,3182.7,21.5,63.0,4.2,0.0
2025-10-28 01:00:00+05:30,3036.3,20.2,63.0,7.8,0.0
2025-10-28 02:00:00+05:30,2963.9,18.3,57.0,5.7,0.0
2025-10-28 03:00:00+05:30,2938.8,17.6,71.0,1.8,0.0
2025-10-28 04:00:00+05:30,2906.2,17.4,67.0,2.0,0.0
2025-10-28 05:00:00+05:30,3012.9,18.0,60.0,0.0,0.0
2025-10-28 06:00:00+05:30,3276.3,17.9,62.0,6.1,10.4
2025-10-28 07:00:00+05:30,3358.9,19.0,64.0,10.4,42.6
2025-10-28 08:00:00+05:30,3554.2,20.3,63.0,1.9,79.7
2025-10-28 09:00:00+05:30,3692.2,21.9,65.0,6.2,143.8
2025-10-28 10:00:00+05:30,3744.7,22.9,60.0,10.2,186.5
2025-10-28 11:00:00+05:30,3897.6,24.8,55.0,10.2,210.3
2025-10-28 12:00:00+05:30,4163.5,25.7,56.0,10.0,195.5
2025-10-28 13:00:00+05:30,4290.8,26.9,55.0,12.0,202.8
2025-10-28 14:00:00+05:30,4530.0,27.9,52.0,6.5,170.5
2025-10-28 15:00:00+05:30,4689.0,28.7,52.0,13.4,155.0
2025-10-28 16:00:00+05:30,4637.9,28.5,59.0,12.9,88.3
2025-10-28 17:00:00+05:30,4564.0,29.0,58.0,11.1,33.4
2025-10-28 18:00:00+05:30,4304.0,28.0,53.0,10.3,8.8
2025-10-28 19:00:00+05:30,4190.3,27.5,52.0,8.8,0.0
2025-10-28 20:00:00+05:30,4063.3,25.9,53.0,12.6,0.0
2025-10-28 21:00:00+05:30,3684.5,24.8,61.0,10.3,0.0
2025-10-28 22:00:00+05:30,3490.6,23.1,60.0,7.6,0.0
2025-10-28 23:00:00+05:30,3372.6,21.8,65.0,9.6,0.0
2025-10-29 00:00:00+05:30,3263.1,20.3,59.0,5.3,0.0
2025-10-29 01:00:00+05:30,3153.9,18.8,64.0,5.1,0.0
2025-10-29 02:00:00+05:30,3043.9,17.1,67.0,4.9,0.0
2025-10-29 03:00:00+05:30,2967.7,16.6,63.0,6.1,0.0
2025-10-29 04:00:00+05:30,3000.8,16.4,69.0,2.9,0.0
2025-10-29 05:00:00+05:30,3020.2,16.3,66.0,1.7,0.0
2025-10-29 06:00:00+05:30,3208.4,17.1,64.0,6.3,11.7
2025-10-29 07:00:00+05:30,3354.1,18.4,63.0,3.8,47.1
2025-10-29 08:00:00+05:30,3565.9,20.0,55.0,7.4,100.1
2025-10-29 09:00:00+05:30,3719.9,21.8,59.0,6.3,145.1
2025-10-29 10:00:00+05:30,3917.0,22.7,60.0,10.9,192.0
2025-10-29 11:00:00+05:30,4036.4,24.1,58.0,10.1,180.2
2025-10-29 12:00:00+05:30,4069.5,25.5,56.0,4.2,178.2
2025-10-29 13:00:00+05:30,4214.6,26.4,58.0,15.3,177.2
2025-10-29 14:00:00+05:30,4444.5,27.7,54.0,9.6,195.0
2025-10-29 15:00:00+05:30,4566.4,28.1,55.0,13.6,113.2
2025-10-29 16:00:00+05:30,4630.2,28.7,55.0,11.6,74.7
2025-10-29 17:00:00+05:30,4382.5,27.9,55.0,9.7,49.0
2025-10-29 18:00:00+05:30,4081.3,26.7,59.0,16.6,7.6
2025-10-29 19:00:00+05:30,3876.8,26.4,58.0,6.5,0.0
2025-10-29 20:00:00+05:30,3894.8,25.3,52.0,8.8,0.0
2025-10-29 21:00:00+05:30,3760.3,23.4,57.0,7.4,0.0
2025-10-29 22:00:00+05:30,3498.0,21.9,61.0,7.2,0.0
2025-10-29 23:00:00+05:30,3383.5,20.0,61.0,3.8,0.0
2025-10-30 00:00:00+05:30,3254.2,17.8,65.0,4.6,0.0
2025-10-30 01:00:00+05:30,3043.1,16.0,72.0,6.5,0.0
2025-10-30 02:00:00+05:30,3039.5,15.1,61.0,2.0,0.0
2025-10-30 03:00:00+05:30,2903.1,14.5,63.0,4.9,0.0
2025-10-30 04:00:00+05:30,2857.9,14.2,72.0,7.4,0.0
2025-10-30 05:00:00+05:30,2893.4,14.1,67.0,7.1,0.0
2025-10-30 06:00:00+05:30,3024.0,14.9,67.0,7.6,12.5
2025-10-30 07:00:00+05:30,3192.0,15.9,66.0,5.1,48.8
2025-10-30 08:00:00+05:30,3358.9,17.4,65.0,0.8,99.5
2025-10-30 09:00:00+05:30,3583.2,18.8,67.0,7.6,120.1
2025-10-30 10:00:00+05:30,3762.6,20.4,63.0,8.3,200.0
2025-10-30 11:00:00+05:30,3705.4,21.9,66.0,6.5,197.5
2025-10-30 12:00:00+05:30,3819.5,23.3,68.0,11.5,179.7
2025-10-30 13:00:00+05:30,3860.4,26.0,52.0,5.5,181.5
2025-10-30 14:00:00+05:30,3928.0,27.1,56.0,15.6,165.1
2025-10-30 15:00:00+05:30,4146.1,27.8,56.0,8.8,100.8
2025-10-30 16:00:00+05:30,4224.8,27.9,55.0,18.3,94.6
2025-10-30 17:00:00+05:30,4063.8,27.7,56.0,14.7,50.0
2025-10-30 18:00:00+05:30,3835.0,27.2,53.0,10.8,7.5
2025-10-30 19:00:00+05:30,3694.7,27.0,53.0,9.4,0.0
2025-10-30 20:00:00+05:30,3817.4,25.2,58.0,11.1,0.0
2025-10-30 21:00:00+05:30,3687.1,23.6,58.0,9.0,0.0
2025-10-30 22:00:00+05:30,3476.1,21.8,63.0,3.4,0.0
2025-10-30 23:00:00+05:30,3326.9,20.2,61.0,7.2,0.0
2025-10-31 00:00:00+05:30,3098.8,18.9,63.0,7.8,0.0
2025-10-31 01:00:00+05:30,3013.8,17.8,63.0,3.6,0.0
2025-10-31 02:00:00+05:30,2970.8,17.1,67.0,4.5,0.0
2025-10-31 03:00:00+05:30,2973.4,16.2,61.0,5.9,0.0
2025-10-31 04:00:00+05:30,2790.9,16.0,61.0,0.0,0.0
2025-10-31 05:00:00+05:30,2906.8,16.9,66.0,0.0,0.0
2025-10-31 06:00:00+05:30,3033.9,17.9,59.0,5.7,11.9
2025-10-31 07:00:00+05:30,3186.5,18.4,68.0,7.6,46.1
2025-10-31 08:00:00+05:30,3466.8,19.9,63.0,6.1,112.5
2025-10-31 09:00:00+05:30,3600.4,20.8,58.0,7.2,147.8
2025-10-31 10:00:00+05:30,3748.2,22.3,60.0,4.2,197.5
2025-10-31 11:00:00+05:30,3916.2,23.9,56.0,5.1,170.8
2025-10-31 12:00:00+05:30,4035.3,25.3,51.0,9.4,182.2
2025-10-31 13:00:00+05:30,4084.9,26.2,58.0,13.6,167.7
2025-10-31 14:00:00+05:30,4277.2,27.7,52.0,12.3,178.2
2025-10-31 15:00:00+05:30,4468.1,28.3,57.0,11.5,151.5
2025-10-31 16:00:00+05:30,4520.4,28.5,54.0,10.1,100.8
2025-10-31 17:00:00+05:30,4152.3,28.3,53.0,13.2,47.4
2025-10-31 18:00:00+05:30,4071.8,28.1,51.0,9.0,10.0
2025-10-31 19:00:00+05:30,3924.1,27.0,60.0,5.7,0.0
2025-10-31 20:00:00+05:30,3773.8,25.7,63.0,11.2,0.0
2025-10-31 21:00:00+05:30,3691.9,24.0,62.0,11.2,0.0
2025-10-31 22:00:00+05:30,3494.0,22.2,63.0,2.5,0.0
2025-10-31 23:00:00+05:30,3281.9,21.0,57.0,5.0,0.0
2025-11-01 00:00:00+05:30,2850.0,19.5,64.0,7.7,0.0
2025-11-01 01:00:00+05:30,2685.6,18.5,62.0,3.8,0.0
2025-11-01 02:00:00+05:30,2585.2,17.5,70.0,2.9,0.0
2025-11-01 03:00:00+05:30,2590.0,16.3,62.0,0.4,0.0
2025-11-01 04:00:00+05:30,2496.2,15.8,69.0,5.1,0.0
2025-11-01 05:00:00+05:30,2498.0,16.0,65.0,5.3,0.0
2025-11-01 06:00:00+05:30,2605.5,16.4,68.0,3.9,11.2
2025-11-01 07:00:00+05:30,2788.1,17.5,64.0,4.9,50.6
2025-11-01 08:00:00+05:30,2978.5,18.9,63.0,6.0,103.1
2025-11-01 09:00:00+05:30,3104.8,20.3,64.0,10.2,89.5
2025-11-01 10:00:00+05:30,3293.4,21.6,64.0,7.3,159.9
2025-11-01 11:00:00+05:30,3303.6,22.8,60.0,8.5,206.9
2025-11-01 12:00:00+05:30,3395.1,23.9,65.0,12.1,197.6
2025-11-01 13:00:00+05:30,3545.5,25.1,58.0,9.9,213.2
2025-11-01 14:00:00+05:30,3766.5,26.5,56.0,11.2,158.4
2025-11-01 15:00:00+05:30,3920.2,27.2,59.0,11.5,137.0
2025-11-01 16:00:00+05:30,3955.1,27.5,50.0,10.6,76.7
2025-11-01 17:00:00+05:30,3842.7,27.0,54.0,9.7,47.4
2025-11-01 18:00:00+05:30,3634.8,26.5,56.0,10.2,6.4
2025-11-01 19:00:00+05:30,3525.4,25.6,61.0,10.9,0.0
2025-11-01 20:00:00+05:30,3600.9,24.6,57.0,8.8,0.0
2025-11-01 21:00:00+05:30,3428.9,23.0,60.0,7.7,0.0
2025-11-01 22:00:00+05:30,3306.1,22.0,63.0,7.5,0.0
2025-11-01 23:00:00+05:30,3148.3,20.4,64.0,4.3,0.0
2025-11-02 00:00:00+05:30,3015.0,19.0,62.0,6.2,0.0
2025-11-02 01:00:00+05:30,2826.4,18.3,57.0,4.1,0.0
2025-11-02 02:00:00+05:30,2746.0,17.6,65.0,5.0,0.0
2025-11-02 03:00:00+05:30,2750.8,16.6,60.0,1.5,0.0
2025-11-02 04:00:00+05:30,2632.6,16.5,70.0,2.0,0.0
2025-11-02 05:00:00+05:30,2743.1,16.7,70.0,3.7,0.0
2025-11-02 06:00:00+05:30,3000.7,16.9,62.0,0.0,11.3
2025-11-02 07:00:00+05:30,3034.3,17.8,63.0,3.8,51.5
2025-11-02 08:00:00+05:30,3297.5,19.2,57.0,2.1,101.2
2025-11-02 09:00:00+05:30,3556.9,20.3,62.0,5.1,134.7
2025-11-02 10:00:00+05:30,3679.2,21.9,60.0,11.6,159.3
2025-11-02 11:00:00+05:30,3677.0,23.9,64.0,11.8,219.2
2025-11-02 12:00:00+05:30,3835.3,25.2,58.0,11.4,218.5
2025-11-02 13:00:00+05:30,3951.1,26.5,58.0,10.0,182.2
2025-11-02 14:00:00+05:30,4246.7,28.1,58.0,9.5,190.5
2025-11-02 15:00:00+05:30,4360.7,28.3,49.0,11.2,127.3
2025-11-02 16:00:00+05:30,4303.7,28.4,57.0,11.4,92.6
2025-11-02 17:00:00+05:30,4219.0,28.4,53.0,12.0,40.5
2025-11-02 18:00:00+05:30,3883.7,27.5,57.0,12.9,10.0
2025-11-02 19:00:00+05:30,3854.2,26.8,56.0,12.3,0.0
2025-11-02 20:00:00+05:30,3841.2,25.4,56.0,10.3,0.0
2025-11-02 21:00:00+05:30,3692.3,24.5,55.0,10.6,0.0
2025-11-02 22:00:00+05:30,3511.5,22.8,55.0,8.7,0.0
2025-11-02 23:00:00+05:30,3304.2,20.9,68.0,7.7,0.0
2025-11-03 00:00:00+05:30,3295.1,19.1,57.0,3.0,0.0
2025-11-03 01:00:00+05:30,3068.1,17.7,63.0,1.5,0.0
2025-11-03 02:00:00+05:30,3032.4,16.9,65.0,0.7,0.0
2025-11-03 03:00:00+05:30,2933.5,16.2,69.0,0.1,0.0
2025-11-03 04:00:00+05:30,2869.2,16.2,71.0,5.3,0.0
2025-11-03 05:00:00+05:30,2968.0,16.7,70.0,3.7,0.0
2025-11-03 06:00:00+05:30,3113.3,17.7,71.0,3.4,2.7
2025-11-03 07:00:00+05:30,3188.6,18.8,61.0,3.7,39.7
2025-11-03 08:00:00+05:30,3382.8,19.7,65.0,7.3,96.8
2025-11-03 09:00:00+05:30,3545.0,21.5,62.0,9.0,154.7
2025-11-03 10:00:00+05:30,3749.4,23.5,58.0,5.0,163.8
2025-11-03 11:00:00+05:30,3802.5,25.1,57.0,10.1,203.0
2025-11-03 12:00:00+05:30,4147.6,27.0,47.0,10.4,211.3
2025-11-03 13:00:00+05:30,4400.5,28.4,55.0,7.1,196.7
2025-11-03 14:00:00+05:30,4688.6,29.5,58.0,12.1,152.4
2025-11-03 15:00:00+05:30,4736.6,30.1,52.0,8.1,124.5
2025-11-03 16:00:00+05:30,4520.2,29.4,53.0,13.1,105.0
2025-11-03 17:00:00+05:30,4317.0,29.2,49.0,12.1,47.2
2025-11-03 18:00:00+05:30,4213.8,29.0,57.0,7.8,8.0
2025-11-03 19:00:00+05:30,4198.3,28.4,52.0,12.7,0.0
2025-11-03 20:00:00+05:30,4288.0,27.4,53.0,8.5,0.0
2025-11-03 21:00:00+05:30,3948.1,25.7,54.0,11.7,0.0
2025-11-03 22:00:00+05:30,3620.0,24.4,56.0,2.4,0.0
2025-11-03 23:00:00+05:30,3397.4,22.8,62.0,3.8,0.0
2025-11-04 00:00:00+05:30,3200.4,20.6,63.0,12.2,0.0
2025-11-04 01:00:00+05:30,3131.5,19.7,62.0,0.9,0.0
2025-11-04 02:00:00+05:30,2979.9,18.8,58.0,3.2,0.0
2025-11-04 03:00:00+05:30,2817.6,18.1,63.0,3.5,0.0
2025-11-04 04:00:00+05:30,2764.1,17.9,68.0,7.7,0.0
2025-11-04 05:00:00+05:30,2860.1,17.4,63.0,4.4,0.0
2025-11-04 06:00:00+05:30,2991.7,17.8,69.0,3.3,11.6
2025-11-04 07:00:00+05:30,3095.1,18.8,61.0,8.1,42.2
2025-11-04 08:00:00+05:30,3314.0,20.0,63.0,3.0,91.6
2025-11-04 09:00:00+05:30,3446.2,21.7,61.0,7.6,131.7
2025-11-04 10:00:00+05:30,3534.3,23.3,59.0,8.9,150.0
2025-11-04 11:00:00+05:30,3816.0,25.4,60.0,8.7,158.9
2025-11-04 12:00:00+05:30,4109.0,26.4,56.0,6.7,190.6
2025-11-04 13:00:00+05:30,4394.4,27.3,57.0,10.8,171.5
2025-11-04 14:00:00+05:30,4582.7,27.7,54.0,8.5,164.4
2025-11-04 15:00:00+05:30,4787.0,28.7,57.0,10.6,141.1
2025-11-04 16:00:00+05:30,4730.1,28.6,57.0,14.5,96.7
2025-11-04 17:00:00+05:30,4614.9,28.5,52.0,11.1,43.7
2025-11-04 18:00:00+05:30,4361.4,27.5,59.0,13.6,8.1
2025-11-04 19:00:00+05:30,4055.8,26.3,56.0,10.5,0.0
2025-11-04 20:00:00+05:30,3979.7,25.6,56.0,7.7,0.0
2025-11-04 21:00:00+05:30,3722.2,24.0,61.0,8.3,0.0
2025-11-04 22:00:00+05:30,3447.2,22.4,59.0,3.3,0.0
2025-11-04 23:00:00+05:30,3367.9,21.3,62.0,2.0,0.0
2025-11-05 00:00:00+05:30,2925.0,19.6,60.0,5.6,0.0
2025-11-05 01:00:00+05:30,2872.2,18.3,62.0,2.8,0.0
2025-11-05 02:00:00+05:30,2757.8,17.2,67.0,3.1,0.0
2025-11-05 03:00:00+05:30,2679.4,16.6,63.0,3.3,0.0
2025-11-05 04:00:00+05:30,2660.3,16.5,54.0,5.0,0.0
2025-11-05 05:00:00+05:30,2672.9,16.6,63.0,4.3,0.0
2025-11-05 06:00:00+05:30,2794.1,17.5,62.0,6.8,10.6
2025-11-05 07:00:00+05:30,2961.0,18.6,69.0,4.5,46.5
2025-11-05 08:00:00+05:30,3184.6,19.8,57.0,9.8,106.3
2025-11-05 09:00:00+05:30,3260.5,21.4,61.0,4.8,155.0
2025-11-05 10:00:00+05:30,3401.0,22.0,59.0,13.5,165.0
2025-11-05 11:00:00+05:30,3466.2,24.0,62.0,5.8,186.7
2025-11-05 12:00:00+05:30,3514.2,25.4,59.0,6.8,162.8
2025-11-05 13:00:00+05:30,3609.8,26.7,52.0,9.5,220.0
2025-11-05 14:00:00+05:30,3799.6,27.7,47.0,9.9,174.8
2025-11-05 15:00:00+05:30,4173.6,29.1,52.0,12.7,119.5
2025-11-05 16:00:00+05:30,4249.0,28.9,59.0,14.2,92.7
2025-11-05 17:00:00+05:30,4040.2,28.6,51.0,15.5,39.7
2025-11-05 18:00:00+05:30,3773.2,27.8,54.0,14.8,9.1
2025-11-05 19:00:00+05:30,3668.0,27.2,58.0,13.1,0.0
2025-11-05 20:00:00+05:30,3599.0,25.9,52.0,14.4,0.0
2025-11-05 21:00:00+05:30,3384.0,24.6,56.0,12.2,0.0
2025-11-05 22:00:00+05:30,3162.2,23.3,58.0,5.3,0.0
2025-11-05 23:00:00+05:30,2871.8,21.2,61.0,12.0,0.0
2025-11-06 00:00:00+05:30,3080.6,19.9,67.0,7.4,0.0
2025-11-06 01:00:00+05:30,2908.1,18.6,69.0,1.8,0.0
2025-11-06 02:00:00+05:30,2885.2,17.4,64.0,2.4,0.0
2025-11-06 03:00:00+05:30,2793.1,17.3,68.0,4.3,0.0
2025-11-06 04:00:00+05:30,2840.6,16.8,61.0,6.1,0.0
2025-11-06 05:00:00+05:30,2834.4,16.5,63.0,3.6,0.0
2025-11-06 06:00:00+05:30,3022.0,16.9,59.0,5.8,9.4
2025-11-06 07:00:00+05:30,3314.3,17.9,59.0,6.4,49.7
2025-11-06 08:00:00+05:30,3534.4,18.5,63.0,7.5,104.0
2025-11-06 09:00:00+05:30,3623.3,20.6,60.0,9.3,150.9
2025-11-06 10:00:00+05:30,3791.2,22.4,65.0,11.3,154.7
2025-11-06 11:00:00+05:30,3837.8,24.2,57.0,9.7,205.8
2025-11-06 12:00:00+05:30,3951.7,25.7,56.0,11.1,145.0
2025-11-06 13:00:00+05:30,4085.7,27.1,56.0,12.5,200.6
2025-11-06 14:00:00+05:30,4338.6,28.0,51.0,9.5,162.1
2025-11-06 15:00:00+05:30,4461.7,28.3,53.0,12.2,136.4
2025-11-06 16:00:00+05:30,4428.4,28.9,58.0,15.1,87.2
2025-11-06 17:00:00+05:30,4294.0,28.6,54.0,16.7,44.2
2025-11-06 18:00:00+05:30,4033.6,27.4,54.0,16.8,6.5
2025-11-06 19:00:00+05:30,3873.0,26.0,56.0,12.9,0.0
2025-11-06 20:00:00+05:30,3829.1,24.6,54.0,12.3,0.0
2025-11-06 21:00:00+05:30,3714.4,22.6,63.0,13.1,0.0
2025-11-06 22:00:00+05:30,3584.3,20.3,62.0,10.0,0.0
2025-11-06 23:00:00+05:30,3301.7,19.5,62.0,6.2,0.0
2025-11-07 00:00:00+05:30,3173.5,17.8,66.0,6.6,0.0
2025-11-07 01:00:00+05:30,3067.2,16.4,68.0,7.3,0.0
2025-11-07 02:00:00+05:30,2888.4,15.0,70.0,7.0,0.0
2025-11-07 03:00:00+05:30,2777.4,14.0,68.0,1.3,0.0
2025-11-07 04:00:00+05:30,2823.5,14.2,67.0,1.0,0.0
2025-11-07 05:00:00+05:30,2822.0,13.9,67.0,2.5,0.0
2025-11-07 06:00:00+05:30,2959.5,15.0,64.0,6.7,9.8
2025-11-07 07:00:00+05:30,3137.0,15.7,68.0,1.4,36.3
2025-11-07 08:00:00+05:30,3285.1,17.5,69.0,7.2,86.4
2025-11-07 09:00:00+05:30,3378.9,19.5,66.0,4.0,149.8
2025-11-07 10:00:00+05:30,3585.4,21.3,65.0,5.6,137.3
2025-11-07 11:00:00+05:30,3588.7,23.0,62.0,7.0,176.3
2025-11-07 12:00:00+05:30,3736.2,24.7,56.0,14.9,175.8
2025-11-07 13:00:00+05:30,3936.4,25.8,61.0,7.9,220.0
2025-11-07 14:00:00+05:30,4129.9,27.7,57.0,11.9,152.9
2025-11-07 15:00:00+05:30,4222.8,28.2,51.0,7.9,144.2
2025-11-07 16:00:00+05:30,4243.5,28.7,52.0,10.0,90.9
2025-11-07 17:00:00+05:30,4074.1,28.4,53.0,13.0,45.3
2025-11-07 18:00:00+05:30,3809.1,27.9,58.0,12.2,8.0
2025-11-07 19:00:00+05:30,3662.8,27.1,57.0,12.6,0.0
2025-11-07 20:00:00+05:30,3694.8,26.0,58.0,13.5,0.0
2025-11-07 21:00:00+05:30,3711.7,24.7,55.0,9.7,0.0
2025-11-07 22:00:00+05:30,3553.1,22.9,58.0,6.2,0.0
2025-11-07 23:00:00+05:30,3370.2,21.8,66.0,7.1,0.0
2025-11-08 00:00:00+05:30,3028.4,19.9,61.0,4.9,0.0
2025-11-08 01:00:00+05:30,2875.2,18.4,63.0,2.2,0.0
2025-11-08 02:00:00+05:30,2689.8,17.1,70.0,1.2,0.0
2025-11-08 03:00:00+05:30,2711.8,16.7,61.0,3.7,0.0
2025-11-08 04:00:00+05:30,2711.4,16.5,69.0,9.1,0.0
2025-11-08 05:00:00+05:30,2755.9,17.0,63.0,0.2,0.0
2025-11-08 06:00:00+05:30,2893.8,18.0,65.0,2.5,10.7
2025-11-08 07:00:00+05:30,3012.9,19.4,56.0,11.7,53.7
2025-11-08 08:00:00+05:30,3212.8,20.3,58.0,6.0,103.6
2025-11-08 09:00:00+05:30,3326.1,21.6,61.0,8.2,115.4
2025-11-08 10:00:00+05:30,3492.7,23.4,55.0,7.5,190.3
2025-11-08 11:00:00+05:30,3584.3,25.1,56.0,9.7,160.9
2025-11-08 12:00:00+05:30,3902.9,27.0,50.0,11.2,215.3
2025-11-08 13:00:00+05:30,4023.8,27.5,61.0,10.7,189.0
2025-11-08 14:00:00+05:30,4124.3,28.2,51.0,5.7,175.9
2025-11-08 15:00:00+05:30,4292.7,28.4,52.0,11.4,139.6
2025-11-08 16:00:00+05:30,4367.2,28.7,51.0,6.8,101.8
2025-11-08 17:00:00+05:30,4292.9,28.7,56.0,12.0,46.8
2025-11-08 18:00:00+05:30,4090.1,28.2,54.0,10.3,7.2
2025-11-08 19:00:00+05:30,3796.0,26.7,54.0,14.7,0.0
2025-11-08 20:00:00+05:30,3851.6,26.0,57.0,11.4,0.0
2025-11-08 21:00:00+05:30,3536.3,24.2,60.0,7.6,0.0
2025-11-08 22:00:00+05:30,3304.7,23.0,57.0,11.0,0.0
2025-11-08 23:00:00+05:30,3112.2,21.6,61.0,10.2,0.0
2025-11-09 00:00:00+05:30,3152.7,19.9,65.0,4.7,0.0
2025-11-09 01:00:00+05:30,3070.1,18.5,63.0,5.7,0.0
2025-11-09 02:00:00+05:30,2832.2,17.3,64.0,0.7,0.0
2025-11-09 03:00:00+05:30,2697.0,16.8,61.0,7.1,0.0
2025-11-09 04:00:00+05:30,2644.5,16.4,66.0,1.5,0.0
2025-11-09 05:00:00+05:30,2702.6,16.2,65.0,1.1,0.0
2025-11-09 06:00:00+05:30,2910.2,16.8,64.0,2.8,9.5
2025-11-09 07:00:00+05:30,3119.3,17.6,61.0,5.4,55.0
2025-11-09 08:00:00+05:30,3320.0,19.2,61.0,10.2,92.0
2025-11-09 09:00:00+05:30,3564.1,20.4,58.0,4.1,131.5
2025-11-09 10:00:00+05:30,3667.2,21.9,58.0,10.5,173.8
2025-11-09 11:00:00+05:30,3635.4,23.4,60.0,8.9,220.0
2025-11-09 12:00:00+05:30,3756.0,25.0,59.0,8.0,175.9
2025-11-09 13:00:00+05:30,3805.1,25.6,61.0,11.6,206.1
2025-11-09 14:00:00+05:30,4128.7,26.5,55.0,14.5,145.3
2025-11-09 15:00:00+05:30,4124.3,26.8,62.0,11.8,112.3
2025-11-09 16:00:00+05:30,4085.9,27.2,52.0,15.3,84.0
2025-11-09 17:00:00+05:30,3968.7,27.0,58.0,12.1,46.6
2025-11-09 18:00:00+05:30,3757.1,26.7,57.0,18.8,7.7
2025-11-09 19:00:00+05:30,3643.4,25.5,53.0,11.7,0.0
2025-11-09 20:00:00+05:30,3604.6,24.1,57.0,13.3,0.0
2025-11-09 21:00:00+05:30,3444.3,23.0,56.0,4.6,0.0
2025-11-09 22:00:00+05:30,3227.2,21.6,61.0,11.0,0.0
2025-11-09 23:00:00+05:30,3074.4,20.6,60.0,7.6,0.0
2025-11-10 00:00:00+05:30,3149.3,18.5,62.0,4.6,0.0
2025-11-10 01:00:00+05:30,3050.3,17.2,63.0,4.5,0.0
2025-11-10 02:00:00+05:30,2941.1,16.4,69.0,3.2,0.0
2025-11-10 03:00:00+05:30,2884.2,15.6,65.0,2.2,0.0
2025-11-10 04:00:00+05:30,2986.6,15.2,63.0,6.3,0.0
2025-11-10 05:00:00+05:30,3019.8,15.6,68.0,5.8,0.0
2025-11-10 06:00:00+05:30,3197.7,15.8,68.0,5.9,11.1
2025-11-10 07:00:00+05:30,3307.6,16.7,66.0,5.5,50.8
2025-11-10 08:00:00+05:30,3568.8,18.3,60.0,7.5,98.0
2025-11-10 09:00:00+05:30,3607.8,19.8,56.0,9.1,162.5
2025-11-10 10:00:00+05:30,3675.3,21.7,62.0,10.3,190.2
2025-11-10 11:00:00+05:30,3738.4,23.6,58.0,11.2,193.2
2025-11-10 12:00:00+05:30,3823.0,24.9,59.0,6.4,166.3
2025-11-10 13:00:00+05:30,3946.4,26.4,54.0,11.9,162.3
2025-11-10 14:00:00+05:30,4016.2,26.8,57.0,8.9,163.3
2025-11-10 15:00:00+05:30,4161.4,27.0,53.0,8.5,98.6
2025-11-10 16:00:00+05:30,4131.3,27.0,57.0,15.4,105.0
2025-11-10 17:00:00+05:30,4016.2,26.3,58.0,11.0,39.1
2025-11-10 18:00:00+05:30,3868.5,25.9,60.0,13.2,8.4
2025-11-10 19:00:00+05:30,3932.9,25.1,57.0,12.7,0.0
2025-11-10 20:00:00+05:30,4015.8,23.8,57.0,8.7,0.0
2025-11-10 21:00:00+05:30,3813.1,22.3,56.0,10.5,0.0
2025-11-10 22:00:00+05:30,3617.9,20.7,63.0,6.8,0.0
2025-11-10 23:00:00+05:30,3417.0,19.2,66.0,9.2,0.0
2025-11-11 00:00:00+05:30,3288.4,17.3,70.0,4.5,0.0
2025-11-11 01:00:00+05:30,3214.1,16.4,67.0,7.4,0.0
2025-11-11 02:00:00+05:30,3053.1,16.1,71.0,2.8,0.0
2025-11-11 03:00:00+05:30,3062.6,15.4,65.0,6.7,0.0
2025-11-11 04:00:00+05:30,2981.2,15.5,64.0,3.6,0.0
2025-11-11 05:00:00+05:30,3052.4,15.7,64.0,6.7,0.0
2025-11-11 06:00:00+05:30,3212.3,16.7,64.0,4.6,10.8
2025-11-11 07:00:00+05:30,3336.1,17.8,59.0,6.0,49.1
2025-11-11 08:00:00+05:30,3515.6,19.0,65.0,2.7,112.5
2025-11-11 09:00:00+05:30,3848.1,20.2,60.0,7.4,113.2
2025-11-11 10:00:00+05:30,3959.5,22.0,60.0,5.4,149.8
2025-11-11 11:00:00+05:30,3951.9,22.9,61.0,9.5,185.7
2025-11-11 12:00:00+05:30,4027.2,23.9,62.0,11.5,225.0
2025-11-11 13:00:00+05:30,4081.4,25.2,60.0,11.3,205.0
2025-11-11 14:00:00+05:30,4232.0,25.9,53.0,14.0,131.0
2025-11-11 15:00:00+05:30,4163.2,26.6,50.0,9.9,127.8
2025-11-11 16:00:00+05:30,4045.7,26.6,57.0,12.4,98.2
2025-11-11 17:00:00+05:30,3911.7,26.6,53.0,15.2,44.0
2025-11-11 18:00:00+05:30,3828.1,25.9,64.0,9.2,7.7
2025-11-11 19:00:00+05:30,3861.0,24.8,53.0,7.7,0.0
2025-11-11 20:00:00+05:30,3968.3,23.7,56.0,8.9,0.0
2025-11-11 21:00:00+05:30,3717.2,22.2,62.0,9.0,0.0
2025-11-11 22:00:00+05:30,3499.0,19.9,61.0,9.3,0.0
2025-11-11 23:00:00+05:30,3373.1,18.2,65.0,7.1,0.0
2025-11-12 00:00:00+05:30,3268.1,17.0,70.0,2.2,0.0
2025-11-12 01:00:00+05:30,3101.0,15.7,60.0,3.9,0.0
2025-11-12 02:00:00+05:30,2955.5,14.4,72.0,6.6,0.0
2025-11-12 03:00:00+05:30,2890.7,13.7,67.0,7.4,0.0
2025-11-12 04:00:00+05:30,2836.4,13.9,69.0,9.1,0.0
2025-11-12 05:00:00+05:30,2939.2,14.1,65.0,3.5,0.0
2025-11-12 06:00:00+05:30,3186.4,14.5,71.0,7.8,6.5
2025-11-12 07:00:00+05:30,3315.0,15.4,67.0,1.6,46.5
2025-11-12 08:00:00+05:30,3528.4,16.6,69.0,3.7,82.2
2025-11-12 09:00:00+05:30,3698.9,18.2,66.0,11.9,159.6
2025-11-12 10:00:00+05:30,3860.0,19.8,68.0,4.7,200.0
2025-11-12 11:00:00+05:30,3949.3,21.2,63.0,14.1,164.6
2025-11-12 12:00:00+05:30,3852.6,22.6,59.0,13.3,181.1
2025-11-12 13:00:00+05:30,3929.4,24.2,61.0,8.3,180.3
2025-11-12 14:00:00+05:30,3948.8,25.5,63.0,14.9,180.6
2025-11-12 15:00:00+05:30,4081.5,26.1,58.0,8.3,120.0
2025-11-12 16:00:00+05:30,4139.6,26.2,58.0,12.8,89.9
2025-11-12 17:00:00+05:30,3879.7,26.6,52.0,13.9,38.9
2025-11-12 18:00:00+05:30,3743.1,25.5,53.0,7.0,8.0
2025-11-12 19:00:00+05:30,3793.1,24.6,62.0,5.5,0.0
2025-11-12 20:00:00+05:30,3943.2,23.2,61.0,9.2,0.0
2025-11-12 21:00:00+05:30,3840.8,21.4,62.0,7.6,0.0
2025-11-12 22:00:00+05:30,3577.1,19.7,61.0,9.1,0.0
2025-11-12 23:00:00+05:30,3421.8,18.1,67.0,10.3,0.0
2025-11-13 00:00:00+05:30,3263.0,16.1,67.0,7.4,0.0
2025-11-13 01:00:00+05:30,3186.1,15.4,68.0,5.8,0.0
2025-11-13 02:00:00+05:30,3164.3,14.4,68.0,6.2,0.0
2025-11-13 03:00:00+05:30,2999.8,13.7,68.0,2.8,0.0
2025-11-13 04:00:00+05:30,2985.4,13.1,67.0,9.6,0.0
2025-11-13 05:00:00+05:30,3051.4,13.9,67.0,5.5,0.0
2025-11-13 06:00:00+05:30,3239.8,13.9,76.0,1.8,3.4
2025-11-13 07:00:00+05:30,3265.3,15.0,70.0,12.3,11.9
2025-11-13 08:00:00+05:30,3512.0,16.5,64.0,5.3,81.9
2025-11-13 09:00:00+05:30,3727.8,17.8,66.0,8.1,138.5
2025-11-13 10:00:00+05:30,3863.3,19.9,59.0,3.8,200.0
2025-11-13 11:00:00+05:30,3911.0,21.4,64.0,9.6,220.0
2025-11-13 12:00:00+05:30,4049.5,22.5,56.0,13.3,207.7
2025-11-13 13:00:00+05:30,4142.3,23.6,62.0,11.6,172.9
2025-11-13 14:00:00+05:30,4278.0,24.6,59.0,8.6,164.8
2025-11-13 15:00:00+05:30,4205.6,25.4,51.0,6.8,122.6
2025-11-13 16:00:00+05:30,4154.8,25.5,58.0,11.0,87.7
2025-11-13 17:00:00+05:30,4028.9,25.8,55.0,14.0,35.0
2025-11-13 18:00:00+05:30,3904.8,25.1,59.0,10.1,7.2
2025-11-13 19:00:00+05:30,3884.5,24.4,59.0,11.3,0.0
2025-11-13 20:00:00+05:30,3895.1,22.7,64.0,8.2,0.0
2025-11-13 21:00:00+05:30,3802.3,21.4,61.0,12.3,0.0
2025-11-13 22:00:00+05:30,3528.6,20.4,63.0,6.0,0.0
2025-11-13 23:00:00+05:30,3403.0,18.8,60.0,7.2,0.0
2025-11-14 00:00:00+05:30,3308.5,17.7,66.0,4.8,0.0
2025-11-14 01:00:00+05:30,3088.9,16.8,63.0,3.6,0.0
2025-11-14 02:00:00+05:30,2877.1,15.6,66.0,4.2,0.0
2025-11-14 03:00:00+05:30,2918.0,14.7,69.0,7.2,0.0
2025-11-14 04:00:00+05:30,2897.2,15.2,68.0,1.8,0.0
2025-11-14 05:00:00+05:30,2960.0,15.8,67.0,4.4,0.0
2025-11-14 06:00:00+05:30,3185.1,16.5,65.0,10.8,9.3
2025-11-14 07:00:00+05:30,3425.6,17.0,64.0,4.7,45.4
2025-11-14 08:00:00+05:30,3597.7,18.8,62.0,4.5,99.4
2025-11-14 09:00:00+05:30,3729.8,20.3,65.0,5.8,133.5
2025-11-14 10:00:00+05:30,3770.1,21.7,65.0,10.2,152.0
2025-11-14 11:00:00+05:30,3853.6,23.3,56.0,5.3,190.7
2025-11-14 12:00:00+05:30,3967.1,25.0,57.0,9.9,148.4
2025-11-14 13:00:00+05:30,4069.6,26.2,59.0,14.5,151.9
2025-11-14 14:00:00+05:30,4054.2,26.6,59.0,15.3,195.0
2025-11-14 15:00:00+05:30,4161.1,27.3,56.0,13.7,155.0
2025-11-14 16:00:00+05:30,4156.4,27.2,57.0,12.2,85.6
2025-11-14 17:00:00+05:30,3929.8,26.6,53.0,11.3,43.6
2025-11-14 18:00:00+05:30,3804.6,26.0,62.0,13.2,8.3
2025-11-14 19:00:00+05:30,3904.1,25.1,60.0,9.1,0.0
2025-11-14 20:00:00+05:30,3919.5,24.1,63.0,13.2,0.0
2025-11-14 21:00:00+05:30,3652.4,22.6,57.0,5.1,0.0
2025-11-14 22:00:00+05:30,3449.5,21.0,66.0,5.7,0.0
2025-11-14 23:00:00+05:30,3372.2,19.7,63.0,8.6,0.0
2025-11-15 00:00:00+05:30,3019.4,17.5,64.0,3.9,0.0
2025-11-15 01:00:00+05:30,2866.1,15.4,66.0,8.3,0.0
2025-11-15 02:00:00+05:30,2805.2,13.8,74.0,5.0,0.0
2025-11-15 03:00:00+05:30,2722.7,13.0,69.0,1.4,0.0
2025-11-15 04:00:00+05:30,2723.4,12.7,74.0,1.8,0.0
2025-11-15 05:00:00+05:30,2792.3,13.3,71.0,5.1,0.0
2025-11-15 06:00:00+05:30,2953.3,14.0,70.0,4.0,8.0
2025-11-15 07:00:00+05:30,3104.4,14.6,67.0,7.1,54.6
2025-11-15 08:00:00+05:30,3317.5,16.2,68.0,11.2,82.1
2025-11-15 09:00:00+05:30,3369.9,17.7,63.0,6.6,128.3
2025-11-15 10:00:00+05:30,3470.4,19.1,68.0,7.2,181.1
2025-11-15 11:00:00+05:30,3531.9,20.7,63.0,5.4,171.2
2025-11-15 12:00:00+05:30,3573.5,22.1,64.0,3.2,157.6
2025-11-15 13:00:00+05:30,3753.4,23.5,57.0,7.8,181.8
2025-11-15 14:00:00+05:30,3785.6,24.1,58.0,13.7,147.3
2025-11-15 15:00:00+05:30,3956.5,25.3,58.0,11.2,137.2
2025-11-15 16:00:00+05:30,3933.2,26.2,58.0,12.6,84.7
2025-11-15 17:00:00+05:30,3807.1,26.7,55.0,11.4,40.6
2025-11-15 18:00:00+05:30,3633.1,25.8,61.0,16.0,6.6
2025-11-15 19:00:00+05:30,3532.7,24.7,55.0,9.0,0.0
2025-11-15 20:00:00+05:30,3632.7,23.2,61.0,12.0,0.0
2025-11-15 21:00:00+05:30,3515.0,21.9,62.0,10.0,0.0
2025-11-15 22:00:00+05:30,3313.2,20.5,56.0,9.6,0.0
2025-11-15 23:00:00+05:30,3121.2,18.8,67.0,6.2,0.0
2025-11-16 00:00:00+05:30,2963.5,18.2,62.0,6.2,0.0
2025-11-16 01:00:00+05:30,2762.5,17.4,66.0,6.9,0.0
2025-11-16 02:00:00+05:30,2686.2,16.2,67.0,9.9,0.0
2025-11-16 03:00:00+05:30,2681.9,15.5,59.0,3.2,0.0
2025-11-16 04:00:00+05:30,2706.5,15.3,64.0,3.6,0.0
2025-11-16 05:00:00+05:30,2758.8,15.4,69.0,4.1,0.0
2025-11-16 06:00:00+05:30,2916.1,16.2,65.0,1.9,11.2
2025-11-16 07:00:00+05:30,3103.0,17.8,65.0,1.8,44.0
2025-11-16 08:00:00+05:30,3341.4,18.8,64.0,3.2,87.5
2025-11-16 09:00:00+05:30,3549.7,20.2,63.0,7.4,128.0
2025-11-16 10:00:00+05:30,3708.4,21.5,61.0,9.5,174.4
2025-11-16 11:00:00+05:30,3756.0,22.5,58.0,10.0,172.1
2025-11-16 12:00:00+05:30,3703.6,23.9,58.0,7.4,188.6
2025-11-16 13:00:00+05:30,3891.7,25.0,58.0,7.5,198.9
2025-11-16 14:00:00+05:30,3851.1,25.8,57.0,12.4,166.0
2025-11-16 15:00:00+05:30,3968.5,26.2,53.0,11.7,134.4
2025-11-16 16:00:00+05:30,3859.7,26.4,59.0,13.3,89.6
2025-11-16 17:00:00+05:30,3705.7,25.7,60.0,10.8,44.9
2025-11-16 18:00:00+05:30,3492.3,25.4,59.0,11.7,8.9
2025-11-16 19:00:00+05:30,3469.7,24.3,61.0,9.2,0.0
2025-11-16 20:00:00+05:30,3608.6,23.0,62.0,9.9,0.0
2025-11-16 21:00:00+05:30,3390.5,21.3,61.0,10.7,0.0
2025-11-16 22:00:00+05:30,3128.4,19.1,61.0,11.5,0.0
2025-11-16 23:00:00+05:30,3009.4,17.5,59.0,11.7,0.0
2025-11-17 00:00:00+05:30,3012.2,16.4,65.0,9.3,0.0
2025-11-17 01:00:00+05:30,2965.3,15.8,72.0,2.7,0.0
2025-11-17 02:00:00+05:30,2832.5,15.2,70.0,5.3,0.0
2025-11-17 03:00:00+05:30,2805.5,14.5,62.0,0.0,0.0
2025-11-17 04:00:00+05:30,2758.4,14.1,71.0,4.4,0.0
2025-11-17 05:00:00+05:30,2821.9,13.7,65.0,1.3,0.0
2025-11-17 06:00:00+05:30,2953.3,14.8,65.0,0.5,10.1
2025-11-17 07:00:00+05:30,3201.7,16.5,66.0,3.7,46.1
2025-11-17 08:00:00+05:30,3303.5,17.7,65.0,9.0,98.8
2025-11-17 09:00:00+05:30,3547.7,18.6,64.0,7.7,110.7
2025-11-17 10:00:00+05:30,3760.5,19.3,66.0,10.7,160.6
2025-11-17 11:00:00+05:30,3840.6,20.9,67.0,6.5,162.1
2025-11-17 12:00:00+05:30,3910.4,21.6,63.0,11.1,214.4
2025-11-17 13:00:00+05:30,4005.9,24.0,57.0,11.8,183.6
2025-11-17 14:00:00+05:30,4024.1,25.4,60.0,11.8,184.4
2025-11-17 15:00:00+05:30,4047.2,26.2,54.0,11.3,131.9
2025-11-17 16:00:00+05:30,4196.9,26.6,57.0,19.2,103.5
2025-11-17 17:00:00+05:30,3973.9,26.0,60.0,11.2,49.4
2025-11-17 18:00:00+05:30,3936.0,25.4,56.0,11.2,9.3
2025-11-17 19:00:00+05:30,3953.8,24.9,61.0,13.4,0.0
2025-11-17 20:00:00+05:30,3961.3,24.1,59.0,11.5,0.0
2025-11-17 21:00:00+05:30,3824.5,22.7,62.0,8.5,0.0
2025-11-17 22:00:00+05:30,3552.1,20.8,62.0,3.8,0.0
2025-11-17 23:00:00+05:30,3433.6,19.1,58.0,7.2,0.0
2025-11-18 00:00:00+05:30,3181.6,17.2,65.0,3.6,0.0
2025-11-18 01:00:00+05:30,3051.1,15.9,69.0,7.6,0.0
2025-11-18 02:00:00+05:30,2974.3,14.8,69.0,5.4,0.0
2025-11-18 03:00:00+05:30,2828.8,14.0,69.0,4.9,0.0
2025-11-18 04:00:00+05:30,2743.1,13.9,70.0,6.0,0.0
2025-11-18 05:00:00+05:30,2941.1,14.4,75.0,6.0,0.0
2025-11-18 06:00:00+05:30,3063.4,14.4,67.0,5.0,12.5
2025-11-18 07:00:00+05:30,3298.5,15.2,70.0,6.9,50.3
2025-11-18 08:00:00+05:30,3448.2,16.5,68.0,5.7,108.1
2025-11-18 09:00:00+05:30,3781.2,17.9,70.0,8.7,72.6
2025-11-18 10:00:00+05:30,3803.9,19.8,65.0,4.8,151.1
2025-11-18 11:00:00+05:30,3829.4,21.0,57.0,9.6,169.1
2025-11-18 12:00:00+05:30,3831.0,22.7,57.0,13.3,180.0
2025-11-18 13:00:00+05:30,4004.0,24.8,63.0,12.8,173.8
2025-11-18 14:00:00+05:30,4184.7,25.7,55.0,11.8,173.3
2025-11-18 15:00:00+05:30,4304.3,26.6,52.0,12.5,122.6
2025-11-18 16:00:00+05:30,4273.9,26.6,56.0,15.5,64.1
2025-11-18 17:00:00+05:30,4001.3,26.2,61.0,12.0,44.0
2025-11-18 18:00:00+05:30,3967.5,25.8,59.0,10.7,8.5
2025-11-18 19:00:00+05:30,3993.2,24.3,60.0,13.6,0.0
2025-11-18 20:00:00+05:30,3961.2,23.3,65.0,10.3,0.0
2025-11-18 21:00:00+05:30,3846.2,21.8,67.0,6.2,0.0
2025-11-18 22:00:00+05:30,3626.9,20.4,65.0,10.9,0.0
2025-11-18 23:00:00+05:30,3406.5,19.4,61.0,1.8,0.0
2025-11-19 00:00:00+05:30,3264.4,18.0,59.0,6.8,0.0
2025-11-19 01:00:00+05:30,3250.6,16.9,65.0,3.1,0.0
2025-11-19 02:00:00+05:30,3099.5,16.0,66.0,2.3,0.0
2025-11-19 03:00:00+05:30,2931.4,15.8,62.0,6.5,0.0
2025-11-19 04:00:00+05:30,2851.9,15.7,67.0,9.5,0.0
2025-11-19 05:00:00+05:30,2853.7,16.0,62.0,1.4,0.0
2025-11-19 06:00:00+05:30,2950.0,16.2,63.0,2.9,10.2
2025-11-19 07:00:00+05:30,3155.8,17.3,65.0,3.3,54.5
2025-11-19 08:00:00+05:30,3381.8,18.5,60.0,4.7,102.2
2025-11-19 09:00:00+05:30,3426.4,20.2,61.0,6.8,156.9
2025-11-19 10:00:00+05:30,3718.5,21.2,56.0,7.0,163.3
2025-11-19 11:00:00+05:30,3808.9,23.1,58.0,11.5,215.6
2025-11-19 12:00:00+05:30,3893.1,24.6,56.0,8.9,222.4
2025-11-19 13:00:00+05:30,3940.8,25.7,60.0,12.3,179.7
2025-11-19 14:00:00+05:30,3976.4,26.4,56.0,11.5,171.1
2025-11-19 15:00:00+05:30,4070.1,26.7,54.0,12.2,139.5
2025-11-19 16:00:00+05:30,4038.0,26.3,61.0,8.2,95.2
2025-11-19 17:00:00+05:30,3963.9,26.4,58.0,10.6,39.5
2025-11-19 18:00:00+05:30,3763.7,25.8,54.0,9.8,9.2
2025-11-19 19:00:00+05:30,3735.0,24.5,65.0,3.9,0.0
2025-11-19 20:00:00+05:30,3777.0,22.7,62.0,11.9,0.0
2025-11-19 21:00:00+05:30,3719.0,20.9,61.0,10.5,0.0
2025-11-19 22:00:00+05:30,3541.1,19.5,65.0,7.7,0.0
2025-11-19 23:00:00+05:30,3475.8,17.7,68.0,10.5,0.0
2025-11-20 00:00:00+05:30,3407.0,16.0,63.0,8.6,0.0
2025-11-20 01:00:00+05:30,3237.8,14.8,68.0,0.7,0.0
2025-11-20 02:00:00+05:30,3093.0,14.0,66.0,4.0,0.0
2025-11-20 03:00:00+05:30,3071.2,13.3,69.0,8.3,0.0
2025-11-20 04:00:00+05:30,3008.7,13.4,67.0,2.3,0.0
2025-11-20 05:00:00+05:30,3020.9,13.4,62.0,3.6,0.0
2025-11-20 06:00:00+05:30,3257.8,14.4,70.0,6.8,4.1
2025-11-20 07:00:00+05:30,3351.6,15.5,65.0,3.3,39.8
2025-11-20 08:00:00+05:30,3569.1,16.9,63.0,4.0,98.5
2025-11-20 09:00:00+05:30,3628.7,17.9,66.0,4.8,121.1
2025-11-20 10:00:00+05:30,3574.7,20.0,64.0,4.9,173.9
2025-11-20 11:00:00+05:30,3615.0,21.6,62.0,9.2,161.6
2025-11-20 12:00:00+05:30,3685.2,22.6,58.0,6.8,172.1
2025-11-20 13:00:00+05:30,3775.4,24.1,66.0,7.7,200.6
2025-11-20 14:00:00+05:30,3827.9,24.7,58.0,8.5,130.6
2025-11-20 15:00:00+05:30,3865.5,25.6,60.0,12.4,147.5
2025-11-20 16:00:00+05:30,3871.5,26.4,55.0,13.6,105.0
2025-11-20 17:00:00+05:30,3713.1,26.3,56.0,10.3,50.0
2025-11-20 18:00:00+05:30,3581.2,25.8,55.0,6.4,9.5
2025-11-20 19:00:00+05:30,3652.5,25.0,54.0,6.9,0.0
2025-11-20 20:00:00+05:30,3807.0,24.1,56.0,11.6,0.0
2025-11-20 21:00:00+05:30,3701.8,23.0,62.0,11.7,0.0
2025-11-20 22:00:00+05:30,3494.6,21.1,64.0,4.7,0.0
2025-11-20 23:00:00+05:30,3418.8,19.2,63.0,9.6,0.0
2025-11-21 00:00:00+05:30,3254.2,17.2,64.0,9.1,0.0
2025-11-21 01:00:00+05:30,3166.7,15.5,69.0,2.6,0.0
2025-11-21 02:00:00+05:30,3173.2,14.2,72.0,1.7,0.0
2025-11-21 03:00:00+05:30,3061.8,13.9,67.0,5.0,0.0
2025-11-21 04:00:00+05:30,3052.3,13.5,71.0,5.7,0.0
2025-11-21 05:00:00+05:30,3105.0,13.9,73.0,7.8,0.0
2025-11-21 06:00:00+05:30,3193.2,14.9,71.0,6.0,4.4
2025-11-21 07:00:00+05:30,3306.5,16.3,62.0,6.9,35.5
2025-11-21 08:00:00+05:30,3436.1,17.6,68.0,1.3,96.2
2025-11-21 09:00:00+05:30,3569.0,18.9,66.0,9.1,132.6
2025-11-21 10:00:00+05:30,3775.0,20.2,64.0,5.8,132.7
2025-11-21 11:00:00+05:30,3733.5,21.7,56.0,4.9,164.0
2025-11-21 12:00:00+05:30,3832.4,23.6,58.0,9.4,197.2
2025-11-21 13:00:00+05:30,3954.7,25.0,57.0,12.5,173.4
2025-11-21 14:00:00+05:30,4042.6,26.4,60.0,11.7,154.8
2025-11-21 15:00:00+05:30,4075.2,26.8,56.0,13.8,103.8
2025-11-21 16:00:00+05:30,4062.2,27.5,63.0,9.4,94.1
2025-11-21 17:00:00+05:30,3968.3,27.2,59.0,14.0,45.2
2025-11-21 18:00:00+05:30,3853.9,26.4,58.0,13.1,8.0
2025-11-21 19:00:00+05:30,3872.1,25.3,60.0,8.6,0.0
2025-11-21 20:00:00+05:30,3949.0,24.8,62.0,11.8,0.0
2025-11-21 21:00:00+05:30,3739.1,23.2,58.0,11.1,0.0
2025-11-21 22:00:00+05:30,3602.4,21.1,61.0,9.7,0.0
2025-11-21 23:00:00+05:30,3383.9,19.3,62.0,6.6,0.0
2025-11-22 00:00:00+05:30,3021.7,17.5,66.0,0.0,0.0
2025-11-22 01:00:00+05:30,2899.6,16.6,70.0,5.6,0.0
2025-11-22 02:00:00+05:30,2718.9,15.7,73.0,7.9,0.0
2025-11-22 03:00:00+05:30,2685.4,14.9,70.0,5.7,0.0
2025-11-22 04:00:00+05:30,2643.3,14.5,73.0,1.5,0.0
2025-11-22 05:00:00+05:30,2647.3,14.4,64.0,1.1,0.0
2025-11-22 06:00:00+05:30,2806.0,15.3,68.0,4.1,12.5
2025-11-22 07:00:00+05:30,3045.4,16.6,65.0,9.4,49.9
2025-11-22 08:00:00+05:30,3297.2,17.5,60.0,8.1,99.5
2025-11-22 09:00:00+05:30,3375.4,18.2,69.0,4.2,141.0
2025-11-22 10:00:00+05:30,3565.9,18.6,62.0,3.9,144.5
2025-11-22 11:00:00+05:30,3572.2,19.9,64.0,7.1,186.2
2025-11-22 12:00:00+05:30,3691.8,21.3,61.0,7.3,199.1
2025-11-22 13:00:00+05:30,3772.1,22.4,62.0,11.3,195.6
2025-11-22 14:00:00+05:30,3740.2,23.6,60.0,12.9,170.4
2025-11-22 15:00:00+05:30,3766.5,24.0,63.0,12.8,119.8
2025-11-22 16:00:00+05:30,3854.2,24.6,62.0,14.9,88.4
2025-11-22 17:00:00+05:30,3770.0,23.8,58.0,13.6,42.9
2025-11-22 18:00:00+05:30,3665.6,23.4,59.0,14.4,9.0
2025-11-22 19:00:00+05:30,3702.5,22.3,64.0,10.7,0.0
2025-11-22 20:00:00+05:30,3759.6,21.1,58.0,11.3,0.0
2025-11-22 21:00:00+05:30,3515.2,20.0,64.0,7.5,0.0
2025-11-22 22:00:00+05:30,3321.3,18.9,60.0,6.4,0.0
2025-11-22 23:00:00+05:30,3127.3,17.6,65.0,7.0,0.0
2025-11-23 00:00:00+05:30,3122.4,16.0,68.0,10.4,0.0
2025-11-23 01:00:00+05:30,2962.7,14.8,67.0,11.0,0.0
2025-11-23 02:00:00+05:30,2951.9,13.9,62.0,6.7,0.0
2025-11-23 03:00:00+05:30,2989.2,13.3,67.0,2.4,0.0
2025-11-23 04:00:00+05:30,2962.7,13.2,70.0,3.2,0.0
2025-11-23 05:00:00+05:30,3081.1,13.3,72.0,2.3,0.0
2025-11-23 06:00:00+05:30,3190.8,14.9,60.0,8.5,12.4
2025-11-23 07:00:00+05:30,3244.5,15.8,67.0,3.5,44.0
2025-11-23 08:00:00+05:30,3455.2,16.3,63.0,4.2,83.0
2025-11-23 09:00:00+05:30,3438.7,17.5,69.0,5.8,143.2
2025-11-23 10:00:00+05:30,3629.8,18.8,62.0,9.9,178.0
2025-11-23 11:00:00+05:30,3646.2,20.6,66.0,6.5,147.9
2025-11-23 12:00:00+05:30,3651.4,22.2,57.0,10.0,199.4
2025-11-23 13:00:00+05:30,3553.9,23.7,55.0,9.2,191.5
2025-11-23 14:00:00+05:30,3556.0,24.8,59.0,13.7,149.6
2025-11-23 15:00:00+05:30,3618.1,25.1,56.0,9.7,155.0
2025-11-23 16:00:00+05:30,3664.8,25.3,60.0,10.7,80.8
2025-11-23 17:00:00+05:30,3451.7,25.7,61.0,9.5,50.0
2025-11-23 18:00:00+05:30,3417.5,24.9,57.0,11.7,9.0
2025-11-23 19:00:00+05:30,3430.4,24.2,60.0,14.4,0.0
2025-11-23 20:00:00+05:30,3527.0,23.4,58.0,13.1,0.0
2025-11-23 21:00:00+05:30,3480.8,22.5,56.0,10.6,0.0
2025-11-23 22:00:00+05:30,3233.6,21.4,64.0,7.5,0.0
2025-11-23 23:00:00+05:30,3071.7,19.6,63.0,6.1,0.0
2025-11-24 00:00:00+05:30,3107.0,18.0,64.0,8.0,0.0
2025-11-24 01:00:00+05:30,2951.4,16.5,67.0,7.8,0.0
2025-11-24 02:00:00+05:30,2830.7,15.6,64.0,5.6,0.0
2025-11-24 03:00:00+05:30,2690.9,15.2,69.0,1.9,0.0
2025-11-24 04:00:00+05:30,2744.4,14.5,75.0,5.4,0.0
2025-11-24 05:00:00+05:30,2841.6,14.7,69.0,3.8,0.0
2025-11-24 06:00:00+05:30,2952.1,15.5,64.0,1.0,10.8
2025-11-24 07:00:00+05:30,3205.7,16.8,58.0,6.1,55.0
2025-11-24 08:00:00+05:30,3500.3,18.0,63.0,3.4,87.1
2025-11-24 09:00:00+05:30,3693.2,19.5,58.0,8.6,136.8
2025-11-24 10:00:00+05:30,3859.7,21.6,54.0,6.6,158.0
2025-11-24 11:00:00+05:30,3928.3,23.1,59.0,11.2,220.0
2025-11-24 12:00:00+05:30,4087.4,23.9,57.0,12.1,181.4
2025-11-24 13:00:00+05:30,4183.2,25.2,59.0,6.7,185.7
2025-11-24 14:00:00+05:30,4213.8,26.1,54.0,11.9,152.2
2025-11-24 15:00:00+05:30,4217.5,27.2,56.0,14.1,129.9
2025-11-24 16:00:00+05:30,4096.1,26.8,51.0,13.5,72.2
2025-11-24 17:00:00+05:30,3961.2,26.5,59.0,12.9,38.8
2025-11-24 18:00:00+05:30,3746.1,26.1,59.0,3.8,9.5
2025-11-24 19:00:00+05:30,3785.1,25.5,57.0,9.5,0.0
2025-11-24 20:00:00+05:30,3902.5,23.6,61.0,10.5,0.0
2025-11-24 21:00:00+05:30,3796.9,21.7,65.0,8.2,0.0
2025-11-24 22:00:00+05:30,3606.1,19.7,61.0,7.7,0.0
2025-11-24 23:00:00+05:30,3286.8,18.3,65.0,8.3,0.0
2025-11-25 00:00:00+05:30,3196.5,16.3,66.0,3.1,0.0
2025-11-25 01:00:00+05:30,3062.6,15.4,64.0,7.9,0.0
2025-11-25 02:00:00+05:30,3003.4,13.9,65.0,3.0,0.0
2025-11-25 03:00:00+05:30,2929.0,13.5,65.0,0.6,0.0
2025-11-25 04:00:00+05:30,2856.3,13.2,72.0,4.0,0.0
2025-11-25 05:00:00+05:30,2940.2,13.4,69.0,2.0,0.0
2025-11-25 06:00:00+05:30,3078.1,14.3,65.0,5.4,9.3
2025-11-25 07:00:00+05:30,3386.4,15.5,62.0,3.2,44.6
2025-11-25 08:00:00+05:30,3641.3,16.8,65.0,2.2,84.2
2025-11-25 09:00:00+05:30,3716.1,18.3,60.0,8.1,135.2
2025-11-25 10:00:00+05:30,3727.4,20.4,63.0,7.9,151.9
2025-11-25 11:00:00+05:30,3805.8,21.9,64.0,8.6,179.4
2025-11-25 12:00:00+05:30,3904.7,23.0,66.0,7.4,224.9
2025-11-25 13:00:00+05:30,4044.4,24.3,60.0,9.7,180.6
2025-11-25 14:00:00+05:30,4037.1,25.4,58.0,14.4,168.4
2025-11-25 15:00:00+05:30,4101.5,26.1,59.0,13.3,120.9
2025-11-25 16:00:00+05:30,3971.4,26.4,60.0,13.5,92.9
2025-11-25 17:00:00+05:30,3869.2,26.2,54.0,9.1,35.9
2025-11-25 18:00:00+05:30,3772.3,25.3,61.0,14.1,8.5
2025-11-25 19:00:00+05:30,3778.9,24.1,61.0,16.4,0.0
2025-11-25 20:00:00+05:30,3855.9,23.0,59.0,5.6,0.0
2025-11-25 21:00:00+05:30,3696.3,21.8,65.0,11.7,0.0
2025-11-25 22:00:00+05:30,3535.5,20.4,62.0,8.2,0.0
2025-11-25 23:00:00+05:30,3376.7,18.5,59.0,7.2,0.0
2025-11-26 00:00:00+05:30,3271.8,17.3,64.0,5.6,0.0
2025-11-26 01:00:00+05:30,3168.6,16.2,66.0,5.2,0.0
2025-11-26 02:00:00+05:30,3156.0,14.3,73.0,5.6,0.0
2025-11-26 03:00:00+05:30,3027.8,14.1,70.0,4.7,0.0
2025-11-26 04:00:00+05:30,2965.8,13.6,67.0,5.2,0.0
2025-11-26 05:00:00+05:30,2948.9,14.1,63.0,4.6,0.0
2025-11-26 06:00:00+05:30,3206.7,14.3,69.0,4.2,8.4
2025-11-26 07:00:00+05:30,3432.7,14.6,69.0,10.2,44.2
2025-11-26 08:00:00+05:30,3463.8,15.6,70.0,9.6,88.9
2025-11-26 09:00:00+05:30,3615.9,16.8,71.0,5.5,49.4
2025-11-26 10:00:00+05:30,3767.1,18.3,66.0,7.2,157.1
2025-11-26 11:00:00+05:30,3842.5,19.8,64.0,9.8,176.0
2025-11-26 12:00:00+05:30,3895.1,20.5,63.0,6.7,172.5
2025-11-26 13:00:00+05:30,3918.1,22.2,60.0,12.4,143.4
2025-11-26 14:00:00+05:30,3984.1,23.2,58.0,11.6,167.6
2025-11-26 15:00:00+05:30,4093.9,24.8,65.0,8.7,147.8
2025-11-26 16:00:00+05:30,4013.2,24.9,62.0,12.2,105.0
2025-11-26 17:00:00+05:30,3886.5,24.4,56.0,10.5,38.5
2025-11-26 18:00:00+05:30,3793.6,23.9,62.0,9.9,6.8
2025-11-26 19:00:00+05:30,3760.8,22.5,67.0,12.3,0.0
2025-11-26 20:00:00+05:30,3877.0,21.6,62.0,9.1,0.0
2025-11-26 21:00:00+05:30,3775.5,20.4,68.0,8.0,0.0
2025-11-26 22:00:00+05:30,3534.7,18.8,63.0,8.3,0.0
2025-11-26 23:00:00+05:30,3331.6,16.7,67.0,8.7,0.0
2025-11-27 00:00:00+05:30,3264.7,15.3,76.0,8.2,0.0
2025-11-27 01:00:00+05:30,3123.7,14.2,72.0,7.1,0.0
2025-11-27 02:00:00+05:30,3064.9,13.4,69.0,3.6,0.0
2025-11-27 03:00:00+05:30,3028.1,13.3,74.0,5.1,0.0
2025-11-27 04:00:00+05:30,2899.5,13.4,68.0,7.7,0.0
2025-11-27 05:00:00+05:30,2971.8,13.9,64.0,4.0,0.0
2025-11-27 06:00:00+05:30,3136.6,14.5,69.0,4.9,10.0
2025-11-27 07:00:00+05:30,3287.7,15.7,69.0,2.6,47.0
2025-11-27 08:00:00+05:30,3512.8,16.8,68.0,6.7,100.5
2025-11-27 09:00:00+05:30,3732.7,18.3,69.0,5.5,146.1
2025-11-27 10:00:00+05:30,3888.3,19.7,66.0,8.3,165.2
2025-11-27 11:00:00+05:30,3930.1,21.1,65.0,6.2,180.4
2025-11-27 12:00:00+05:30,4014.9,22.1,66.0,8.8,142.3
2025-11-27 13:00:00+05:30,4085.4,23.0,58.0,6.9,220.0
2025-11-27 14:00:00+05:30,4148.8,23.7,55.0,10.4,187.3
2025-11-27 15:00:00+05:30,4162.8,24.6,60.0,14.0,121.5
2025-11-27 16:00:00+05:30,4138.5,25.0,57.0,5.5,80.7
2025-11-27 17:00:00+05:30,4022.3,24.4,60.0,14.3,34.7
2025-11-27 18:00:00+05:30,3961.7,23.9,59.0,14.5,8.9
2025-11-27 19:00:00+05:30,3988.5,22.8,59.0,11.4,0.0
2025-11-27 20:00:00+05:30,4069.6,21.5,58.0,12.4,0.0
2025-11-27 21:00:00+05:30,3907.2,20.3,65.0,7.4,0.0
2025-11-27 22:00:00+05:30,3681.9,18.6,66.0,5.7,0.0
2025-11-27 23:00:00+05:30,3480.1,17.0,70.0,9.3,0.0
2025-11-28 00:00:00+05:30,3395.1,14.6,67.0,1.9,0.0
2025-11-28 01:00:00+05:30,3265.9,13.2,77.0,3.1,0.0
2025-11-28 02:00:00+05:30,3077.1,12.1,76.0,4.1,0.0
2025-11-28 03:00:00+05:30,3028.1,11.8,68.0,5.2,0.0
2025-11-28 04:00:00+05:30,2962.4,11.4,74.0,2.3,0.0
2025-11-28 05:00:00+05:30,3027.9,12.1,71.0,3.6,0.0
2025-11-28 06:00:00+05:30,3138.3,12.8,74.0,0.7,5.3
2025-11-28 07:00:00+05:30,3367.9,13.6,69.0,4.7,51.2
2025-11-28 08:00:00+05:30,3620.3,14.7,68.0,9.7,92.8
2025-11-28 09:00:00+05:30,3869.7,15.7,70.0,5.9,114.5
2025-11-28 10:00:00+05:30,3896.7,17.2,76.0,4.6,79.8
2025-11-28 11:00:00+05:30,3901.3,18.4,71.0,9.4,44.7
2025-11-28 12:00:00+05:30,3914.5,19.7,64.0,11.2,218.9
2025-11-28 13:00:00+05:30,3984.1,21.0,64.0,9.5,168.6
2025-11-28 14:00:00+05:30,4096.6,22.5,59.0,10.6,186.6
2025-11-28 15:00:00+05:30,4263.8,23.6,60.0,10.6,123.3
2025-11-28 16:00:00+05:30,4062.1,24.1,62.0,14.0,78.4
2025-11-28 17:00:00+05:30,3900.6,24.1,61.0,6.9,46.9
2025-11-28 18:00:00+05:30,3777.9,23.0,61.0,10.2,9.2
2025-11-28 19:00:00+05:30,3717.9,22.2,63.0,11.5,0.0
2025-11-28 20:00:00+05:30,3909.5,20.7,64.0,13.7,0.0
2025-11-28 21:00:00+05:30,3746.5,19.7,67.0,12.5,0.0
2025-11-28 22:00:00+05:30,3513.9,17.9,59.0,2.5,0.0
2025-11-28 23:00:00+05:30,3404.5,16.2,66.0,6.4,0.0
2025-11-29 00:00:00+05:30,3189.8,14.8,67.0,5.9,0.0
2025-11-29 01:00:00+05:30,3000.5,13.9,71.0,2.9,0.0
2025-11-29 02:00:00+05:30,3038.6,12.9,70.0,0.2,0.0
2025-11-29 03:00:00+05:30,2975.9,12.2,71.0,2.0,0.0
2025-11-29 04:00:00+05:30,2941.2,12.3,71.0,1.7,0.0
2025-11-29 05:00:00+05:30,3052.1,12.1,74.0,3.9,0.0
2025-11-29 06:00:00+05:30,3097.3,13.3,75.0,7.0,2.4
2025-11-29 07:00:00+05:30,3239.4,14.3,69.0,9.0,55.0
2025-11-29 08:00:00+05:30,3559.6,15.0,66.0,2.2,76.1
2025-11-29 09:00:00+05:30,3628.9,15.5,69.0,9.2,123.9
2025-11-29 10:00:00+05:30,3649.2,17.5,68.0,9.0,180.9
2025-11-29 11:00:00+05:30,3606.6,18.4,67.0,9.4,190.3
2025-11-29 12:00:00+05:30,3630.7,19.6,64.0,9.6,207.8
2025-11-29 13:00:00+05:30,3555.0,21.0,60.0,16.2,185.8
2025-11-29 14:00:00+05:30,3643.5,21.9,63.0,11.1,177.1
2025-11-29 15:00:00+05:30,3768.9,21.7,62.0,13.3,153.3
2025-11-29 16:00:00+05:30,3683.3,22.8,62.0,9.4,90.6
2025-11-29 17:00:00+05:30,3613.9,23.3,61.0,9.7,47.0
2025-11-29 18:00:00+05:30,3511.4,23.3,61.0,8.6,8.5
2025-11-29 19:00:00+05:30,3566.5,22.8,59.0,8.4,0.0
2025-11-29 20:00:00+05:30,3583.6,21.6,65.0,6.7,0.0
2025-11-29 21:00:00+05:30,3497.1,20.5,67.0,7.6,0.0
2025-11-29 22:00:00+05:30,3272.1,18.9,64.0,8.2,0.0
2025-11-29 23:00:00+05:30,3170.9,17.6,65.0,5.9,0.0
2025-11-30 00:00:00+05:30,3037.7,16.0,58.0,5.9,0.0
2025-11-30 01:00:00+05:30,3010.1,14.6,65.0,7.0,0.0
2025-11-30 02:00:00+05:30,2926.3,13.6,74.0,1.8,0.0
2025-11-30 03:00:00+05:30,2843.9,13.0,65.0,1.3,0.0
2025-11-30 04:00:00+05:30,2718.1,13.1,65.0,4.2,0.0
2025-11-30 05:00:00+05:30,2755.2,13.1,74.0,0.0,0.0
2025-11-30 06:00:00+05:30,2848.1,14.1,71.0,2.4,6.2
2025-11-30 07:00:00+05:30,3097.4,15.1,65.0,5.7,37.5
2025-11-30 08:00:00+05:30,3223.7,16.5,65.0,5.9,88.1
2025-11-30 09:00:00+05:30,3311.9,17.9,66.0,7.9,129.6
2025-11-30 10:00:00+05:30,3504.5,19.3,66.0,6.8,180.8
2025-11-30 11:00:00+05:30,3531.7,20.4,64.0,9.1,193.4
2025-11-30 12:00:00+05:30,3658.4,21.7,63.0,13.4,173.7
2025-11-30 13:00:00+05:30,3700.7,23.1,63.0,10.7,179.8
2025-11-30 14:00:00+05:30,3789.3,23.9,59.0,8.9,133.0
2025-11-30 15:00:00+05:30,3801.4,24.4,57.0,8.5,131.1
2025-11-30 16:00:00+05:30,3741.8,25.8,61.0,11.8,105.0
2025-11-30 17:00:00+05:30,3654.8,25.2,58.0,17.0,34.5
2025-11-30 18:00:00+05:30,3565.2,24.3,65.0,14.1,8.0
2025-11-30 19:00:00+05:30,3455.5,23.0,63.0,10.5,0.0
2025-11-30 20:00:00+05:30,3548.3,21.6,60.0,12.8,0.0
2025-11-30 21:00:00+05:30,3454.5,19.5,63.0,4.0,0.0
2025-11-30 22:00:00+05:30,3318.8,17.7,70.0,10.3,0.0
2025-11-30 23:00:00+05:30,3091.5,16.3,67.0,8.7,0.0
2025-12-01 00:00:00+05:30,3328.2,14.6,73.0,8.4,0.0
2025-12-01 01:00:00+05:30,3202.8,13.7,72.0,2.6,0.0
2025-12-01 02:00:00+05:30,3069.6,13.1,69.0,3.9,0.0
2025-12-01 03:00:00+05:30,3121.9,12.2,78.0,0.4,0.0
2025-12-01 04:00:00+05:30,3032.4,12.6,68.0,2.6,0.0
2025-12-01 05:00:00+05:30,3081.4,13.0,71.0,6.9,0.0
2025-12-01 06:00:00+05:30,3171.5,13.6,67.0,1.4,11.5
2025-12-01 07:00:00+05:30,3344.8,14.0,69.0,8.6,51.4
2025-12-01 08:00:00+05:30,3516.6,15.2,66.0,3.2,83.1
2025-12-01 09:00:00+05:30,3718.2,16.4,68.0,10.9,129.1
2025-12-01 10:00:00+05:30,3772.5,17.7,64.0,10.8,186.9
2025-12-01 11:00:00+05:30,3887.4,19.3,69.0,11.7,220.0
2025-12-01 12:00:00+05:30,3919.8,19.9,58.0,10.6,193.9
2025-12-01 13:00:00+05:30,3937.6,20.7,65.0,11.8,185.8
2025-12-01 14:00:00+05:30,4033.7,21.4,63.0,10.1,151.1
2025-12-01 15:00:00+05:30,3961.3,21.7,63.0,11.6,154.8
2025-12-01 16:00:00+05:30,3971.9,22.2,65.0,11.4,93.0
2025-12-01 17:00:00+05:30,3893.9,22.5,64.0,12.1,49.0
2025-12-01 18:00:00+05:30,3706.0,22.2,64.0,12.5,7.7
2025-12-01 19:00:00+05:30,3639.0,21.3,63.0,14.0,0.0
2025-12-01 20:00:00+05:30,3838.7,19.9,65.0,5.5,0.0
2025-12-01 21:00:00+05:30,3750.2,18.1,68.0,7.3,0.0
2025-12-01 22:00:00+05:30,3719.3,16.4,67.0,12.4,0.0
2025-12-01 23:00:00+05:30,3652.7,14.8,68.0,9.2,0.0
2025-12-02 00:00:00+05:30,3506.2,13.0,75.0,5.5,0.0
2025-12-02 01:00:00+05:30,3325.5,11.7,82.0,5.0,0.0
2025-12-02 02:00:00+05:30,3186.3,11.3,71.0,2.9,0.0
2025-12-02 03:00:00+05:30,3208.7,10.1,73.0,5.0,0.0
2025-12-02 04:00:00+05:30,3052.9,9.3,74.0,0.6,0.0
2025-12-02 05:00:00+05:30,3176.3,9.7,76.0,3.6,0.0
2025-12-02 06:00:00+05:30,3421.2,9.8,72.0,0.3,4.1
2025-12-02 07:00:00+05:30,3697.3,10.3,83.0,6.1,10.5
2025-12-02 08:00:00+05:30,3868.9,12.1,69.0,6.5,96.7
2025-12-02 09:00:00+05:30,3967.0,13.5,74.0,7.2,55.1
2025-12-02 10:00:00+05:30,4049.0,15.3,72.0,6.8,29.1
2025-12-02 11:00:00+05:30,4018.7,17.0,68.0,8.3,173.5
2025-12-02 12:00:00+05:30,3922.4,18.3,66.0,9.4,213.7
2025-12-02 13:00:00+05:30,4037.8,18.8,69.0,11.6,196.4
2025-12-02 14:00:00+05:30,4095.8,19.8,63.0,8.6,142.9
2025-12-02 15:00:00+05:30,4156.2,20.4,66.0,13.7,146.5
2025-12-02 16:00:00+05:30,4094.5,20.5,65.0,9.4,104.0
2025-12-02 17:00:00+05:30,3943.6,19.7,70.0,10.9,22.7
2025-12-02 18:00:00+05:30,3862.2,19.2,65.0,10.2,7.5
2025-12-02 19:00:00+05:30,3899.7,18.8,71.0,9.6,0.0
2025-12-02 20:00:00+05:30,4134.3,18.0,66.0,13.0,0.0
2025-12-02 21:00:00+05:30,4040.8,17.1,68.0,6.3,0.0
2025-12-02 22:00:00+05:30,3834.2,15.5,70.0,11.2,0.0
2025-12-02 23:00:00+05:30,3713.7,13.9,74.0,10.1,0.0
2025-12-03 00:00:00+05:30,3705.3,12.9,72.0,9.6,0.0
2025-12-03 01:00:00+05:30,3561.3,11.5,78.0,2.8,0.0
2025-12-03 02:00:00+05:30,3484.9,10.5,75.0,6.2,0.0
2025-12-03 03:00:00+05:30,3415.7,10.4,72.0,3.7,0.0
2025-12-03 04:00:00+05:30,3368.8,10.1,72.0,2.5,0.0
2025-12-03 05:00:00+05:30,3532.0,10.8,77.0,3.1,0.0
2025-12-03 06:00:00+05:30,3604.7,11.1,72.0,5.0,4.8
2025-12-03 07:00:00+05:30,3774.1,12.0,73.0,6.3,14.1
2025-12-03 08:00:00+05:30,3883.5,13.2,67.0,4.5,95.1
2025-12-03 09:00:00+05:30,4082.1,14.3,69.0,2.2,127.9
2025-12-03 10:00:00+05:30,4022.5,16.1,68.0,9.7,198.3
2025-12-03 11:00:00+05:30,4102.1,17.2,63.0,13.2,157.7
2025-12-03 12:00:00+05:30,4089.2,19.0,65.0,11.9,209.8
2025-12-03 13:00:00+05:30,4160.1,19.8,70.0,14.3,180.3
2025-12-03 14:00:00+05:30,4107.2,20.7,59.0,14.2,190.1
2025-12-03 15:00:00+05:30,4111.3,21.5,64.0,10.5,128.7
2025-12-03 16:00:00+05:30,4011.8,21.5,63.0,7.7,90.6
2025-12-03 17:00:00+05:30,3974.5,21.5,63.0,13.1,43.4
2025-12-03 18:00:00+05:30,3857.3,20.8,62.0,17.5,9.3
2025-12-03 19:00:00+05:30,3689.1,20.1,64.0,12.6,0.0
2025-12-03 20:00:00+05:30,3820.7,19.3,66.0,14.4,0.0
2025-12-03 21:00:00+05:30,3731.2,17.8,64.0,9.7,0.0
2025-12-03 22:00:00+05:30,3590.1,16.5,65.0,6.2,0.0
2025-12-03 23:00:00+05:30,3502.6,15.3,73.0,5.6,0.0
2025-12-04 00:00:00+05:30,3378.4,13.4,73.0,3.7,0.0
2025-12-04 01:00:00+05:30,3415.6,11.7,74.0,3.8,0.0
2025-12-04 02:00:00+05:30,3315.1,10.9,74.0,4.7,0.0
2025-12-04 03:00:00+05:30,3242.1,10.6,75.0,3.7,0.0
2025-12-04 04:00:00+05:30,3326.8,10.2,73.0,6.1,0.0
2025-12-04 05:00:00+05:30,3351.7,10.7,75.0,2.0,0.0
2025-12-04 06:00:00+05:30,3465.4,11.8,70.0,2.2,2.2
2025-12-04 07:00:00+05:30,3618.6,12.4,68.0,5.9,55.0
2025-12-04 08:00:00+05:30,3772.2,13.5,74.0,6.3,59.6
2025-12-04 09:00:00+05:30,3965.5,14.6,74.0,6.8,56.9
2025-12-04 10:00:00+05:30,3844.9,16.1,69.0,9.9,185.8
2025-12-04 11:00:00+05:30,3893.2,17.8,69.0,8.9,209.2
2025-12-04 12:00:00+05:30,3915.5,18.9,65.0,9.7,198.9
2025-12-04 13:00:00+05:30,4002.7,20.6,64.0,9.5,170.0
2025-12-04 14:00:00+05:30,4067.8,21.3,64.0,9.4,164.0
2025-12-04 15:00:00+05:30,4166.3,22.0,57.0,10.0,128.6
2025-12-04 16:00:00+05:30,4068.6,23.2,65.0,11.0,93.8
2025-12-04 17:00:00+05:30,3874.1,23.4,59.0,13.0,50.0
2025-12-04 18:00:00+05:30,3811.6,22.4,60.0,15.3,9.2
2025-12-04 19:00:00+05:30,3793.7,21.2,64.0,11.7,0.0
2025-12-04 20:00:00+05:30,3863.7,20.0,68.0,11.1,0.0
2025-12-04 21:00:00+05:30,3764.4,18.4,64.0,15.6,0.0
2025-12-04 22:00:00+05:30,3693.6,16.5,70.0,8.9,0.0
2025-12-04 23:00:00+05:30,3633.1,15.2,68.0,2.4,0.0
2025-12-05 00:00:00+05:30,3472.9,13.7,72.0,4.4,0.0
2025-12-05 01:00:00+05:30,3341.5,12.7,71.0,9.9,0.0
2025-12-05 02:00:00+05:30,3284.5,11.6,70.0,7.9,0.0
2025-12-05 03:00:00+05:30,3302.9,10.5,74.0,4.9,0.0
2025-12-05 04:00:00+05:30,3284.2,10.5,76.0,0.8,0.0
2025-12-05 05:00:00+05:30,3386.1,11.2,76.0,5.2,0.0
2025-12-05 06:00:00+05:30,3420.7,11.3,66.0,3.4,11.9
2025-12-05 07:00:00+05:30,3513.7,12.1,73.0,5.4,13.9
2025-12-05 08:00:00+05:30,3636.2,13.8,67.0,8.4,94.7
2025-12-05 09:00:00+05:30,3755.5,15.5,65.0,10.5,162.5
2025-12-05 10:00:00+05:30,3895.7,16.9,76.0,7.9,116.8
2025-12-05 11:00:00+05:30,3765.1,18.1,68.0,6.4,191.5
2025-12-05 12:00:00+05:30,3688.0,19.7,64.0,8.7,189.8
2025-12-05 13:00:00+05:30,3786.6,20.4,60.0,10.0,180.2
2025-12-05 14:00:00+05:30,3909.7,21.2,66.0,14.5,141.7
2025-12-05 15:00:00+05:30,4006.0,21.7,69.0,13.5,103.1
2025-12-05 16:00:00+05:30,4147.9,22.4,68.0,12.2,85.4
2025-12-05 17:00:00+05:30,4036.0,22.0,67.0,12.2,43.3
2025-12-05 18:00:00+05:30,3893.1,21.1,62.0,6.9,7.3
2025-12-05 19:00:00+05:30,3786.0,20.2,65.0,15.8,0.0
2025-12-05 20:00:00+05:30,3894.3,18.6,63.0,8.7,0.0
2025-12-05 21:00:00+05:30,3905.6,17.1,68.0,8.4,0.0
2025-12-05 22:00:00+05:30,3678.4,15.5,71.0,7.3,0.0
2025-12-05 23:00:00+05:30,3655.3,13.8,69.0,7.5,0.0
2025-12-06 00:00:00+05:30,3394.9,12.4,71.0,6.1,0.0
2025-12-06 01:00:00+05:30,3286.8,11.6,67.0,5.2,0.0
2025-12-06 02:00:00+05:30,3177.3,10.8,71.0,7.1,0.0
2025-12-06 03:00:00+05:30,3084.6,10.3,79.0,4.7,0.0
2025-12-06 04:00:00+05:30,3089.9,10.1,73.0,4.0,0.0
2025-12-06 05:00:00+05:30,3128.4,10.4,77.0,7.8,0.0
2025-12-06 06:00:00+05:30,3219.4,11.0,78.0,2.2,4.3
2025-12-06 07:00:00+05:30,3393.4,12.4,74.0,4.0,11.9
2025-12-06 08:00:00+05:30,3606.8,13.8,67.0,3.2,84.2
2025-12-06 09:00:00+05:30,3901.9,15.0,70.0,8.0,40.2
2025-12-06 10:00:00+05:30,3865.1,16.7,68.0,8.9,200.0
2025-12-06 11:00:00+05:30,3899.4,17.9,72.0,8.6,71.9
2025-12-06 12:00:00+05:30,3841.2,19.3,70.0,15.7,64.0
2025-12-06 13:00:00+05:30,3706.6,19.8,61.0,11.5,220.0
2025-12-06 14:00:00+05:30,3714.9,20.5,67.0,14.3,177.6
2025-12-06 15:00:00+05:30,3771.0,21.0,66.0,8.1,137.9
2025-12-06 16:00:00+05:30,3790.5,21.5,67.0,11.6,79.3
2025-12-06 17:00:00+05:30,3731.0,21.5,65.0,14.3,38.8
2025-12-06 18:00:00+05:30,3662.0,21.4,70.0,12.3,3.7
2025-12-06 19:00:00+05:30,3670.6,19.8,64.0,9.2,0.0
2025-12-06 20:00:00+05:30,3755.9,18.2,68.0,10.9,0.0
2025-12-06 21:00:00+05:30,3709.8,17.0,71.0,6.9,0.0
2025-12-06 22:00:00+05:30,3548.9,16.0,69.0,9.9,0.0
2025-12-06 23:00:00+05:30,3403.7,14.9,70.0,6.2,0.0
2025-12-07 00:00:00+05:30,3255.6,13.5,77.0,5.7,0.0
2025-12-07 01:00:00+05:30,3250.6,12.1,77.0,2.8,0.0
2025-12-07 02:00:00+05:30,3144.0,11.1,71.0,6.0,0.0
2025-12-07 03:00:00+05:30,3062.6,10.4,76.0,1.8,0.0
2025-12-07 04:00:00+05:30,2985.2,9.9,73.0,3.2,0.0
2025-12-07 05:00:00+05:30,3072.5,10.6,75.0,4.9,0.0
2025-12-07 06:00:00+05:30,3191.6,11.2,74.0,3.0,5.3
2025-12-07 07:00:00+05:30,3255.3,12.0,71.0,2.2,23.6
2025-12-07 08:00:00+05:30,3413.8,12.9,78.0,5.5,26.0
2025-12-07 09:00:00+05:30,3447.8,14.1,70.0,11.1,120.6
2025-12-07 10:00:00+05:30,3619.3,15.4,73.0,9.1,91.3
2025-12-07 11:00:00+05:30,3699.0,16.6,72.0,7.5,57.6
2025-12-07 12:00:00+05:30,3684.6,18.1,74.0,8.5,76.4
2025-12-07 13:00:00+05:30,3651.5,19.8,67.0,10.3,214.3
2025-12-07 14:00:00+05:30,3610.6,20.8,64.0,10.2,156.0
2025-12-07 15:00:00+05:30,3740.5,21.1,62.0,14.9,118.1
2025-12-07 16:00:00+05:30,3786.5,22.3,64.0,16.3,83.3
2025-12-07 17:00:00+05:30,3733.3,21.8,58.0,13.6,43.0
2025-12-07 18:00:00+05:30,3572.7,21.4,67.0,10.9,9.2
2025-12-07 19:00:00+05:30,3669.6,20.7,61.0,7.9,0.0
2025-12-07 20:00:00+05:30,3752.1,19.5,69.0,9.3,0.0
2025-12-07 21:00:00+05:30,3563.6,17.7,69.0,9.8,0.0
2025-12-07 22:00:00+05:30,3406.6,16.5,71.0,7.2,0.0
2025-12-07 23:00:00+05:30,3295.8,14.6,70.0,9.3,0.0
2025-12-08 00:00:00+05:30,3377.9,13.1,76.0,5.5,0.0
2025-12-08 01:00:00+05:30,3243.7,12.1,72.0,3.0,0.0
2025-12-08 02:00:00+05:30,3308.6,10.9,77.0,5.6,0.0
2025-12-08 03:00:00+05:30,3299.3,10.1,74.0,2.3,0.0
2025-12-08 04:00:00+05:30,3222.6,9.5,78.0,4.2,0.0
2025-12-08 05:00:00+05:30,3324.0,9.5,77.0,7.9,0.0
2025-12-08 06:00:00+05:30,3553.3,10.4,78.0,6.7,5.3
2025-12-08 07:00:00+05:30,3790.4,11.2,71.0,4.7,32.0
2025-12-08 08:00:00+05:30,3889.0,12.7,65.0,7.6,93.4
2025-12-08 09:00:00+05:30,3992.0,14.1,69.0,7.4,142.4
2025-12-08 10:00:00+05:30,3985.1,15.9,74.0,9.8,108.9
2025-12-08 11:00:00+05:30,4092.5,16.7,74.0,6.9,95.1
2025-12-08 12:00:00+05:30,3984.7,18.1,64.0,7.8,197.6
2025-12-08 13:00:00+05:30,4066.8,19.0,64.0,9.4,211.6
2025-12-08 14:00:00+05:30,4197.2,20.0,59.0,13.2,159.5
2025-12-08 15:00:00+05:30,4152.0,21.2,66.0,15.2,132.8
2025-12-08 16:00:00+05:30,4095.0,21.2,62.0,8.9,96.1
2025-12-08 17:00:00+05:30,3894.2,21.1,63.0,7.8,44.4
2025-12-08 18:00:00+05:30,3884.0,21.0,64.0,10.6,7.9
2025-12-08 19:00:00+05:30,3852.6,19.9,64.0,7.9,0.0
2025-12-08 20:00:00+05:30,3885.0,18.4,63.0,5.1,0.0
2025-12-08 21:00:00+05:30,3943.2,17.0,65.0,11.2,0.0
2025-12-08 22:00:00+05:30,3829.3,15.8,71.0,8.8,0.0
2025-12-08 23:00:00+05:30,3716.7,14.0,67.0,8.0,0.0
2025-12-09 00:00:00+05:30,3634.3,12.6,71.0,10.1,0.0
2025-12-09 01:00:00+05:30,3537.1,11.7,77.0,1.0,0.0
2025-12-09 02:00:00+05:30,3387.4,11.0,74.0,7.8,0.0
2025-12-09 03:00:00+05:30,3315.2,10.4,73.0,2.2,0.0
2025-12-09 04:00:00+05:30,3145.8,9.7,77.0,5.6,0.0
2025-12-09 05:00:00+05:30,3197.3,10.3,74.0,0.0,0.0
2025-12-09 06:00:00+05:30,3296.9,11.2,74.0,5.5,3.5
2025-12-09 07:00:00+05:30,3465.6,12.3,78.0,4.4,13.5
2025-12-09 08:00:00+05:30,3702.3,13.8,76.0,7.0,39.1
2025-12-09 09:00:00+05:30,3809.8,14.5,71.0,8.7,64.0
2025-12-09 10:00:00+05:30,3869.9,15.9,71.0,11.4,91.9
2025-12-09 11:00:00+05:30,3824.0,17.9,69.0,3.8,147.7
2025-12-09 12:00:00+05:30,3825.3,19.0,72.0,10.7,95.0
2025-12-09 13:00:00+05:30,3875.0,20.0,60.0,12.0,193.3
2025-12-09 14:00:00+05:30,4052.5,21.1,67.0,9.1,166.2
2025-12-09 15:00:00+05:30,4118.3,21.7,64.0,9.3,105.7
2025-12-09 16:00:00+05:30,4084.2,22.3,69.0,11.9,92.3
2025-12-09 17:00:00+05:30,3926.0,21.9,64.0,10.3,47.7
2025-12-09 18:00:00+05:30,3860.5,21.2,62.0,7.5,8.3
2025-12-09 19:00:00+05:30,3861.6,20.3,62.0,11.0,0.0
2025-12-09 20:00:00+05:30,3954.6,19.6,65.0,11.5,0.0
2025-12-09 21:00:00+05:30,3804.5,18.3,64.0,10.4,0.0
2025-12-09 22:00:00+05:30,3666.4,17.1,62.0,8.0,0.0
2025-12-09 23:00:00+05:30,3570.5,15.2,69.0,7.0,0.0
2025-12-10 00:00:00+05:30,3518.6,13.9,70.0,6.0,0.0
2025-12-10 01:00:00+05:30,3326.6,13.2,70.0,4.5,0.0
2025-12-10 02:00:00+05:30,3376.2,12.3,77.0,1.6,0.0
2025-12-10 03:00:00+05:30,3299.0,11.3,73.0,4.8,0.0
2025-12-10 04:00:00+05:30,3273.0,10.9,75.0,5.5,0.0
2025-12-10 05:00:00+05:30,3344.5,11.5,67.0,10.0,0.0
2025-12-10 06:00:00+05:30,3506.3,12.2,70.0,4.5,10.5
2025-12-10 07:00:00+05:30,3647.3,13.0,72.0,5.4,19.5
2025-12-10 08:00:00+05:30,3767.5,14.0,68.0,2.5,90.6
2025-12-10 09:00:00+05:30,3717.6,15.2,67.0,6.4,157.6
2025-12-10 10:00:00+05:30,3892.6,16.4,73.0,8.7,75.7
2025-12-10 11:00:00+05:30,3954.5,17.8,71.0,10.8,40.3
2025-12-10 12:00:00+05:30,3816.1,19.0,59.0,12.1,193.3
2025-12-10 13:00:00+05:30,3993.4,20.6,71.0,9.3,75.5
2025-12-10 14:00:00+05:30,4051.5,21.7,59.0,11.4,178.4
2025-12-10 15:00:00+05:30,4131.1,22.9,65.0,11.4,140.8
2025-12-10 16:00:00+05:30,4011.9,23.2,62.0,10.7,97.4
2025-12-10 17:00:00+05:30,3883.9,23.5,63.0,11.6,32.7
2025-12-10 18:00:00+05:30,3709.5,23.4,59.0,10.6,8.3
2025-12-10 19:00:00+05:30,3686.3,22.1,60.0,12.1,0.0
2025-12-10 20:00:00+05:30,3779.1,21.3,58.0,9.7,0.0
2025-12-10 21:00:00+05:30,3627.9,20.0,64.0,10.7,0.0
2025-12-10 22:00:00+05:30,3395.1,18.2,60.0,6.0,0.0
2025-12-10 23:00:00+05:30,3415.8,16.2,73.0,8.6,0.0
2025-12-11 00:00:00+05:30,3304.9,14.7,66.0,5.0,0.0
2025-12-11 01:00:00+05:30,3275.7,13.3,72.0,8.8,0.0
2025-12-11 02:00:00+05:30,3167.5,12.1,73.0,5.7,0.0
2025-12-11 03:00:00+05:30,3202.7,11.7,70.0,6.6,0.0
2025-12-11 04:00:00+05:30,3206.0,11.6,71.0,3.3,0.0
2025-12-11 05:00:00+05:30,3214.1,12.1,67.0,3.5,0.0
2025-12-11 06:00:00+05:30,3327.8,12.1,72.0,4.5,6.0
2025-12-11 07:00:00+05:30,3496.0,13.0,69.0,5.5,51.3
2025-12-11 08:00:00+05:30,3707.0,13.9,65.0,2.7,87.0
2025-12-11 09:00:00+05:30,3793.6,14.9,76.0,4.0,51.3
2025-12-11 10:00:00+05:30,3843.4,16.0,67.0,9.2,158.6
2025-12-11 11:00:00+05:30,3827.2,16.9,68.0,7.3,165.7
2025-12-11 12:00:00+05:30,3857.5,18.5,69.0,13.4,147.8
2025-12-11 13:00:00+05:30,4045.9,20.1,73.0,14.5,73.4
2025-12-11 14:00:00+05:30,4125.3,20.4,64.0,11.5,156.1
2025-12-11 15:00:00+05:30,4115.6,20.8,68.0,11.5,136.7
2025-12-11 16:00:00+05:30,4207.4,20.7,66.0,7.3,99.9
2025-12-11 17:00:00+05:30,4097.4,20.1,68.0,12.4,43.1
2025-12-11 18:00:00+05:30,3972.3,19.7,66.0,14.5,10.0
2025-12-11 19:00:00+05:30,3981.3,18.6,69.0,7.0,0.0
2025-12-11 20:00:00+05:30,4070.0,18.1,73.0,12.1,0.0
2025-12-11 21:00:00+05:30,3935.6,16.6,68.0,5.9,0.0
2025-12-11 22:00:00+05:30,3842.2,15.2,69.0,6.3,0.0
2025-12-11 23:00:00+05:30,3695.8,13.5,75.0,4.7,0.0
2025-12-12 00:00:00+05:30,3610.5,12.2,74.0,9.0,0.0
2025-12-12 01:00:00+05:30,3522.9,11.2,78.0,5.2,0.0
2025-12-12 02:00:00+05:30,3418.7,10.3,77.0,3.2,0.0
2025-12-12 03:00:00+05:30,3319.3,10.1,75.0,6.9,0.0
2025-12-12 04:00:00+05:30,3199.4,10.1,72.0,4.6,0.0
2025-12-12 05:00:00+05:30,3168.8,9.8,80.0,5.4,0.0
2025-12-12 06:00:00+05:30,3309.3,10.4,71.0,0.9,5.6
2025-12-12 07:00:00+05:30,3617.4,10.9,75.0,2.3,17.0
2025-12-12 08:00:00+05:30,3816.5,11.8,72.0,6.2,47.6
2025-12-12 09:00:00+05:30,3956.5,13.5,74.0,7.6,75.6
2025-12-12 10:00:00+05:30,3997.7,14.8,67.0,6.1,152.8
2025-12-12 11:00:00+05:30,3874.0,16.7,64.0,9.1,198.2
2025-12-12 12:00:00+05:30,3877.0,18.5,66.0,15.6,211.7
2025-12-12 13:00:00+05:30,3839.4,20.2,67.0,8.1,206.8
2025-12-12 14:00:00+05:30,3842.1,20.8,62.0,15.7,182.6
2025-12-12 15:00:00+05:30,3760.3,21.1,59.0,8.6,126.8
2025-12-12 16:00:00+05:30,3693.2,21.4,65.0,15.0,82.4
2025-12-12 17:00:00+05:30,3597.9,21.0,71.0,8.5,19.4
2025-12-12 18:00:00+05:30,3406.3,21.6,59.0,12.8,8.8
2025-12-12 19:00:00+05:30,3576.1,20.3,65.0,11.7,0.0
2025-12-12 20:00:00+05:30,3663.6,19.1,69.0,5.8,0.0
2025-12-12 21:00:00+05:30,3535.7,18.1,70.0,10.0,0.0
2025-12-12 22:00:00+05:30,3426.2,16.6,63.0,5.1,0.0
2025-12-12 23:00:00+05:30,3363.7,15.3,67.0,7.0,0.0
2025-12-13 00:00:00+05:30,3207.0,13.3,70.0,1.2,0.0
2025-12-13 01:00:00+05:30,3051.1,12.2,76.0,2.6,0.0
2025-12-13 02:00:00+05:30,2939.1,11.1,78.0,5.5,0.0
2025-12-13 03:00:00+05:30,2893.3,10.8,71.0,4.4,0.0
2025-12-13 04:00:00+05:30,2898.2,10.7,69.0,1.7,0.0
2025-12-13 05:00:00+05:30,2968.6,10.9,71.0,5.1,0.0
2025-12-13 06:00:00+05:30,3077.8,11.3,70.0,8.7,2.0
2025-12-13 07:00:00+05:30,3248.9,12.7,71.0,7.3,9.7
2025-12-13 08:00:00+05:30,3410.1,14.3,64.0,7.6,96.9
2025-12-13 09:00:00+05:30,3449.2,15.5,69.0,10.2,147.2
2025-12-13 10:00:00+05:30,3526.1,17.3,68.0,10.6,200.0
2025-12-13 11:00:00+05:30,3652.5,17.8,71.0,8.6,57.1
2025-12-13 12:00:00+05:30,3628.5,19.5,68.0,13.8,164.1
2025-12-13 13:00:00+05:30,3536.3,21.0,65.0,12.7,207.9
2025-12-13 14:00:00+05:30,3645.9,21.8,61.0,14.1,158.8
2025-12-13 15:00:00+05:30,3671.1,22.0,63.0,11.2,116.7
2025-12-13 16:00:00+05:30,3665.2,22.5,61.0,8.7,86.4
2025-12-13 17:00:00+05:30,3613.8,21.7,65.0,10.8,44.4
2025-12-13 18:00:00+05:30,3496.5,21.7,68.0,9.9,9.4
2025-12-13 19:00:00+05:30,3557.5,19.8,67.0,4.9,0.0
2025-12-13 20:00:00+05:30,3696.0,18.9,68.0,19.0,0.0
2025-12-13 21:00:00+05:30,3600.6,17.6,69.0,8.1,0.0
2025-12-13 22:00:00+05:30,3455.8,15.9,68.0,11.7,0.0
2025-12-13 23:00:00+05:30,3431.0,14.2,69.0,5.7,0.0
2025-12-14 00:00:00+05:30,3286.4,13.2,72.0,7.1,0.0
2025-12-14 01:00:00+05:30,3118.9,12.5,71.0,4.0,0.0
2025-12-14 02:00:00+05:30,3017.7,11.9,67.0,4.0,0.0
2025-12-14 03:00:00+05:30,2978.3,12.0,67.0,6.9,0.0
2025-12-14 04:00:00+05:30,2992.9,11.9,70.0,10.8,0.0
2025-12-14 05:00:00+05:30,2987.2,11.9,73.0,3.2,0.0
2025-12-14 06:00:00+05:30,3198.3,12.3,71.0,0.0,4.4
2025-12-14 07:00:00+05:30,3366.0,13.1,70.0,4.4,14.2
2025-12-14 08:00:00+05:30,3489.2,14.2,72.0,5.6,65.3
2025-12-14 09:00:00+05:30,3461.9,15.7,66.0,5.9,160.7
2025-12-14 10:00:00+05:30,3524.5,17.1,69.0,5.3,187.1
2025-12-14 11:00:00+05:30,3648.7,18.7,67.0,6.5,172.4
2025-12-14 12:00:00+05:30,3651.6,20.0,64.0,6.3,173.9
2025-12-14 13:00:00+05:30,3800.1,21.8,59.0,8.7,197.1
2025-12-14 14:00:00+05:30,3809.0,22.1,64.0,16.2,180.5
2025-12-14 15:00:00+05:30,3775.5,22.8,63.0,14.0,152.6
2025-12-14 16:00:00+05:30,3682.5,23.0,58.0,14.5,82.7
2025-12-14 17:00:00+05:30,3557.2,22.3,61.0,11.3,43.2
2025-12-14 18:00:00+05:30,3497.3,21.8,60.0,17.7,9.4
2025-12-14 19:00:00+05:30,3465.4,20.8,65.0,5.2,0.0
2025-12-14 20:00:00+05:30,3521.0,19.0,67.0,11.5,0.0
2025-12-14 21:00:00+05:30,3325.5,17.5,67.0,9.0,0.0
2025-12-14 22:00:00+05:30,3169.9,16.5,67.0,12.0,0.0
2025-12-14 23:00:00+05:30,3075.5,14.9,68.0,4.8,0.0
2025-12-15 00:00:00+05:30,3288.1,13.2,76.0,8.5,0.0
2025-12-15 01:00:00+05:30,3186.8,11.8,76.0,4.3,0.0
2025-12-15 02:00:00+05:30,3083.8,11.5,74.0,4.1,0.0
2025-12-15 03:00:00+05:30,3095.2,11.6,78.0,6.6,0.0
2025-12-15 04:00:00+05:30,3151.8,11.2,74.0,0.7,0.0
2025-12-15 05:00:00+05:30,3289.2,11.7,72.0,6.8,0.0
2025-12-15 06:00:00+05:30,3399.5,11.7,73.0,2.8,4.7
2025-12-15 07:00:00+05:30,3537.7,12.6,71.0,1.7,19.9
2025-12-15 08:00:00+05:30,3751.3,13.2,72.0,5.5,18.6
2025-12-15 09:00:00+05:30,3923.8,15.2,75.0,6.5,60.7
2025-12-15 10:00:00+05:30,3956.2,15.8,67.0,9.1,176.8
2025-12-15 11:00:00+05:30,3914.7,17.1,65.0,5.0,172.0
2025-12-15 12:00:00+05:30,3906.2,18.6,70.0,9.2,198.2
2025-12-15 13:00:00+05:30,3843.1,19.8,69.0,13.2,191.2
2025-12-15 14:00:00+05:30,3900.2,20.6,67.0,8.5,131.6
2025-12-15 15:00:00+05:30,3872.2,21.1,67.0,7.4,102.5
2025-12-15 16:00:00+05:30,3873.3,20.9,63.0,8.9,62.5
2025-12-15 17:00:00+05:30,3661.9,20.2,66.0,9.0,40.0
2025-12-15 18:00:00+05:30,3550.7,19.7,68.0,10.2,7.6
2025-12-15 19:00:00+05:30,3617.2,18.9,67.0,12.7,0.0
2025-12-15 20:00:00+05:30,3822.3,17.5,67.0,7.0,0.0
2025-12-15 21:00:00+05:30,3728.3,16.3,71.0,8.4,0.0
2025-12-15 22:00:00+05:30,3663.9,14.5,70.0,6.6,0.0
2025-12-15 23:00:00+05:30,3699.3,13.0,70.0,5.9,0.0
2025-12-16 00:00:00+05:30,3574.9,12.3,72.0,4.8,0.0
2025-12-16 01:00:00+05:30,3526.6,10.6,74.0,4.4,0.0
2025-12-16 02:00:00+05:30,3435.1,9.6,80.0,4.0,0.0
2025-12-16 03:00:00+05:30,3448.3,9.2,72.0,5.6,0.0
2025-12-16 04:00:00+05:30,3346.7,8.7,80.0,10.7,0.0
2025-12-16 05:00:00+05:30,3258.8,8.5,76.0,0.0,0.0
2025-12-16 06:00:00+05:30,3395.9,8.8,79.0,5.0,6.7
2025-12-16 07:00:00+05:30,3656.5,9.1,74.0,3.9,20.6
2025-12-16 08:00:00+05:30,3868.8,10.5,79.0,10.2,52.9
2025-12-16 09:00:00+05:30,4084.3,11.7,73.0,7.2,58.0
2025-12-16 10:00:00+05:30,4019.3,13.7,67.0,8.6,195.2
2025-12-16 11:00:00+05:30,4031.1,15.5,74.0,3.5,50.5
2025-12-16 12:00:00+05:30,4080.1,16.9,68.0,13.4,221.4
2025-12-16 13:00:00+05:30,4262.8,17.7,72.0,13.0,59.6
2025-12-16 14:00:00+05:30,4124.8,19.3,66.0,11.3,163.3
2025-12-16 15:00:00+05:30,4123.1,19.8,68.0,10.0,125.5
2025-12-16 16:00:00+05:30,4151.6,19.8,67.0,10.8,85.6
2025-12-16 17:00:00+05:30,4012.6,19.7,63.0,11.8,44.8
2025-12-16 18:00:00+05:30,3905.7,19.7,67.0,18.6,10.0
2025-12-16 19:00:00+05:30,3817.5,19.2,65.0,11.1,0.0
2025-12-16 20:00:00+05:30,3934.9,17.8,69.0,12.3,0.0
2025-12-16 21:00:00+05:30,3978.7,16.5,72.0,12.1,0.0
2025-12-16 22:00:00+05:30,3766.4,15.2,70.0,11.6,0.0
2025-12-16 23:00:00+05:30,3685.8,13.0,77.0,7.6,0.0
2025-12-17 00:00:00+05:30,3615.9,11.5,76.0,7.4,0.0
2025-12-17 01:00:00+05:30,3535.7,10.7,80.0,6.3,0.0
2025-12-17 02:00:00+05:30,3426.1,9.5,72.0,4.2,0.0
2025-12-17 03:00:00+05:30,3385.1,8.9,73.0,3.3,0.0
2025-12-17 04:00:00+05:30,3339.1,8.5,78.0,9.1,0.0
2025-12-17 05:00:00+05:30,3455.4,8.7,71.0,6.5,0.0
2025-12-17 06:00:00+05:30,3673.1,9.5,76.0,7.1,4.4
2025-12-17 07:00:00+05:30,3832.2,10.0,75.0,6.9,19.7
2025-12-17 08:00:00+05:30,3884.6,11.2,74.0,4.4,60.0
2025-12-17 09:00:00+05:30,4108.5,12.6,75.0,9.5,51.8
2025-12-17 10:00:00+05:30,4093.9,14.1,74.0,13.1,93.9
2025-12-17 11:00:00+05:30,4185.8,15.4,71.0,12.7,66.0
2025-12-17 12:00:00+05:30,4112.0,16.8,65.0,11.3,147.0
2025-12-17 13:00:00+05:30,4145.8,18.0,68.0,9.1,197.9
2025-12-17 14:00:00+05:30,4171.6,18.7,63.0,11.4,159.3
2025-12-17 15:00:00+05:30,4151.7,19.3,69.0,9.3,129.8
2025-12-17 16:00:00+05:30,4202.5,19.7,68.0,13.1,93.3
2025-12-17 17:00:00+05:30,4087.2,19.3,69.0,11.8,44.7
2025-12-17 18:00:00+05:30,3890.8,18.8,67.0,14.3,10.0
2025-12-17 19:00:00+05:30,4009.5,18.4,68.0,14.0,0.0
2025-12-17 20:00:00+05:30,4149.3,16.7,70.0,9.4,0.0
2025-12-17 21:00:00+05:30,4181.5,15.5,71.0,6.3,0.0
2025-12-17 22:00:00+05:30,3974.4,13.9,71.0,7.7,0.0
2025-12-17 23:00:00+05:30,3672.0,12.8,77.0,10.9,0.0
2025-12-18 00:00:00+05:30,3660.2,11.8,71.0,4.0,0.0
2025-12-18 01:00:00+05:30,3500.1,10.3,81.0,9.9,0.0
2025-12-18 02:00:00+05:30,3328.5,8.9,76.0,6.2,0.0
2025-12-18 03:00:00+05:30,3297.1,8.1,73.0,0.8,0.0
2025-12-18 04:00:00+05:30,3227.4,8.6,84.0,1.8,0.0
2025-12-18 05:00:00+05:30,3394.6,9.0,77.0,7.2,0.0
2025-12-18 06:00:00+05:30,3636.5,9.4,70.0,0.8,5.0
2025-12-18 07:00:00+05:30,3771.7,10.6,77.0,0.0,27.8
2025-12-18 08:00:00+05:30,3926.0,11.5,76.0,6.2,28.1
2025-12-18 09:00:00+05:30,3963.2,13.2,74.0,7.1,52.0
2025-12-18 10:00:00+05:30,4214.2,14.1,73.0,6.9,54.2
2025-12-18 11:00:00+05:30,4255.2,15.4,71.0,7.0,110.4
2025-12-18 12:00:00+05:30,4188.3,17.5,71.0,3.9,114.2
2025-12-18 13:00:00+05:30,4205.8,18.8,68.0,13.2,182.6
2025-12-18 14:00:00+05:30,4185.8,19.6,73.0,9.4,110.6
2025-12-18 15:00:00+05:30,4159.1,21.0,69.0,12.5,155.0
2025-12-18 16:00:00+05:30,4191.1,21.1,60.0,11.3,105.0
2025-12-18 17:00:00+05:30,4033.0,21.3,66.0,12.1,45.6
2025-12-18 18:00:00+05:30,3942.9,20.6,66.0,12.0,9.2
2025-12-18 19:00:00+05:30,3833.3,19.2,70.0,11.7,0.0
2025-12-18 20:00:00+05:30,3941.7,18.6,72.0,10.2,0.0
2025-12-18 21:00:00+05:30,3937.2,17.4,68.0,5.6,0.0
2025-12-18 22:00:00+05:30,3720.5,15.8,64.0,11.1,0.0
2025-12-18 23:00:00+05:30,3659.0,14.0,69.0,5.2,0.0
2025-12-19 00:00:00+05:30,3518.3,12.8,72.0,2.9,0.0
2025-12-19 01:00:00+05:30,3479.1,12.3,74.0,5.5,0.0
2025-12-19 02:00:00+05:30,3343.6,11.3,76.0,5.3,0.0
2025-12-19 03:00:00+05:30,3293.9,11.4,74.0,4.9,0.0
2025-12-19 04:00:00+05:30,3227.0,11.4,75.0,2.4,0.0
2025-12-19 05:00:00+05:30,3349.3,11.3,76.0,1.0,0.0
2025-12-19 06:00:00+05:30,3569.2,11.9,75.0,6.8,6.0
2025-12-19 07:00:00+05:30,3801.4,12.5,69.0,4.6,41.4
2025-12-19 08:00:00+05:30,3826.7,14.0,67.0,5.5,101.4
2025-12-19 09:00:00+05:30,3819.9,15.8,73.0,8.7,77.1
2025-12-19 10:00:00+05:30,3889.1,17.0,61.0,10.9,181.6
2025-12-19 11:00:00+05:30,3948.6,18.4,63.0,10.6,171.7
2025-12-19 12:00:00+05:30,3922.2,19.4,64.0,8.9,194.0
2025-12-19 13:00:00+05:30,3974.6,20.3,63.0,10.5,167.8
2025-12-19 14:00:00+05:30,4144.9,21.5,66.0,13.8,161.0
2025-12-19 15:00:00+05:30,4216.6,21.7,64.0,12.4,119.4
2025-12-19 16:00:00+05:30,4175.8,21.3,64.0,13.6,84.8
2025-12-19 17:00:00+05:30,3986.2,21.1,66.0,9.3,50.0
2025-12-19 18:00:00+05:30,3873.6,21.0,67.0,13.3,10.0
2025-12-19 19:00:00+05:30,3873.9,19.6,67.0,9.7,0.0
2025-12-19 20:00:00+05:30,3922.1,18.0,68.0,9.5,0.0
2025-12-19 21:00:00+05:30,3995.7,16.1,71.0,11.8,0.0
2025-12-19 22:00:00+05:30,3853.9,14.4,70.0,9.5,0.0
2025-12-19 23:00:00+05:30,3667.1,12.8,75.0,7.6,0.0
2025-12-20 00:00:00+05:30,3363.5,11.5,71.0,4.7,0.0
2025-12-20 01:00:00+05:30,3296.3,10.6,66.0,11.3,0.0
2025-12-20 02:00:00+05:30,3275.0,9.7,77.0,10.1,0.0
2025-12-20 03:00:00+05:30,3143.2,9.1,73.0,4.5,0.0
2025-12-20 04:00:00+05:30,3156.5,8.4,79.0,2.0,0.0
2025-12-20 05:00:00+05:30,3268.9,8.2,79.0,4.2,0.0
2025-12-20 06:00:00+05:30,3387.4,8.5,81.0,2.7,3.1
2025-12-20 07:00:00+05:30,3585.5,9.6,78.0,0.0,15.1
2025-12-20 08:00:00+05:30,3754.6,11.4,75.0,9.3,59.9
2025-12-20 09:00:00+05:30,3866.0,12.5,71.0,5.9,69.3
2025-12-20 10:00:00+05:30,3947.4,13.3,73.0,6.6,47.3
2025-12-20 11:00:00+05:30,3907.8,14.9,74.0,8.5,74.8
2025-12-20 12:00:00+05:30,4010.4,16.1,71.0,13.1,106.7
2025-12-20 13:00:00+05:30,4070.8,17.2,71.0,8.0,67.0
2025-12-20 14:00:00+05:30,4109.1,17.9,66.0,13.3,124.9
2025-12-20 15:00:00+05:30,4015.8,19.4,67.0,8.7,136.6
2025-12-20 16:00:00+05:30,3923.4,20.2,63.0,11.2,92.3
2025-12-20 17:00:00+05:30,3867.0,20.1,71.0,9.6,19.7
2025-12-20 18:00:00+05:30,3866.1,19.3,66.0,11.2,7.9
2025-12-20 19:00:00+05:30,3784.3,18.4,68.0,14.2,0.0
2025-12-20 20:00:00+05:30,3930.7,17.5,69.0,3.8,0.0
2025-12-20 21:00:00+05:30,3803.5,16.8,63.0,9.1,0.0
2025-12-20 22:00:00+05:30,3705.2,15.0,69.0,6.6,0.0
2025-12-20 23:00:00+05:30,3533.3,13.6,72.0,7.5,0.0
2025-12-21 00:00:00+05:30,3464.8,11.7,70.0,8.6,0.0
2025-12-21 01:00:00+05:30,3456.3,10.2,73.0,3.5,0.0
2025-12-21 02:00:00+05:30,3255.9,9.6,81.0,2.9,0.0
2025-12-21 03:00:00+05:30,3155.3,8.9,75.0,3.3,0.0
2025-12-21 04:00:00+05:30,3150.6,8.4,80.0,8.1,0.0
2025-12-21 05:00:00+05:30,3261.0,8.5,78.0,3.4,0.0
2025-12-21 06:00:00+05:30,3509.1,8.8,74.0,5.1,3.7
2025-12-21 07:00:00+05:30,3744.4,9.8,80.0,2.2,12.1
2025-12-21 08:00:00+05:30,3778.1,11.8,75.0,6.5,14.1
2025-12-21 09:00:00+05:30,3902.4,13.6,74.0,5.1,61.7
2025-12-21 10:00:00+05:30,3885.3,15.1,71.0,4.6,70.4
2025-12-21 11:00:00+05:30,3888.1,15.9,75.0,4.2,74.9
2025-12-21 12:00:00+05:30,3860.0,17.3,68.0,9.5,191.4
2025-12-21 13:00:00+05:30,3861.7,18.9,66.0,6.2,164.4
2025-12-21 14:00:00+05:30,3856.1,19.6,61.0,14.4,195.0
2025-12-21 15:00:00+05:30,3922.6,19.8,69.0,12.1,105.6
2025-12-21 16:00:00+05:30,3792.4,20.0,68.0,13.0,86.3
2025-12-21 17:00:00+05:30,3723.7,20.2,63.0,13.5,40.0
2025-12-21 18:00:00+05:30,3775.4,19.8,69.0,15.6,8.3
2025-12-21 19:00:00+05:30,3803.7,18.9,66.0,9.6,0.0
2025-12-21 20:00:00+05:30,3912.0,17.8,64.0,2.8,0.0
2025-12-21 21:00:00+05:30,3866.9,16.6,71.0,9.5,0.0
2025-12-21 22:00:00+05:30,3744.5,15.0,71.0,7.2,0.0
2025-12-21 23:00:00+05:30,3622.4,14.1,70.0,6.7,0.0
2025-12-22 00:00:00+05:30,3853.7,12.0,72.0,6.1,0.0
2025-12-22 01:00:00+05:30,3734.3,11.1,71.0,3.9,0.0
2025-12-22 02:00:00+05:30,3659.7,9.5,78.0,5.7,0.0
2025-12-22 03:00:00+05:30,3545.2,9.4,77.0,1.3,0.0
2025-12-22 04:00:00+05:30,3472.9,8.7,76.0,7.7,0.0
2025-12-22 05:00:00+05:30,3521.6,8.9,78.0,6.6,0.0
2025-12-22 06:00:00+05:30,3547.8,9.2,78.0,6.7,4.1
2025-12-22 07:00:00+05:30,3796.8,9.3,75.0,3.3,21.2
2025-12-22 08:00:00+05:30,4000.9,10.9,82.0,6.0,41.4
2025-12-22 09:00:00+05:30,4134.6,12.2,76.0,6.9,37.9
2025-12-22 10:00:00+05:30,4130.6,13.4,68.0,8.2,164.9
2025-12-22 11:00:00+05:30,4097.7,15.0,71.0,11.4,80.0
2025-12-22 12:00:00+05:30,3969.7,16.7,68.0,11.6,190.8
2025-12-22 13:00:00+05:30,4079.8,17.6,64.0,11.8,206.5
2025-12-22 14:00:00+05:30,4128.4,18.3,67.0,8.2,151.6
2025-12-22 15:00:00+05:30,4203.7,19.4,66.0,16.0,142.1
2025-12-22 16:00:00+05:30,4215.9,20.2,66.0,9.9,83.3
2025-12-22 17:00:00+05:30,4224.9,19.8,67.0,11.6,42.2
2025-12-22 18:00:00+05:30,4140.7,20.0,63.0,11.3,8.1
2025-12-22 19:00:00+05:30,4166.2,18.6,67.0,8.7,0.0
2025-12-22 20:00:00+05:30,4246.9,18.0,67.0,11.7,0.0
2025-12-22 21:00:00+05:30,4069.5,16.5,73.0,10.9,0.0
2025-12-22 22:00:00+05:30,3953.6,15.0,68.0,12.5,0.0
2025-12-22 23:00:00+05:30,3642.9,13.6,67.0,8.2,0.0
2025-12-23 00:00:00+05:30,3593.0,12.5,69.0,8.9,0.0
2025-12-23 01:00:00+05:30,3451.0,11.6,70.0,4.0,0.0
2025-12-23 02:00:00+05:30,3274.2,10.9,79.0,1.6,0.0
2025-12-23 03:00:00+05:30,3186.5,10.4,77.0,3.7,0.0
2025-12-23 04:00:00+05:30,3111.5,10.7,72.0,7.2,0.0
2025-12-23 05:00:00+05:30,3148.3,10.9,79.0,4.0,0.0
2025-12-23 06:00:00+05:30,3308.6,11.6,71.0,4.1,5.3
2025-12-23 07:00:00+05:30,3485.3,13.0,69.0,3.5,39.0
2025-12-23 08:00:00+05:30,3747.4,13.7,68.0,10.9,99.5
2025-12-23 09:00:00+05:30,3814.2,14.8,67.0,7.6,162.5
2025-12-23 10:00:00+05:30,3831.0,16.4,66.0,11.2,142.2
2025-12-23 11:00:00+05:30,3701.9,17.7,66.0,7.4,220.0
2025-12-23 12:00:00+05:30,3764.8,18.6,69.0,12.9,201.3
2025-12-23 13:00:00+05:30,3912.9,18.8,69.0,10.5,132.8
2025-12-23 14:00:00+05:30,4003.0,19.3,71.0,10.0,67.6
2025-12-23 15:00:00+05:30,3924.0,20.2,65.0,13.0,128.3
2025-12-23 16:00:00+05:30,3871.5,20.2,67.0,10.6,100.3
2025-12-23 17:00:00+05:30,3805.1,20.9,66.0,12.2,45.2
2025-12-23 18:00:00+05:30,3799.8,19.6,64.0,14.1,8.1
2025-12-23 19:00:00+05:30,3817.0,19.1,65.0,10.8,0.0
2025-12-23 20:00:00+05:30,3976.2,18.2,72.0,13.0,0.0
2025-12-23 21:00:00+05:30,3921.4,16.8,64.0,9.3,0.0
2025-12-23 22:00:00+05:30,3788.2,15.3,70.0,7.7,0.0
2025-12-23 23:00:00+05:30,3620.5,13.9,71.0,7.6,0.0
2025-12-24 00:00:00+05:30,3613.1,12.4,75.0,7.8,0.0
2025-12-24 01:00:00+05:30,3486.0,11.3,70.0,4.2,0.0
2025-12-24 02:00:00+05:30,3328.3,10.5,70.0,0.9,0.0
2025-12-24 03:00:00+05:30,3368.2,9.7,73.0,5.1,0.0
2025-12-24 04:00:00+05:30,3326.4,9.3,81.0,6.3,0.0
2025-12-24 05:00:00+05:30,3367.1,9.4,77.0,5.0,0.0
2025-12-24 06:00:00+05:30,3479.5,9.6,73.0,1.4,5.3
2025-12-24 07:00:00+05:30,3679.1,10.9,79.0,4.7,17.2
2025-12-24 08:00:00+05:30,3941.1,11.5,76.0,6.1,30.4
2025-12-24 09:00:00+05:30,4079.8,12.4,76.0,8.5,48.6
2025-12-24 10:00:00+05:30,4173.6,13.8,70.0,14.5,73.4
2025-12-24 11:00:00+05:30,4131.0,15.3,69.0,10.3,198.1
2025-12-24 12:00:00+05:30,4257.4,16.7,73.0,5.6,108.1
2025-12-24 13:00:00+05:30,4166.4,18.4,65.0,10.1,173.2
2025-12-24 14:00:00+05:30,4214.1,19.1,67.0,9.4,195.0
2025-12-24 15:00:00+05:30,4264.1,20.2,67.0,8.9,143.3
2025-12-24 16:00:00+05:30,4236.1,20.7,68.0,12.9,85.3
2025-12-24 17:00:00+05:30,4083.3,20.3,65.0,11.7,43.4
2025-12-24 18:00:00+05:30,4025.3,19.8,68.0,12.2,7.7
2025-12-24 19:00:00+05:30,4073.6,19.2,69.0,10.7,0.0
2025-12-24 20:00:00+05:30,4222.1,18.9,65.0,7.9,0.0
2025-12-24 21:00:00+05:30,4054.9,17.9,63.0,10.0,0.0
2025-12-24 22:00:00+05:30,3890.8,16.6,70.0,8.2,0.0
2025-12-24 23:00:00+05:30,3742.1,15.1,64.0,4.5,0.0
2025-12-25 00:00:00+05:30,3368.8,13.0,72.0,4.8,0.0
2025-12-25 01:00:00+05:30,3294.4,12.2,66.0,2.7,0.0
2025-12-25 02:00:00+05:30,3209.7,10.8,78.0,3.5,0.0
2025-12-25 03:00:00+05:30,3088.8,9.9,74.0,6.5,0.0
2025-12-25 04:00:00+05:30,3015.7,9.6,71.0,8.1,0.0
2025-12-25 05:00:00+05:30,3037.6,9.4,79.0,5.3,0.0
2025-12-25 06:00:00+05:30,3133.8,10.4,71.0,1.9,4.4
2025-12-25 07:00:00+05:30,3290.2,11.2,75.0,4.8,25.4
2025-12-25 08:00:00+05:30,3523.6,12.4,72.0,8.0,45.1
2025-12-25 09:00:00+05:30,3577.9,13.7,70.0,10.4,39.6
2025-12-25 10:00:00+05:30,3714.2,14.8,75.0,7.4,44.5
2025-12-25 11:00:00+05:30,3656.0,16.5,67.0,5.8,138.4
2025-12-25 12:00:00+05:30,3603.0,17.7,67.0,12.0,213.8
2025-12-25 13:00:00+05:30,3705.2,18.5,69.0,13.3,197.7
2025-12-25 14:00:00+05:30,3756.5,19.1,72.0,9.9,32.1
2025-12-25 15:00:00+05:30,3561.7,19.6,71.0,12.8,65.0
2025-12-25 16:00:00+05:30,3554.9,19.7,69.0,12.4,89.1
2025-12-25 17:00:00+05:30,3429.7,19.4,65.0,12.8,46.8
2025-12-25 18:00:00+05:30,3356.1,19.1,72.0,14.1,3.1
2025-12-25 19:00:00+05:30,3496.5,18.7,64.0,10.8,0.0
2025-12-25 20:00:00+05:30,3651.0,17.2,71.0,14.4,0.0
2025-12-25 21:00:00+05:30,3560.3,15.9,70.0,14.3,0.0
2025-12-25 22:00:00+05:30,3366.2,13.9,69.0,13.1,0.0
2025-12-25 23:00:00+05:30,3184.2,12.0,76.0,3.1,0.0
2025-12-26 00:00:00+05:30,3554.9,10.5,73.0,5.1,0.0
2025-12-26 01:00:00+05:30,3487.3,9.0,71.0,9.3,0.0
2025-12-26 02:00:00+05:30,3410.6,8.4,77.0,3.1,0.0
2025-12-26 03:00:00+05:30,3487.7,7.5,82.0,4.1,0.0
2025-12-26 04:00:00+05:30,3371.9,7.4,74.0,10.4,0.0
2025-12-26 05:00:00+05:30,3466.3,7.4,73.0,3.7,0.0
2025-12-26 06:00:00+05:30,3674.1,8.2,77.0,4.6,4.7
2025-12-26 07:00:00+05:30,3905.9,9.0,75.0,5.4,25.6
2025-12-26 08:00:00+05:30,4169.8,10.2,69.0,3.8,99.6
2025-12-26 09:00:00+05:30,4276.2,11.7,73.0,8.3,47.3
2025-12-26 10:00:00+05:30,4336.4,13.4,68.0,8.6,175.1
2025-12-26 11:00:00+05:30,4349.5,14.7,69.0,8.9,201.4
2025-12-26 12:00:00+05:30,4424.2,15.8,65.0,8.0,182.1
2025-12-26 13:00:00+05:30,4470.9,17.6,63.0,12.9,167.6
2025-12-26 14:00:00+05:30,4453.8,18.7,67.0,15.4,191.8
2025-12-26 15:00:00+05:30,4438.7,19.0,68.0,8.6,136.0
2025-12-26 16:00:00+05:30,4289.7,19.9,62.0,12.1,80.2
2025-12-26 17:00:00+05:30,4108.9,20.9,65.0,13.3,38.0
2025-12-26 18:00:00+05:30,4039.9,20.4,69.0,11.3,8.7
2025-12-26 19:00:00+05:30,4013.2,19.7,60.0,10.2,0.0
2025-12-26 20:00:00+05:30,4061.4,19.2,72.0,10.3,0.0
2025-12-26 21:00:00+05:30,4060.4,17.8,63.0,4.5,0.0
2025-12-26 22:00:00+05:30,3892.6,16.1,64.0,7.5,0.0
2025-12-26 23:00:00+05:30,3719.9,14.9,70.0,8.2,0.0
2025-12-27 00:00:00+05:30,3323.7,13.9,69.0,11.8,0.0
2025-12-27 01:00:00+05:30,3242.1,13.1,67.0,3.6,0.0
2025-12-27 02:00:00+05:30,3230.0,12.6,67.0,5.9,0.0
2025-12-27 03:00:00+05:30,3102.4,11.4,66.0,9.3,0.0
2025-12-27 04:00:00+05:30,2997.6,11.1,74.0,3.9,0.0
2025-12-27 05:00:00+05:30,3083.3,11.6,73.0,8.9,0.0
2025-12-27 06:00:00+05:30,3236.3,12.1,72.0,8.8,4.1
2025-12-27 07:00:00+05:30,3395.0,12.5,67.0,5.0,44.7
2025-12-27 08:00:00+05:30,3480.8,13.3,70.0,4.7,96.4
2025-12-27 09:00:00+05:30,3655.2,14.3,74.0,7.8,39.2
2025-12-27 10:00:00+05:30,3752.7,16.0,62.0,13.2,190.5
2025-12-27 11:00:00+05:30,3789.4,17.9,64.0,14.8,171.7
2025-12-27 12:00:00+05:30,3711.9,19.5,65.0,9.3,194.6
2025-12-27 13:00:00+05:30,3743.9,20.4,68.0,14.3,177.5
2025-12-27 14:00:00+05:30,3828.0,21.3,66.0,9.7,128.8
2025-12-27 15:00:00+05:30,3878.4,21.6,62.0,15.4,129.8
2025-12-27 16:00:00+05:30,3798.9,21.4,65.0,11.2,105.0
2025-12-27 17:00:00+05:30,3662.4,21.8,68.0,14.4,41.4
2025-12-27 18:00:00+05:30,3581.7,20.5,63.0,12.7,7.4
2025-12-27 19:00:00+05:30,3504.6,19.8,61.0,9.2,0.0
2025-12-27 20:00:00+05:30,3712.8,18.1,68.0,10.9,0.0
2025-12-27 21:00:00+05:30,3653.6,16.4,67.0,11.7,0.0
2025-12-27 22:00:00+05:30,3580.5,14.8,72.0,10.9,0.0
2025-12-27 23:00:00+05:30,3611.0,13.7,73.0,4.5,0.0
2025-12-28 00:00:00+05:30,3499.2,12.8,72.0,3.7,0.0
2025-12-28 01:00:00+05:30,3434.4,12.1,74.0,3.5,0.0
2025-12-28 02:00:00+05:30,3184.8,11.2,72.0,1.9,0.0
2025-12-28 03:00:00+05:30,3050.4,10.9,74.0,3.5,0.0
2025-12-28 04:00:00+05:30,3044.9,11.0,74.0,7.6,0.0
2025-12-28 05:00:00+05:30,3125.0,11.2,69.0,3.9,0.0
2025-12-28 06:00:00+05:30,3272.7,11.6,68.0,4.8,11.7
2025-12-28 07:00:00+05:30,3404.2,12.6,71.0,2.2,18.6
2025-12-28 08:00:00+05:30,3444.2,14.3,64.0,7.8,92.1
2025-12-28 09:00:00+05:30,3476.4,15.6,66.0,2.6,142.6
2025-12-28 10:00:00+05:30,3543.8,17.1,69.0,11.5,161.1
2025-12-28 11:00:00+05:30,3576.1,18.8,66.0,6.9,188.3
2025-12-28 12:00:00+05:30,3651.4,20.2,61.0,4.6,188.1
2025-12-28 13:00:00+05:30,3695.6,21.1,65.0,13.0,173.5
2025-12-28 14:00:00+05:30,3736.0,21.5,65.0,11.2,176.7
2025-12-28 15:00:00+05:30,3896.4,21.6,63.0,14.6,113.4
2025-12-28 16:00:00+05:30,3779.9,21.7,62.0,12.4,96.3
2025-12-28 17:00:00+05:30,3715.1,21.1,58.0,16.4,48.6
2025-12-28 18:00:00+05:30,3495.9,20.5,64.0,13.0,8.4
2025-12-28 19:00:00+05:30,3519.3,19.6,67.0,11.6,0.0
2025-12-28 20:00:00+05:30,3639.5,17.7,72.0,14.2,0.0
2025-12-28 21:00:00+05:30,3654.2,16.5,72.0,4.0,0.0
2025-12-28 22:00:00+05:30,3514.8,14.6,67.0,8.0,0.0
2025-12-28 23:00:00+05:30,3397.4,13.9,73.0,11.6,0.0
2025-12-29 00:00:00+05:30,3588.5,12.5,72.0,4.2,0.0
2025-12-29 01:00:00+05:30,3465.6,11.1,70.0,4.1,0.0
2025-12-29 02:00:00+05:30,3401.1,10.4,75.0,6.2,0.0
2025-12-29 03:00:00+05:30,3341.7,9.7,71.0,6.4,0.0
2025-12-29 04:00:00+05:30,3276.4,9.2,75.0,6.5,0.0
2025-12-29 05:00:00+05:30,3279.9,9.4,79.0,4.0,0.0
2025-12-29 06:00:00+05:30,3439.0,10.3,75.0,5.8,3.3
2025-12-29 07:00:00+05:30,3715.9,11.3,70.0,5.6,46.9
2025-12-29 08:00:00+05:30,4043.4,12.5,75.0,3.4,56.9
2025-12-29 09:00:00+05:30,4277.3,13.3,70.0,7.9,79.6
2025-12-29 10:00:00+05:30,4205.4,15.2,64.0,2.4,132.6
2025-12-29 11:00:00+05:30,4210.0,16.4,65.0,10.3,174.8
2025-12-29 12:00:00+05:30,4246.0,17.3,71.0,8.4,58.4
2025-12-29 13:00:00+05:30,4201.4,18.3,63.0,12.2,179.2
2025-12-29 14:00:00+05:30,4314.3,19.4,71.0,12.6,51.8
2025-12-29 15:00:00+05:30,4311.1,20.1,64.0,13.2,124.9
2025-12-29 16:00:00+05:30,4364.7,20.3,72.0,8.5,32.4
2025-12-29 17:00:00+05:30,4064.3,20.7,64.0,12.7,48.7
2025-12-29 18:00:00+05:30,3933.2,20.0,70.0,14.6,9.1
2025-12-29 19:00:00+05:30,4005.6,19.3,69.0,7.4,0.0
2025-12-29 20:00:00+05:30,4086.5,18.1,68.0,7.5,0.0
2025-12-29 21:00:00+05:30,3985.0,16.6,65.0,7.5,0.0
2025-12-29 22:00:00+05:30,3755.4,15.1,70.0,14.0,0.0
2025-12-29 23:00:00+05:30,3549.9,13.9,68.0,6.6,0.0
2025-12-30 00:00:00+05:30,3321.6,12.5,74.0,6.0,0.0
2025-12-30 01:00:00+05:30,3165.4,11.0,77.0,4.7,0.0
2025-12-30 02:00:00+05:30,3031.0,10.8,75.0,5.9,0.0
2025-12-30 03:00:00+05:30,3013.6,10.9,72.0,5.3,0.0
2025-12-30 04:00:00+05:30,2897.6,10.7,74.0,3.9,0.0
2025-12-30 05:00:00+05:30,3010.6,11.4,73.0,2.6,0.0
2025-12-30 06:00:00+05:30,3135.2,12.0,76.0,1.2,3.8
2025-12-30 07:00:00+05:30,3267.3,12.6,75.0,5.8,9.7
2025-12-30 08:00:00+05:30,3483.4,14.8,68.0,6.3,75.3
2025-12-30 09:00:00+05:30,3553.8,15.9,66.0,4.1,149.2
2025-12-30 10:00:00+05:30,3795.0,16.6,66.0,8.8,162.8
2025-12-30 11:00:00+05:30,3737.9,17.9,61.0,6.8,199.6
2025-12-30 12:00:00+05:30,3669.9,19.7,60.0,7.0,207.4
2025-12-30 13:00:00+05:30,3817.3,20.9,63.0,5.4,167.8
2025-12-30 14:00:00+05:30,3833.9,22.2,62.0,6.8,151.0
2025-12-30 15:00:00+05:30,4012.2,23.1,60.0,11.8,110.8
2025-12-30 16:00:00+05:30,4100.4,23.3,65.0,15.9,93.1
2025-12-30 17:00:00+05:30,3911.0,23.3,61.0,11.3,34.7
2025-12-30 18:00:00+05:30,3749.3,22.9,57.0,11.0,8.9
2025-12-30 19:00:00+05:30,3822.6,21.9,56.0,7.8,0.0
2025-12-30 20:00:00+05:30,3887.3,20.6,63.0,13.6,0.0
2025-12-30 21:00:00+05:30,3755.5,19.5,68.0,9.5,0.0
2025-12-30 22:00:00+05:30,3639.7,17.9,60.0,7.4,0.0
2025-12-30 23:00:00+05:30,3528.6,16.2,68.0,9.0,0.0
2025-12-31 00:00:00+05:30,3465.8,15.1,60.0,5.3,0.0
2025-12-31 01:00:00+05:30,3288.8,14.5,70.0,3.6,0.0
2025-12-31 02:00:00+05:30,3281.8,13.0,80.0,3.4,0.0
2025-12-31 03:00:00+05:30,3187.4,12.2,73.0,0.0,0.0
2025-12-31 04:00:00+05:30,3096.3,12.1,75.0,8.2,0.0
2025-12-31 05:00:00+05:30,3124.1,12.5,69.0,0.9,0.0
2025-12-31 06:00:00+05:30,3342.9,12.9,75.0,8.3,5.2
2025-12-31 07:00:00+05:30,3410.6,13.7,63.0,7.8,51.3
2025-12-31 08:00:00+05:30,3635.4,15.0,68.0,7.7,104.3
2025-12-31 09:00:00+05:30,3669.0,16.4,68.0,3.4,162.5
2025-12-31 10:00:00+05:30,3752.3,17.9,63.0,12.9,163.7
2025-12-31 11:00:00+05:30,3792.5,19.9,63.0,6.9,161.3
2025-12-31 12:00:00+05:30,3731.5,21.3,60.0,14.6,196.0
2025-12-31 13:00:00+05:30,3709.2,21.8,67.0,11.9,212.3
2025-12-31 14:00:00+05:30,3913.8,23.1,66.0,10.5,135.7
2025-12-31 15:00:00+05:30,4118.0,23.1,62.0,14.3,117.1
2025-12-31 16:00:00+05:30,4049.8,23.5,57.0,11.5,82.3
2025-12-31 17:00:00+05:30,3980.4,23.0,63.0,13.3,46.0
2025-12-31 18:00:00+05:30,3914.5,22.7,61.0,5.7,8.6
2025-12-31 19:00:00+05:30,3955.0,21.8,62.0,10.9,0.0
2025-12-31 20:00:00+05:30,4069.7,20.8,58.0,7.6,0.0
2025-12-31 21:00:00+05:30,3831.7,19.0,67.0,12.1,0.0
2025-12-31 22:00:00+05:30,3590.1,17.5,67.0,8.2,0.0
2025-12-31 23:00:00+05:30,3438.0,16.2,65.0,10.9,0.0
2026-01-01 00:00:00+05:30,3372.9,14.6,71.0,7.6,0.0
2026-01-01 01:00:00+05:30,3239.4,13.9,70.0,3.0,0.0
2026-01-01 02:00:00+05:30,3141.5,13.0,72.0,4.3,0.0
2026-01-01 03:00:00+05:30,3061.6,12.8,68.0,6.1,0.0
2026-01-01 04:00:00+05:30,3043.3,12.7,65.0,4.0,0.0
2026-01-01 05:00:00+05:30,3073.9,13.0,73.0,4.2,0.0
2026-01-01 06:00:00+05:30,3180.4,13.5,72.0,0.9,4.2
2026-01-01 07:00:00+05:30,3251.5,14.5,65.0,4.5,55.0
2026-01-01 08:00:00+05:30,3573.7,15.3,62.0,6.9,81.2
2026-01-01 09:00:00+05:30,3732.8,16.3,60.0,3.2,150.7
2026-01-01 10:00:00+05:30,3696.6,17.5,67.0,4.3,195.4
2026-01-01 11:00:00+05:30,3838.1,18.4,65.0,12.1,182.7
2026-01-01 12:00:00+05:30,3909.2,19.6,65.0,8.6,219.8
2026-01-01 13:00:00+05:30,3991.5,20.6,64.0,14.6,201.8
2026-01-01 14:00:00+05:30,4177.5,20.9,67.0,10.0,169.8
2026-01-01 15:00:00+05:30,4310.0,21.2,69.0,12.6,118.3
2026-01-01 16:00:00+05:30,4336.1,21.7,59.0,13.0,105.0
2026-01-01 17:00:00+05:30,4148.6,21.5,60.0,9.4,36.8
2026-01-01 18:00:00+05:30,3960.4,20.8,60.0,8.6,9.6
2026-01-01 19:00:00+05:30,3957.0,20.2,65.0,12.1,0.0
2026-01-01 20:00:00+05:30,4004.7,19.7,64.0,8.4,0.0
2026-01-01 21:00:00+05:30,3849.4,18.4,67.0,9.1,0.0
2026-01-01 22:00:00+05:30,3650.0,16.8,64.0,8.2,0.0
2026-01-01 23:00:00+05:30,3636.2,15.5,68.0,4.6,0.0
2026-01-02 00:00:00+05:30,3566.0,13.9,68.0,3.8,0.0
2026-01-02 01:00:00+05:30,3404.9,12.4,73.0,6.6,0.0
2026-01-02 02:00:00+05:30,3312.0,12.0,78.0,0.5,0.0
2026-01-02 03:00:00+05:30,3219.5,11.6,69.0,3.9,0.0
2026-01-02 04:00:00+05:30,3186.0,11.4,70.0,6.6,0.0
2026-01-02 05:00:00+05:30,3186.2,11.8,78.0,2.6,0.0
2026-01-02 06:00:00+05:30,3274.6,12.1,71.0,4.2,5.5
2026-01-02 07:00:00+05:30,3433.1,13.0,68.0,2.7,41.1
2026-01-02 08:00:00+05:30,3641.1,14.2,67.0,7.4,91.6
2026-01-02 09:00:00+05:30,3676.6,16.0,65.0,6.9,160.4
2026-01-02 10:00:00+05:30,3754.0,17.3,66.0,10.0,172.7
2026-01-02 11:00:00+05:30,3797.0,18.7,74.0,12.7,55.2
2026-01-02 12:00:00+05:30,3799.0,20.1,66.0,10.2,187.9
2026-01-02 13:00:00+05:30,3947.9,21.0,59.0,10.4,157.1
2026-01-02 14:00:00+05:30,4114.6,21.8,65.0,4.6,157.5
2026-01-02 15:00:00+05:30,4131.9,21.7,62.0,11.6,142.3
2026-01-02 16:00:00+05:30,4153.0,22.0,64.0,15.9,96.4
2026-01-02 17:00:00+05:30,4134.4,21.9,64.0,9.2,36.9
2026-01-02 18:00:00+05:30,3928.5,21.5,67.0,15.1,9.4
2026-01-02 19:00:00+05:30,3854.9,20.3,64.0,7.6,0.0
2026-01-02 20:00:00+05:30,3924.8,18.9,65.0,10.9,0.0
2026-01-02 21:00:00+05:30,3863.4,17.7,68.0,8.4,0.0
2026-01-02 22:00:00+05:30,3788.0,16.2,67.0,10.4,0.0
2026-01-02 23:00:00+05:30,3687.4,15.3,72.0,5.7,0.0
2026-01-03 00:00:00+05:30,3315.9,13.7,78.0,8.1,0.0
2026-01-03 01:00:00+05:30,3124.9,12.6,73.0,5.6,0.0
2026-01-03 02:00:00+05:30,3152.8,11.3,70.0,6.8,0.0
2026-01-03 03:00:00+05:30,3051.2,11.0,74.0,4.1,0.0
2026-01-03 04:00:00+05:30,3013.9,10.9,74.0,3.7,0.0
2026-01-03 05:00:00+05:30,3095.2,10.7,75.0,5.1,0.0
2026-01-03 06:00:00+05:30,3181.0,11.3,69.0,6.0,9.3
2026-01-03 07:00:00+05:30,3410.4,12.1,69.0,5.0,37.6
2026-01-03 08:00:00+05:30,3617.1,13.4,73.0,9.5,53.0
2026-01-03 09:00:00+05:30,3634.6,15.5,65.0,4.7,141.8
2026-01-03 10:00:00+05:30,3696.7,17.1,64.0,8.5,188.7
2026-01-03 11:00:00+05:30,3732.4,18.3,60.0,10.6,210.1
2026-01-03 12:00:00+05:30,3744.1,19.3,65.0,11.3,202.4
2026-01-03 13:00:00+05:30,3636.5,20.5,59.0,10.0,188.3
2026-01-03 14:00:00+05:30,3745.5,20.7,61.0,9.5,187.0
2026-01-03 15:00:00+05:30,3725.7,21.4,64.0,12.1,140.2
2026-01-03 16:00:00+05:30,3668.4,21.9,64.0,13.4,87.1
2026-01-03 17:00:00+05:30,3527.8,21.4,62.0,14.0,35.1
2026-01-03 18:00:00+05:30,3368.5,20.4,62.0,15.7,7.5
2026-01-03 19:00:00+05:30,3421.4,19.6,65.0,6.3,0.0
2026-01-03 20:00:00+05:30,3563.8,18.9,61.0,12.3,0.0
2026-01-03 21:00:00+05:30,3413.1,17.7,68.0,12.8,0.0
2026-01-03 22:00:00+05:30,3272.3,16.0,69.0,10.8,0.0
2026-01-03 23:00:00+05:30,3255.3,14.6,66.0,5.0,0.0
2026-01-04 00:00:00+05:30,3171.7,13.6,73.0,3.8,0.0
2026-01-04 01:00:00+05:30,3094.4,12.8,67.0,3.5,0.0
2026-01-04 02:00:00+05:30,2932.3,11.3,74.0,5.7,0.0
2026-01-04 03:00:00+05:30,2878.7,10.8,73.0,3.5,0.0
2026-01-04 04:00:00+05:30,2677.2,11.3,73.0,6.0,0.0
2026-01-04 05:00:00+05:30,2832.6,10.9,71.0,2.3,0.0
2026-01-04 06:00:00+05:30,3059.2,11.6,68.0,3.2,10.4
2026-01-04 07:00:00+05:30,3271.3,12.6,66.0,9.2,52.9
2026-01-04 08:00:00+05:30,3430.3,13.9,69.0,3.8,83.3
2026-01-04 09:00:00+05:30,3601.6,14.5,70.0,7.4,129.8
2026-01-04 10:00:00+05:30,3667.3,15.5,74.0,12.8,70.3
2026-01-04 11:00:00+05:30,3554.1,16.9,69.0,10.3,220.0
2026-01-04 12:00:00+05:30,3731.7,18.1,63.0,9.0,176.1
2026-01-04 13:00:00+05:30,3716.1,19.6,66.0,12.7,133.1
2026-01-04 14:00:00+05:30,3771.9,20.2,67.0,8.6,127.7
2026-01-04 15:00:00+05:30,3896.2,21.0,67.0,5.2,130.4
2026-01-04 16:00:00+05:30,3837.3,20.9,66.0,11.1,89.7
2026-01-04 17:00:00+05:30,3636.9,20.8,63.0,13.1,40.7
2026-01-04 18:00:00+05:30,3570.4,20.1,60.0,10.9,7.9
2026-01-04 19:00:00+05:30,3655.1,19.9,67.0,5.4,0.0
2026-01-04 20:00:00+05:30,3883.6,18.4,63.0,14.5,0.0
2026-01-04 21:00:00+05:30,3722.0,17.7,72.0,10.5,0.0
2026-01-04 22:00:00+05:30,3490.8,16.2,74.0,6.6,0.0
2026-01-04 23:00:00+05:30,3359.8,14.7,74.0,7.5,0.0
2026-01-05 00:00:00+05:30,3591.7,13.3,65.0,2.4,0.0
2026-01-05 01:00:00+05:30,3453.9,12.0,73.0,5.7,0.0
2026-01-05 02:00:00+05:30,3270.5,11.1,74.0,5.5,0.0
2026-01-05 03:00:00+05:30,3177.4,11.0,75.0,1.9,0.0
2026-01-05 04:00:00+05:30,3127.0,11.0,74.0,1.8,0.0
2026-01-05 05:00:00+05:30,3403.8,10.5,73.0,7.3,0.0
2026-01-05 06:00:00+05:30,3520.0,11.1,69.0,0.0,9.4
2026-01-05 07:00:00+05:30,3710.9,11.8,72.0,6.0,15.7
2026-01-05 08:00:00+05:30,3851.8,12.6,74.0,8.5,32.1
2026-01-05 09:00:00+05:30,3982.3,14.1,69.0,6.0,127.0
2026-01-05 10:00:00+05:30,3982.5,15.2,69.0,5.4,157.7
2026-01-05 11:00:00+05:30,3898.6,16.9,68.0,8.5,131.5
2026-01-05 12:00:00+05:30,3834.6,18.3,63.0,8.0,177.2
2026-01-05 13:00:00+05:30,3964.2,19.1,66.0,11.8,187.5
2026-01-05 14:00:00+05:30,4024.3,19.6,60.0,11.9,141.0
2026-01-05 15:00:00+05:30,4080.7,20.1,59.0,13.8,124.6
2026-01-05 16:00:00+05:30,4139.3,19.8,61.0,18.2,86.8
2026-01-05 17:00:00+05:30,4036.5,19.7,62.0,11.4,41.1
2026-01-05 18:00:00+05:30,3904.2,19.2,65.0,17.9,7.0
2026-01-05 19:00:00+05:30,3954.0,17.8,64.0,6.2,0.0
2026-01-05 20:00:00+05:30,4046.4,16.8,72.0,12.3,0.0
2026-01-05 21:00:00+05:30,4037.3,15.1,67.0,7.1,0.0
2026-01-05 22:00:00+05:30,3894.4,13.2,72.0,11.6,0.0
2026-01-05 23:00:00+05:30,3769.7,12.4,78.0,5.5,0.0
2026-01-06 00:00:00+05:30,3699.5,10.7,74.0,12.6,0.0
2026-01-06 01:00:00+05:30,3511.2,9.9,78.0,2.7,0.0
2026-01-06 02:00:00+05:30,3458.9,8.4,75.0,4.6,0.0
2026-01-06 03:00:00+05:30,3477.0,8.1,78.0,1.6,0.0
2026-01-06 04:00:00+05:30,3496.2,7.0,80.0,6.6,0.0
2026-01-06 05:00:00+05:30,3664.2,7.0,75.0,0.1,0.0
2026-01-06 06:00:00+05:30,3778.4,7.7,73.0,5.3,5.3
2026-01-06 07:00:00+05:30,3917.5,8.5,80.0,4.5,16.2
2026-01-06 08:00:00+05:30,4020.9,10.2,74.0,7.4,41.0
2026-01-06 09:00:00+05:30,4111.5,11.4,73.0,1.5,51.6
2026-01-06 10:00:00+05:30,4218.4,13.3,71.0,9.2,72.7
2026-01-06 11:00:00+05:30,4178.2,15.3,67.0,7.8,185.1
2026-01-06 12:00:00+05:30,4204.2,16.5,67.0,9.7,185.0
2026-01-06 13:00:00+05:30,4256.3,17.7,68.0,9.7,144.3
2026-01-06 14:00:00+05:30,4379.1,18.8,76.0,10.9,68.3
2026-01-06 15:00:00+05:30,4384.5,19.5,69.0,14.0,131.7
2026-01-06 16:00:00+05:30,4339.0,19.6,65.0,11.7,100.8
2026-01-06 17:00:00+05:30,4194.5,19.0,65.0,11.9,49.5
2026-01-06 18:00:00+05:30,4167.2,18.0,64.0,8.7,10.0
2026-01-06 19:00:00+05:30,4211.5,17.2,62.0,10.7,0.0
2026-01-06 20:00:00+05:30,4258.9,16.5,67.0,10.9,0.0
2026-01-06 21:00:00+05:30,4093.9,15.2,70.0,7.0,0.0
2026-01-06 22:00:00+05:30,3884.4,13.4,68.0,8.8,0.0
2026-01-06 23:00:00+05:30,3755.2,11.8,72.0,5.2,0.0
2026-01-07 00:00:00+05:30,3701.1,10.9,74.0,8.6,0.0
2026-01-07 01:00:00+05:30,3637.6,9.9,74.0,6.8,0.0
2026-01-07 02:00:00+05:30,3509.5,8.9,74.0,10.8,0.0
2026-01-07 03:00:00+05:30,3560.4,8.1,71.0,8.9,0.0
2026-01-07 04:00:00+05:30,3476.3,7.5,73.0,1.9,0.0
2026-01-07 05:00:00+05:30,3646.8,8.0,71.0,1.6,0.0
2026-01-07 06:00:00+05:30,3832.2,8.6,81.0,8.2,3.8
2026-01-07 07:00:00+05:30,4072.1,9.2,69.0,4.1,35.7
2026-01-07 08:00:00+05:30,4192.2,9.6,77.0,3.6,49.3
2026-01-07 09:00:00+05:30,4227.8,11.6,77.0,5.4,57.3
2026-01-07 10:00:00+05:30,4337.3,13.0,74.0,8.9,46.4
2026-01-07 11:00:00+05:30,4264.0,14.7,70.0,11.5,72.0
2026-01-07 12:00:00+05:30,4311.3,16.2,72.0,9.7,90.9
2026-01-07 13:00:00+05:30,4256.9,17.3,69.0,11.4,190.9
2026-01-07 14:00:00+05:30,4365.3,17.5,70.0,7.9,190.2
2026-01-07 15:00:00+05:30,4509.0,18.1,66.0,12.8,133.7
2026-01-07 16:00:00+05:30,4606.8,18.3,70.0,12.8,36.7
2026-01-07 17:00:00+05:30,4409.8,17.8,68.0,14.0,40.4
2026-01-07 18:00:00+05:30,4349.5,17.2,65.0,9.8,7.8
2026-01-07 19:00:00+05:30,4295.7,16.5,71.0,7.6,0.0
2026-01-07 20:00:00+05:30,4384.8,15.3,70.0,14.2,0.0
2026-01-07 21:00:00+05:30,4218.7,13.8,72.0,10.7,0.0
2026-01-07 22:00:00+05:30,3904.7,13.0,70.0,10.0,0.0
2026-01-07 23:00:00+05:30,3683.8,12.1,70.0,4.3,0.0
2026-01-08 00:00:00+05:30,3634.3,11.0,74.0,5.4,0.0
2026-01-08 01:00:00+05:30,3414.8,10.1,71.0,4.4,0.0
2026-01-08 02:00:00+05:30,3245.5,8.9,76.0,2.1,0.0
2026-01-08 03:00:00+05:30,3296.3,8.2,80.0,4.2,0.0
2026-01-08 04:00:00+05:30,3240.2,8.5,77.0,5.0,0.0
2026-01-08 05:00:00+05:30,3361.4,8.3,76.0,6.3,0.0
2026-01-08 06:00:00+05:30,3546.0,9.7,77.0,6.4,2.7
2026-01-08 07:00:00+05:30,3749.6,10.0,73.0,5.4,21.9
2026-01-08 08:00:00+05:30,3873.8,10.7,74.0,6.5,38.9
2026-01-08 09:00:00+05:30,4017.2,11.4,72.0,8.4,48.5
2026-01-08 10:00:00+05:30,4070.0,12.5,71.0,12.3,81.0
2026-01-08 11:00:00+05:30,4028.0,14.2,67.0,13.6,201.8
2026-01-08 12:00:00+05:30,4088.1,14.8,73.0,7.1,66.9
2026-01-08 13:00:00+05:30,4136.2,16.4,71.0,8.8,90.1
2026-01-08 14:00:00+05:30,4178.5,17.6,67.0,13.9,169.6
2026-01-08 15:00:00+05:30,4242.0,18.5,68.0,9.3,125.8
2026-01-08 16:00:00+05:30,4204.6,19.1,63.0,13.6,88.5
2026-01-08 17:00:00+05:30,4090.8,19.3,68.0,13.8,38.2
2026-01-08 18:00:00+05:30,3988.9,18.4,65.0,11.3,7.4
2026-01-08 19:00:00+05:30,3995.3,17.9,63.0,10.4,0.0
2026-01-08 20:00:00+05:30,4109.8,16.6,64.0,7.5,0.0
2026-01-08 21:00:00+05:30,4071.1,15.7,72.0,8.7,0.0
2026-01-08 22:00:00+05:30,3946.7,13.9,74.0,7.5,0.0
2026-01-08 23:00:00+05:30,3685.1,12.2,70.0,11.2,0.0
2026-01-09 00:00:00+05:30,3605.2,11.3,73.0,3.8,0.0
2026-01-09 01:00:00+05:30,3478.3,10.4,77.0,9.1,0.0
2026-01-09 02:00:00+05:30,3393.3,9.1,72.0,10.0,0.0
2026-01-09 03:00:00+05:30,3251.6,9.0,75.0,0.0,0.0
2026-01-09 04:00:00+05:30,3286.3,9.4,73.0,5.8,0.0
2026-01-09 05:00:00+05:30,3352.2,10.0,75.0,0.0,0.0
2026-01-09 06:00:00+05:30,3550.2,10.3,76.0,7.4,5.1
2026-01-09 07:00:00+05:30,3718.9,11.1,73.0,8.2,26.1
2026-01-09 08:00:00+05:30,3956.2,12.4,64.0,7.4,99.2
2026-01-09 09:00:00+05:30,4177.3,13.5,72.0,7.1,37.4
2026-01-09 10:00:00+05:30,4226.6,14.5,70.0,12.7,40.7
2026-01-09 11:00:00+05:30,4236.1,16.1,71.0,10.2,81.3
2026-01-09 12:00:00+05:30,4230.6,17.2,70.0,11.8,160.2
2026-01-09 13:00:00+05:30,4317.1,18.5,72.0,9.4,25.3
2026-01-09 14:00:00+05:30,4286.9,19.3,69.0,10.3,188.7
2026-01-09 15:00:00+05:30,4276.6,19.7,64.0,14.3,132.9
2026-01-09 16:00:00+05:30,4274.1,19.7,66.0,12.1,78.4
2026-01-09 17:00:00+05:30,4146.7,19.3,62.0,14.8,40.4
2026-01-09 18:00:00+05:30,3934.6,18.9,63.0,11.7,7.9
2026-01-09 19:00:00+05:30,4025.8,18.4,68.0,11.1,0.0
2026-01-09 20:00:00+05:30,4052.4,17.4,64.0,7.8,0.0
2026-01-09 21:00:00+05:30,3954.9,16.2,65.0,12.0,0.0
2026-01-09 22:00:00+05:30,3875.0,14.1,79.0,9.8,0.0
2026-01-09 23:00:00+05:30,3774.5,13.5,75.0,10.2,0.0
2026-01-10 00:00:00+05:30,3482.4,12.1,74.0,8.0,0.0
2026-01-10 01:00:00+05:30,3364.3,10.8,78.0,4.4,0.0
2026-01-10 02:00:00+05:30,3182.7,10.5,67.0,4.3,0.0
2026-01-10 03:00:00+05:30,3188.2,9.6,74.0,0.4,0.0
2026-01-10 04:00:00+05:30,3034.3,9.5,79.0,5.6,0.0
2026-01-10 05:00:00+05:30,3043.7,10.4,66.0,6.4,0.0
2026-01-10 06:00:00+05:30,3180.1,11.1,67.0,1.3,11.1
2026-01-10 07:00:00+05:30,3380.5,12.1,71.0,6.2,17.4
2026-01-10 08:00:00+05:30,3609.6,13.1,66.0,8.1,94.3
2026-01-10 09:00:00+05:30,3678.4,14.0,69.0,6.3,153.9
2026-01-10 10:00:00+05:30,3801.9,14.7,70.0,10.5,173.6
2026-01-10 11:00:00+05:30,3775.0,16.3,77.0,16.1,102.8
2026-01-10 12:00:00+05:30,3718.8,17.6,69.0,8.5,179.0
2026-01-10 13:00:00+05:30,3769.9,18.7,69.0,10.1,150.8
2026-01-10 14:00:00+05:30,3769.8,19.8,65.0,8.1,158.4
2026-01-10 15:00:00+05:30,3703.2,20.1,64.0,13.8,133.5
2026-01-10 16:00:00+05:30,3663.1,20.1,70.0,12.3,37.3
2026-01-10 17:00:00+05:30,3592.0,19.6,65.0,9.4,40.8
2026-01-10 18:00:00+05:30,3553.7,18.8,66.0,8.1,9.6
2026-01-10 19:00:00+05:30,3679.6,18.4,67.0,12.8,0.0
2026-01-10 20:00:00+05:30,3760.5,17.3,65.0,12.8,0.0
2026-01-10 21:00:00+05:30,3716.4,15.5,67.0,10.7,0.0
2026-01-10 22:00:00+05:30,3651.0,14.2,71.0,12.2,0.0
2026-01-10 23:00:00+05:30,3630.2,12.8,76.0,12.7,0.0
2026-01-11 00:00:00+05:30,3495.7,11.7,69.0,4.6,0.0
2026-01-11 01:00:00+05:30,3346.4,11.2,76.0,3.9,0.0
2026-01-11 02:00:00+05:30,3144.6,10.3,75.0,3.3,0.0
2026-01-11 03:00:00+05:30,3165.8,9.7,72.0,3.1,0.0
2026-01-11 04:00:00+05:30,3171.5,9.6,74.0,5.7,0.0
2026-01-11 05:00:00+05:30,3150.3,10.2,73.0,4.3,0.0
2026-01-11 06:00:00+05:30,3281.1,11.0,73.0,5.0,4.4
2026-01-11 07:00:00+05:30,3555.9,10.8,71.0,2.5,27.4
2026-01-11 08:00:00+05:30,3753.3,12.0,70.0,5.8,52.2
2026-01-11 09:00:00+05:30,3869.8,13.6,72.0,4.7,57.4
2026-01-11 10:00:00+05:30,3932.9,15.2,70.0,6.4,191.7
2026-01-11 11:00:00+05:30,3920.1,16.3,62.0,8.1,166.5
2026-01-11 12:00:00+05:30,3914.6,17.8,68.0,8.2,206.5
2026-01-11 13:00:00+05:30,4050.1,18.6,70.0,12.7,158.8
2026-01-11 14:00:00+05:30,4100.4,19.6,65.0,9.9,192.7
2026-01-11 15:00:00+05:30,4005.4,19.8,64.0,12.3,152.8
2026-01-11 16:00:00+05:30,4110.1,19.9,66.0,14.3,100.4
2026-01-11 17:00:00+05:30,4064.1,20.2,62.0,9.9,41.9
2026-01-11 18:00:00+05:30,3886.3,19.6,66.0,12.6,6.5
2026-01-11 19:00:00+05:30,3933.5,19.0,68.0,11.7,0.0
2026-01-11 20:00:00+05:30,4103.0,17.9,64.0,8.8,0.0
2026-01-11 21:00:00+05:30,3883.2,16.5,69.0,9.2,0.0
2026-01-11 22:00:00+05:30,3724.2,15.4,66.0,11.4,0.0
2026-01-11 23:00:00+05:30,3636.0,13.7,68.0,5.2,0.0
2026-01-12 00:00:00+05:30,3650.8,12.3,69.0,7.3,0.0
2026-01-12 01:00:00+05:30,3585.7,11.2,67.0,4.8,0.0
2026-01-12 02:00:00+05:30,3500.3,10.3,77.0,8.1,0.0
2026-01-12 03:00:00+05:30,3372.4,9.6,75.0,3.2,0.0
2026-01-12 04:00:00+05:30,3354.7,8.8,74.0,3.7,0.0
2026-01-12 05:00:00+05:30,3358.4,9.5,78.0,0.6,0.0
2026-01-12 06:00:00+05:30,3463.4,10.3,73.0,9.0,3.4
2026-01-12 07:00:00+05:30,3613.6,11.2,73.0,3.5,23.2
2026-01-12 08:00:00+05:30,3729.2,12.4,69.0,9.0,103.0
2026-01-12 09:00:00+05:30,3937.7,13.8,67.0,11.6,138.1
2026-01-12 10:00:00+05:30,4173.1,14.7,69.0,6.6,154.5
2026-01-12 11:00:00+05:30,4173.8,16.2,67.0,7.2,154.3
2026-01-12 12:00:00+05:30,4112.5,17.7,66.0,14.3,190.3
2026-01-12 13:00:00+05:30,4042.1,19.2,62.0,10.5,220.0
2026-01-12 14:00:00+05:30,4057.6,19.9,64.0,11.5,152.1
2026-01-12 15:00:00+05:30,4011.5,20.4,67.0,10.4,153.6
2026-01-12 16:00:00+05:30,3957.2,20.9,62.0,10.6,98.7
2026-01-12 17:00:00+05:30,3952.5,20.5,65.0,12.7,35.2
2026-01-12 18:00:00+05:30,3855.2,20.3,65.0,7.1,8.2
2026-01-12 19:00:00+05:30,3701.2,19.8,67.0,11.3,0.0
2026-01-12 20:00:00+05:30,3916.3,18.5,68.0,10.7,0.0
2026-01-12 21:00:00+05:30,3912.0,17.5,64.0,11.2,0.0
2026-01-12 22:00:00+05:30,3939.8,15.8,69.0,7.6,0.0
2026-01-12 23:00:00+05:30,3776.3,14.4,63.0,9.6,0.0
2026-01-13 00:00:00+05:30,3664.0,13.1,70.0,7.0,0.0
2026-01-13 01:00:00+05:30,3562.7,12.1,75.0,6.0,0.0
2026-01-13 02:00:00+05:30,3419.4,11.0,68.0,4.9,0.0
2026-01-13 03:00:00+05:30,3468.1,10.0,72.0,4.2,0.0
2026-01-13 04:00:00+05:30,3471.1,9.8,74.0,4.7,0.0
2026-01-13 05:00:00+05:30,3409.5,10.0,74.0,1.7,0.0
2026-01-13 06:00:00+05:30,3458.8,10.0,72.0,5.5,3.5
2026-01-13 07:00:00+05:30,3642.1,10.7,72.0,7.2,26.0
2026-01-13 08:00:00+05:30,3781.1,12.1,74.0,6.7,33.8
2026-01-13 09:00:00+05:30,3835.8,13.6,70.0,8.1,64.8
2026-01-13 10:00:00+05:30,3838.6,15.4,68.0,7.7,175.0
2026-01-13 11:00:00+05:30,3912.5,16.6,62.0,10.4,198.0
2026-01-13 12:00:00+05:30,3922.1,17.8,67.0,6.5,172.0
2026-01-13 13:00:00+05:30,4003.8,18.8,68.0,9.0,171.5
2026-01-13 14:00:00+05:30,4105.0,19.8,64.0,13.8,172.3
2026-01-13 15:00:00+05:30,4216.2,20.3,61.0,12.3,104.9
2026-01-13 16:00:00+05:30,4164.9,20.9,61.0,9.3,97.0
2026-01-13 17:00:00+05:30,4037.8,20.4,64.0,11.2,36.6
2026-01-13 18:00:00+05:30,3863.2,20.0,64.0,11.1,8.1
2026-01-13 19:00:00+05:30,3869.1,19.0,65.0,12.9,0.0
2026-01-13 20:00:00+05:30,4046.6,17.7,68.0,5.5,0.0
2026-01-13 21:00:00+05:30,4013.0,15.8,69.0,8.1,0.0
2026-01-13 22:00:00+05:30,3777.7,14.4,67.0,10.2,0.0
2026-01-13 23:00:00+05:30,3717.3,12.7,72.0,12.9,0.0
2026-01-14 00:00:00+05:30,3607.2,11.7,74.0,4.3,0.0
2026-01-14 01:00:00+05:30,3548.2,11.0,74.0,1.5,0.0
2026-01-14 02:00:00+05:30,3330.4,10.3,71.0,8.0,0.0
2026-01-14 03:00:00+05:30,3247.6,9.7,73.0,0.5,0.0
2026-01-14 04:00:00+05:30,3207.6,8.9,75.0,2.3,0.0
2026-01-14 05:00:00+05:30,3273.0,9.8,72.0,4.5,0.0
2026-01-14 06:00:00+05:30,3346.8,10.1,74.0,5.2,6.5
2026-01-14 07:00:00+05:30,3522.1,11.9,71.0,7.0,18.1
2026-01-14 08:00:00+05:30,3697.0,13.2,66.0,8.5,87.7
2026-01-14 09:00:00+05:30,3788.0,14.1,74.0,7.6,48.7
2026-01-14 10:00:00+05:30,3879.1,15.7,64.0,10.5,166.0
2026-01-14 11:00:00+05:30,3902.7,16.2,69.0,7.3,207.5
2026-01-14 12:00:00+05:30,3927.5,17.3,69.0,12.6,167.7
2026-01-14 13:00:00+05:30,3827.6,19.3,65.0,10.9,185.1
2026-01-14 14:00:00+05:30,3819.4,20.1,63.0,10.2,180.1
2026-01-14 15:00:00+05:30,3830.0,20.3,69.0,12.3,155.0
2026-01-14 16:00:00+05:30,3883.3,20.3,61.0,12.4,61.6
2026-01-14 17:00:00+05:30,3765.6,20.2,65.0,9.6,43.6
2026-01-14 18:00:00+05:30,3852.8,19.2,68.0,7.5,9.3
2026-01-14 19:00:00+05:30,3992.5,18.2,67.0,9.3,0.0
2026-01-14 20:00:00+05:30,4057.4,17.5,63.0,11.0,0.0
2026-01-14 21:00:00+05:30,3974.1,16.3,70.0,6.9,0.0
2026-01-14 22:00:00+05:30,3895.9,14.8,70.0,9.7,0.0
2026-01-14 23:00:00+05:30,3675.4,13.4,71.0,8.3,0.0
2026-01-15 00:00:00+05:30,3529.8,11.7,74.0,5.9,0.0
2026-01-15 01:00:00+05:30,3491.4,10.3,78.0,9.4,0.0
2026-01-15 02:00:00+05:30,3366.5,10.2,71.0,5.7,0.0
2026-01-15 03:00:00+05:30,3196.6,9.8,77.0,3.0,0.0
2026-01-15 04:00:00+05:30,3158.5,9.7,74.0,5.1,0.0
2026-01-15 05:00:00+05:30,3242.3,10.0,73.0,0.0,0.0
2026-01-15 06:00:00+05:30,3266.9,10.2,73.0,7.2,2.4
2026-01-15 07:00:00+05:30,3374.2,11.2,75.0,2.0,17.8
2026-01-15 08:00:00+05:30,3540.9,12.4,72.0,0.0,33.0
2026-01-15 09:00:00+05:30,3753.8,13.4,67.0,8.3,123.5
2026-01-15 10:00:00+05:30,3776.4,15.7,65.0,13.4,147.8
2026-01-15 11:00:00+05:30,3770.0,17.3,61.0,12.6,150.0
2026-01-15 12:00:00+05:30,3733.7,19.4,61.0,9.2,190.1
2026-01-15 13:00:00+05:30,3821.0,20.9,60.0,14.6,171.8
2026-01-15 14:00:00+05:30,3869.1,21.2,64.0,11.5,178.7
2026-01-15 15:00:00+05:30,3889.2,21.4,59.0,9.2,104.4
2026-01-15 16:00:00+05:30,3879.0,22.2,57.0,11.1,86.0
2026-01-15 17:00:00+05:30,3829.0,21.6,57.0,12.7,44.4
2026-01-15 18:00:00+05:30,3657.1,21.3,61.0,15.8,9.3
2026-01-15 19:00:00+05:30,3655.6,20.0,59.0,13.0,0.0
2026-01-15 20:00:00+05:30,3930.0,18.2,61.0,7.2,0.0
2026-01-15 21:00:00+05:30,3789.8,16.8,62.0,11.6,0.0
2026-01-15 22:00:00+05:30,3570.0,15.4,70.0,6.3,0.0
2026-01-15 23:00:00+05:30,3560.0,14.0,70.0,9.9,0.0
2026-01-16 00:00:00+05:30,3538.1,13.3,74.0,1.9,0.0
2026-01-16 01:00:00+05:30,3327.2,11.9,74.0,6.8,0.0
2026-01-16 02:00:00+05:30,3274.2,11.6,69.0,3.9,0.0
2026-01-16 03:00:00+05:30,3177.4,11.2,76.0,8.3,0.0
2026-01-16 04:00:00+05:30,3153.9,11.4,73.0,4.9,0.0
2026-01-16 05:00:00+05:30,3257.1,11.5,71.0,5.4,0.0
2026-01-16 06:00:00+05:30,3299.0,12.4,65.0,7.0,10.0
2026-01-16 07:00:00+05:30,3573.6,13.1,76.0,9.8,12.0
2026-01-16 08:00:00+05:30,3797.6,13.7,67.0,9.9,102.1
2026-01-16 09:00:00+05:30,3833.0,14.8,69.0,7.0,141.8
2026-01-16 10:00:00+05:30,3987.0,16.0,66.0,0.2,157.4
2026-01-16 11:00:00+05:30,3988.6,16.3,72.0,7.4,61.4
2026-01-16 12:00:00+05:30,3965.4,17.2,69.0,10.2,225.0
2026-01-16 13:00:00+05:30,3998.9,18.4,64.0,9.3,166.9
2026-01-16 14:00:00+05:30,4067.2,19.3,69.0,15.4,158.0
2026-01-16 15:00:00+05:30,4036.1,20.1,59.0,12.9,131.2
2026-01-16 16:00:00+05:30,3937.6,20.1,60.0,11.4,104.7
2026-01-16 17:00:00+05:30,3956.0,19.9,67.0,13.1,46.1
2026-01-16 18:00:00+05:30,3967.1,19.2,67.0,9.8,8.9
2026-01-16 19:00:00+05:30,4021.6,18.7,68.0,10.2,0.0
2026-01-16 20:00:00+05:30,4063.0,17.6,66.0,12.9,0.0
2026-01-16 21:00:00+05:30,3970.9,16.3,67.0,11.0,0.0
2026-01-16 22:00:00+05:30,3837.2,14.8,64.0,13.3,0.0
2026-01-16 23:00:00+05:30,3659.6,13.0,69.0,4.8,0.0
2026-01-17 00:00:00+05:30,3359.0,12.2,67.0,4.3,0.0
2026-01-17 01:00:00+05:30,3327.0,11.1,78.0,7.9,0.0
2026-01-17 02:00:00+05:30,3320.9,10.2,72.0,3.4,0.0
2026-01-17 03:00:00+05:30,3311.1,9.3,74.0,4.6,0.0
2026-01-17 04:00:00+05:30,3178.1,8.6,71.0,7.0,0.0
2026-01-17 05:00:00+05:30,3161.3,9.2,75.0,4.1,0.0
2026-01-17 06:00:00+05:30,3365.5,9.5,75.0,6.4,6.1
2026-01-17 07:00:00+05:30,3592.1,10.4,74.0,1.9,19.1
2026-01-17 08:00:00+05:30,3762.8,11.6,71.0,4.8,29.6
2026-01-17 09:00:00+05:30,3754.8,12.5,66.0,9.1,162.5
2026-01-17 10:00:00+05:30,3833.4,14.0,69.0,6.3,163.5
2026-01-17 11:00:00+05:30,3818.0,15.6,71.0,7.4,89.1
2026-01-17 12:00:00+05:30,3822.6,17.7,71.0,16.2,103.0
2026-01-17 13:00:00+05:30,3814.9,18.9,62.0,13.0,182.8
2026-01-17 14:00:00+05:30,3814.7,19.5,62.0,14.0,183.2
2026-01-17 15:00:00+05:30,3841.4,19.8,64.0,12.7,121.4
2026-01-17 16:00:00+05:30,3800.4,20.1,63.0,14.0,79.2
2026-01-17 17:00:00+05:30,3652.6,19.9,62.0,14.7,42.4
2026-01-17 18:00:00+05:30,3646.4,18.6,70.0,8.0,8.4
2026-01-17 19:00:00+05:30,3759.8,17.9,64.0,12.5,0.0
2026-01-17 20:00:00+05:30,3872.7,17.4,69.0,10.0,0.0
2026-01-17 21:00:00+05:30,3808.7,16.3,63.0,8.2,0.0
2026-01-17 22:00:00+05:30,3658.3,15.6,69.0,7.1,0.0
2026-01-17 23:00:00+05:30,3511.7,14.4,67.0,13.5,0.0
2026-01-18 00:00:00+05:30,3431.4,13.6,68.0,8.1,0.0
2026-01-18 01:00:00+05:30,3355.1,11.6,70.0,8.3,0.0
2026-01-18 02:00:00+05:30,3282.5,10.1,70.0,3.5,0.0
2026-01-18 03:00:00+05:30,3155.8,9.8,69.0,0.0,0.0
2026-01-18 04:00:00+05:30,3132.0,9.9,68.0,3.8,0.0
2026-01-18 05:00:00+05:30,3264.5,9.7,72.0,2.7,0.0
2026-01-18 06:00:00+05:30,3380.2,10.1,73.0,1.8,1.4
2026-01-18 07:00:00+05:30,3578.3,11.0,74.0,5.3,17.3
2026-01-18 08:00:00+05:30,3764.8,11.7,70.0,6.5,45.2
2026-01-18 09:00:00+05:30,3832.4,12.6,74.0,6.6,82.2
2026-01-18 10:00:00+05:30,3965.9,13.7,69.0,2.6,176.6
2026-01-18 11:00:00+05:30,4025.2,15.0,68.0,8.7,175.0
2026-01-18 12:00:00+05:30,3964.6,16.7,66.0,3.5,225.0
2026-01-18 13:00:00+05:30,3931.1,18.6,66.0,10.5,216.5
2026-01-18 14:00:00+05:30,3880.9,19.8,62.0,15.9,177.5
2026-01-18 15:00:00+05:30,3915.3,20.2,60.0,9.5,140.2
2026-01-18 16:00:00+05:30,4007.2,20.4,63.0,10.2,92.5
2026-01-18 17:00:00+05:30,3902.7,19.8,68.0,14.8,42.7
2026-01-18 18:00:00+05:30,3813.0,19.4,66.0,10.9,7.1
2026-01-18 19:00:00+05:30,3871.1,17.8,65.0,10.6,0.0
2026-01-18 20:00:00+05:30,4101.9,16.7,64.0,9.4,0.0
2026-01-18 21:00:00+05:30,3966.0,14.9,73.0,12.9,0.0
2026-01-18 22:00:00+05:30,3848.3,13.4,70.0,7.6,0.0
2026-01-18 23:00:00+05:30,3704.6,11.7,75.0,6.6,0.0
2026-01-19 00:00:00+05:30,3799.1,10.8,68.0,8.5,0.0
2026-01-19 01:00:00+05:30,3675.0,10.1,71.0,0.0,0.0
2026-01-19 02:00:00+05:30,3564.6,9.6,79.0,6.2,0.0
2026-01-19 03:00:00+05:30,3539.4,8.8,73.0,0.0,0.0
2026-01-19 04:00:00+05:30,3513.9,8.2,72.0,3.3,0.0
2026-01-19 05:00:00+05:30,3574.2,8.4,70.0,4.1,0.0
2026-01-19 06:00:00+05:30,3766.9,8.6,76.0,5.8,3.8
2026-01-19 07:00:00+05:30,3912.3,9.4,73.0,0.8,14.2
2026-01-19 08:00:00+05:30,3934.7,10.4,70.0,4.6,109.5
2026-01-19 09:00:00+05:30,4070.3,11.5,71.0,12.1,32.1
2026-01-19 10:00:00+05:30,4152.0,12.7,70.0,3.1,67.8
2026-01-19 11:00:00+05:30,4233.6,14.3,70.0,11.7,47.8
2026-01-19 12:00:00+05:30,4309.4,15.6,71.0,11.4,98.4
2026-01-19 13:00:00+05:30,4423.9,16.7,62.0,12.2,192.9
2026-01-19 14:00:00+05:30,4518.0,18.4,68.0,9.3,148.8
2026-01-19 15:00:00+05:30,4485.5,18.8,60.0,13.6,122.5
2026-01-19 16:00:00+05:30,4448.9,18.7,69.0,10.8,75.5
2026-01-19 17:00:00+05:30,4192.6,18.4,63.0,11.9,44.1
2026-01-19 18:00:00+05:30,4140.3,17.6,66.0,7.5,10.0
2026-01-19 19:00:00+05:30,4129.9,16.6,68.0,10.3,0.0
2026-01-19 20:00:00+05:30,4320.7,16.0,65.0,9.1,0.0
2026-01-19 21:00:00+05:30,4198.4,15.2,72.0,8.0,0.0
2026-01-19 22:00:00+05:30,4161.1,13.8,69.0,10.8,0.0
2026-01-19 23:00:00+05:30,3907.1,11.7,72.0,11.2,0.0
2026-01-20 00:00:00+05:30,3840.2,10.1,74.0,6.4,0.0
2026-01-20 01:00:00+05:30,3555.8,9.2,75.0,6.7,0.0
2026-01-20 02:00:00+05:30,3448.8,8.8,69.0,4.7,0.0
2026-01-20 03:00:00+05:30,3318.1,8.6,75.0,3.5,0.0
2026-01-20 04:00:00+05:30,3393.7,8.1,76.0,3.5,0.0
2026-01-20 05:00:00+05:30,3521.9,8.9,74.0,8.3,0.0
2026-01-20 06:00:00+05:30,3632.7,9.8,72.0,5.5,3.4
2026-01-20 07:00:00+05:30,3849.5,10.4,63.0,3.4,55.0
2026-01-20 08:00:00+05:30,4037.6,11.9,68.0,5.7,100.5
2026-01-20 09:00:00+05:30,4217.5,13.3,71.0,8.3,73.6
2026-01-20 10:00:00+05:30,4338.9,14.5,66.0,3.4,186.9
2026-01-20 11:00:00+05:30,4227.8,17.3,65.0,12.3,170.8
2026-01-20 12:00:00+05:30,4200.3,18.4,65.0,14.8,202.6
2026-01-20 13:00:00+05:30,4292.7,19.4,63.0,11.7,198.5
2026-01-20 14:00:00+05:30,4419.1,18.9,63.0,9.9,166.4
2026-01-20 15:00:00+05:30,4403.0,19.6,66.0,14.8,110.2
2026-01-20 16:00:00+05:30,4371.2,19.8,65.0,12.9,92.4
2026-01-20 17:00:00+05:30,4141.5,19.9,63.0,14.5,39.7
2026-01-20 18:00:00+05:30,3972.7,19.3,68.0,14.5,7.9
2026-01-20 19:00:00+05:30,4018.8,18.2,68.0,9.6,0.0
2026-01-20 20:00:00+05:30,4188.5,17.7,69.0,11.8,0.0
2026-01-20 21:00:00+05:30,4117.6,15.7,68.0,11.8,0.0
2026-01-20 22:00:00+05:30,3824.2,14.1,67.0,12.9,0.0
2026-01-20 23:00:00+05:30,3740.5,12.6,76.0,6.4,0.0
2026-01-21 00:00:00+05:30,3495.7,11.9,73.0,6.7,0.0
2026-01-21 01:00:00+05:30,3572.5,10.4,72.0,8.4,0.0
2026-01-21 02:00:00+05:30,3565.2,9.1,73.0,2.1,0.0
2026-01-21 03:00:00+05:30,3521.6,7.8,74.0,4.8,0.0
2026-01-21 04:00:00+05:30,3503.8,6.9,81.0,2.9,0.0
2026-01-21 05:00:00+05:30,3581.8,7.8,75.0,3.4,0.0
2026-01-21 06:00:00+05:30,3610.0,8.1,73.0,6.4,3.5
2026-01-21 07:00:00+05:30,3724.3,8.7,73.0,11.5,17.3
2026-01-21 08:00:00+05:30,3988.1,10.0,69.0,7.2,87.4
2026-01-21 09:00:00+05:30,4113.7,11.7,72.0,6.9,60.1
2026-01-21 10:00:00+05:30,4300.2,12.9,72.0,8.2,31.2
2026-01-21 11:00:00+05:30,4248.3,14.6,66.0,5.7,144.3
2026-01-21 12:00:00+05:30,4334.4,15.9,73.0,11.4,74.7
2026-01-21 13:00:00+05:30,4284.9,16.7,65.0,12.3,148.9
2026-01-21 14:00:00+05:30,4260.8,17.2,67.0,8.3,141.3
2026-01-21 15:00:00+05:30,4246.2,18.3,63.0,8.4,127.5
2026-01-21 16:00:00+05:30,4263.7,18.8,64.0,9.0,88.5
2026-01-21 17:00:00+05:30,4263.2,18.3,62.0,12.5,38.2
2026-01-21 18:00:00+05:30,4025.8,17.6,64.0,13.0,7.5
2026-01-21 19:00:00+05:30,3970.7,16.5,63.0,12.5,0.0
2026-01-21 20:00:00+05:30,4050.6,15.8,69.0,11.2,0.0
2026-01-21 21:00:00+05:30,3928.3,14.8,68.0,6.3,0.0
2026-01-21 22:00:00+05:30,3811.0,13.5,71.0,9.9,0.0
2026-01-21 23:00:00+05:30,3792.8,12.1,72.0,8.6,0.0
2026-01-22 00:00:00+05:30,3798.9,10.5,70.0,9.7,0.0
2026-01-22 01:00:00+05:30,3581.6,9.5,73.0,2.2,0.0
2026-01-22 02:00:00+05:30,3547.4,9.0,76.0,3.9,0.0
2026-01-22 03:00:00+05:30,3407.5,8.4,67.0,5.7,0.0
2026-01-22 04:00:00+05:30,3178.2,8.5,72.0,0.0,0.0
2026-01-22 05:00:00+05:30,3315.6,8.1,76.0,3.8,0.0
2026-01-22 06:00:00+05:30,3539.0,8.4,75.0,3.7,4.7
2026-01-22 07:00:00+05:30,3822.7,9.3,68.0,6.0,54.1
2026-01-22 08:00:00+05:30,4081.5,10.5,71.0,3.0,32.9
2026-01-22 09:00:00+05:30,4074.2,12.0,73.0,7.0,54.4
2026-01-22 10:00:00+05:30,4093.3,13.6,65.0,6.4,185.4
2026-01-22 11:00:00+05:30,3956.1,15.6,66.0,3.8,172.4
2026-01-22 12:00:00+05:30,3960.4,16.9,66.0,4.3,205.1
2026-01-22 13:00:00+05:30,3958.2,18.3,63.0,11.0,220.0
2026-01-22 14:00:00+05:30,4103.0,19.0,64.0,14.4,142.7
2026-01-22 15:00:00+05:30,4114.0,19.5,64.0,13.9,150.5
2026-01-22 16:00:00+05:30,4192.4,19.3,70.0,15.6,90.4
2026-01-22 17:00:00+05:30,4113.1,19.1,70.0,8.0,18.0
2026-01-22 18:00:00+05:30,4045.5,18.4,67.0,10.0,8.9
2026-01-22 19:00:00+05:30,4063.7,17.5,68.0,11.8,0.0
2026-01-22 20:00:00+05:30,4274.8,16.4,67.0,10.7,0.0
2026-01-22 21:00:00+05:30,4258.1,15.0,71.0,9.9,0.0
2026-01-22 22:00:00+05:30,4148.4,12.9,72.0,7.6,0.0
2026-01-22 23:00:00+05:30,3965.5,11.5,75.0,2.4,0.0
2026-01-23 00:00:00+05:30,3771.7,10.5,76.0,5.6,0.0
2026-01-23 01:00:00+05:30,3650.6,9.4,73.0,5.1,0.0
2026-01-23 02:00:00+05:30,3512.8,8.3,70.0,9.1,0.0
2026-01-23 03:00:00+05:30,3485.8,7.7,80.0,0.2,0.0
2026-01-23 04:00:00+05:30,3448.6,7.2,80.0,2.6,0.0
2026-01-23 05:00:00+05:30,3596.1,7.4,72.0,5.1,0.0
2026-01-23 06:00:00+05:30,3703.4,8.4,75.0,7.2,1.5
2026-01-23 07:00:00+05:30,3829.8,9.4,74.0,3.7,14.7
2026-01-23 08:00:00+05:30,3966.4,10.1,70.0,7.0,94.2
2026-01-23 09:00:00+05:30,4111.6,11.4,72.0,8.6,85.1
2026-01-23 10:00:00+05:30,4190.4,12.8,68.0,9.5,172.7
2026-01-23 11:00:00+05:30,4084.1,14.5,68.0,4.5,188.6
2026-01-23 12:00:00+05:30,4076.9,16.5,70.0,8.3,217.9
2026-01-23 13:00:00+05:30,4003.7,17.6,67.0,12.1,191.2
2026-01-23 14:00:00+05:30,4038.6,18.7,64.0,11.4,156.1
2026-01-23 15:00:00+05:30,4202.4,18.7,66.0,12.5,130.5
2026-01-23 16:00:00+05:30,4125.2,19.5,65.0,13.1,92.1
2026-01-23 17:00:00+05:30,4002.0,19.4,60.0,12.5,48.0
2026-01-23 18:00:00+05:30,3906.1,18.6,67.0,10.9,8.6
2026-01-23 19:00:00+05:30,4031.0,17.2,68.0,7.6,0.0
2026-01-23 20:00:00+05:30,4163.0,16.3,66.0,8.6,0.0
2026-01-23 21:00:00+05:30,4178.1,14.5,73.0,10.3,0.0
2026-01-23 22:00:00+05:30,4008.0,13.5,71.0,6.3,0.0
2026-01-23 23:00:00+05:30,3764.8,12.3,73.0,6.3,0.0
2026-01-24 00:00:00+05:30,3445.6,10.9,76.0,9.9,0.0
2026-01-24 01:00:00+05:30,3282.1,9.7,73.0,0.0,0.0
2026-01-24 02:00:00+05:30,3172.8,9.1,76.0,2.5,0.0
2026-01-24 03:00:00+05:30,3157.8,8.9,71.0,3.5,0.0
2026-01-24 04:00:00+05:30,3138.3,8.7,70.0,3.0,0.0
2026-01-24 05:00:00+05:30,3297.0,8.9,74.0,4.3,0.0
2026-01-24 06:00:00+05:30,3467.5,9.4,73.0,6.3,5.9
2026-01-24 07:00:00+05:30,3555.0,10.1,71.0,2.2,18.4
2026-01-24 08:00:00+05:30,3699.7,11.8,74.0,8.8,68.6
2026-01-24 09:00:00+05:30,3747.6,13.3,73.0,8.2,40.5
2026-01-24 10:00:00+05:30,3822.0,14.5,65.0,8.1,200.0
2026-01-24 11:00:00+05:30,3777.7,15.4,63.0,11.1,193.6
2026-01-24 12:00:00+05:30,3792.7,16.9,63.0,8.1,203.9
2026-01-24 13:00:00+05:30,3881.8,17.2,63.0,11.2,151.5
2026-01-24 14:00:00+05:30,3910.1,18.4,64.0,9.0,161.2
2026-01-24 15:00:00+05:30,4012.9,18.7,68.0,15.9,155.0
2026-01-24 16:00:00+05:30,4021.4,18.9,71.0,9.5,37.8
2026-01-24 17:00:00+05:30,3895.5,19.0,66.0,14.9,43.7
2026-01-24 18:00:00+05:30,3747.4,18.6,63.0,12.4,8.4
2026-01-24 19:00:00+05:30,3629.1,17.4,65.0,9.3,0.0
2026-01-24 20:00:00+05:30,3775.9,16.4,66.0,4.8,0.0
2026-01-24 21:00:00+05:30,3689.5,15.5,68.0,12.8,0.0
2026-01-24 22:00:00+05:30,3552.8,14.1,69.0,8.5,0.0
2026-01-24 23:00:00+05:30,3515.3,13.2,70.0,5.6,0.0
2026-01-25 00:00:00+05:30,3460.2,12.8,68.0,7.4,0.0
2026-01-25 01:00:00+05:30,3351.3,11.7,72.0,8.2,0.0
2026-01-25 02:00:00+05:30,3209.0,10.9,70.0,7.0,0.0
2026-01-25 03:00:00+05:30,3155.1,10.3,68.0,2.4,0.0
2026-01-25 04:00:00+05:30,3068.7,11.2,72.0,6.9,0.0
2026-01-25 05:00:00+05:30,3121.0,11.5,72.0,8.9,0.0
2026-01-25 06:00:00+05:30,3396.3,11.8,69.0,5.6,9.2
2026-01-25 07:00:00+05:30,3451.5,13.0,61.0,6.4,39.1
2026-01-25 08:00:00+05:30,3683.7,14.3,62.0,6.5,106.9
2026-01-25 09:00:00+05:30,3756.4,15.1,65.0,8.9,145.6
2026-01-25 10:00:00+05:30,3767.1,17.3,65.0,8.6,179.9
2026-01-25 11:00:00+05:30,3713.3,18.5,63.0,11.4,205.4
2026-01-25 12:00:00+05:30,3773.7,19.3,61.0,9.2,148.7
2026-01-25 13:00:00+05:30,3810.3,20.7,60.0,8.6,168.3
2026-01-25 14:00:00+05:30,3891.1,21.5,61.0,10.2,195.0
2026-01-25 15:00:00+05:30,3848.6,21.8,58.0,15.8,136.8
2026-01-25 16:00:00+05:30,3871.7,22.2,62.0,10.0,102.1
2026-01-25 17:00:00+05:30,3828.2,21.8,63.0,16.3,36.7
2026-01-25 18:00:00+05:30,3794.2,21.6,55.0,13.2,8.7
2026-01-25 19:00:00+05:30,3736.9,21.2,57.0,13.2,0.0
2026-01-25 20:00:00+05:30,3780.2,20.3,61.0,15.1,0.0
2026-01-25 21:00:00+05:30,3674.8,19.2,57.0,7.1,0.0
2026-01-25 22:00:00+05:30,3435.3,17.6,61.0,7.9,0.0
2026-01-25 23:00:00+05:30,3329.2,16.3,66.0,7.2,0.0
2026-01-26 00:00:00+05:30,3101.4,15.1,69.0,3.5,0.0
2026-01-26 01:00:00+05:30,3091.7,14.2,72.0,5.6,0.0
2026-01-26 02:00:00+05:30,2962.1,13.5,68.0,5.3,0.0
2026-01-26 03:00:00+05:30,2895.4,12.8,65.0,7.3,0.0
2026-01-26 04:00:00+05:30,2906.4,12.9,65.0,6.0,0.0
2026-01-26 05:00:00+05:30,2910.1,13.4,66.0,0.6,0.0
2026-01-26 06:00:00+05:30,2981.0,13.8,68.0,6.0,10.8
2026-01-26 07:00:00+05:30,3166.7,14.6,65.0,5.2,55.0
2026-01-26 08:00:00+05:30,3337.4,15.6,65.0,9.8,98.7
2026-01-26 09:00:00+05:30,3518.8,16.7,61.0,10.5,127.6
2026-01-26 10:00:00+05:30,3528.3,18.7,61.0,7.9,200.0
2026-01-26 11:00:00+05:30,3529.6,20.4,61.0,10.6,220.0
2026-01-26 12:00:00+05:30,3507.3,21.9,55.0,7.9,208.6
2026-01-26 13:00:00+05:30,3663.2,22.3,59.0,11.4,173.4
2026-01-26 14:00:00+05:30,3850.6,22.7,58.0,12.7,169.5
2026-01-26 15:00:00+05:30,3862.2,23.2,59.0,16.1,150.5
2026-01-26 16:00:00+05:30,3809.2,23.7,58.0,15.6,78.9
2026-01-26 17:00:00+05:30,3832.0,22.9,63.0,10.6,45.7
2026-01-26 18:00:00+05:30,3655.8,22.4,57.0,7.4,7.4
2026-01-26 19:00:00+05:30,3512.1,20.7,63.0,10.7,0.0
2026-01-26 20:00:00+05:30,3657.1,19.0,61.0,8.7,0.0
2026-01-26 21:00:00+05:30,3521.6,18.0,65.0,8.7,0.0
2026-01-26 22:00:00+05:30,3337.6,16.9,65.0,6.8,0.0
2026-01-26 23:00:00+05:30,3188.3,16.0,66.0,6.8,0.0
2026-01-27 00:00:00+05:30,3485.9,14.1,65.0,1.0,0.0
2026-01-27 01:00:00+05:30,3429.5,13.1,67.0,7.2,0.0
2026-01-27 02:00:00+05:30,3341.1,12.3,70.0,6.4,0.0
2026-01-27 03:00:00+05:30,3266.6,11.6,64.0,2.7,0.0
2026-01-27 04:00:00+05:30,3204.1,11.6,72.0,1.4,0.0
2026-01-27 05:00:00+05:30,3241.7,11.7,76.0,5.1,0.0
2026-01-27 06:00:00+05:30,3336.0,11.9,67.0,1.0,11.6
2026-01-27 07:00:00+05:30,3557.8,12.1,75.0,4.0,22.1
2026-01-27 08:00:00+05:30,3627.7,13.8,68.0,6.9,98.8
2026-01-27 09:00:00+05:30,3853.2,14.9,67.0,7.3,160.4
2026-01-27 10:00:00+05:30,4005.5,16.7,62.0,6.9,157.4
2026-01-27 11:00:00+05:30,3950.7,18.0,60.0,9.2,212.3
2026-01-27 12:00:00+05:30,3978.8,18.7,66.0,8.3,155.5
2026-01-27 13:00:00+05:30,3933.5,19.6,67.0,14.8,190.8
2026-01-27 14:00:00+05:30,4052.3,20.5,59.0,12.1,188.5
2026-01-27 15:00:00+05:30,4089.7,20.8,60.0,13.4,140.3
2026-01-27 16:00:00+05:30,4117.4,21.4,62.0,12.7,97.9
2026-01-27 17:00:00+05:30,4067.2,21.2,57.0,8.2,40.2
2026-01-27 18:00:00+05:30,3903.3,20.7,63.0,11.3,7.5
2026-01-27 19:00:00+05:30,3945.8,19.5,61.0,6.0,0.0
2026-01-27 20:00:00+05:30,4178.3,18.0,60.0,13.0,0.0
2026-01-27 21:00:00+05:30,4101.2,16.7,66.0,10.9,0.0
2026-01-27 22:00:00+05:30,3964.8,15.3,66.0,6.7,0.0
2026-01-27 23:00:00+05:30,3822.5,13.9,67.0,3.9,0.0
2026-01-28 00:00:00+05:30,3728.2,12.8,69.0,6.7,0.0
2026-01-28 01:00:00+05:30,3645.2,11.9,62.0,4.9,0.0
2026-01-28 02:00:00+05:30,3514.0,10.6,68.0,9.3,0.0
2026-01-28 03:00:00+05:30,3423.3,9.8,67.0,6.6,0.0
2026-01-28 04:00:00+05:30,3383.4,9.9,70.0,8.2,0.0
2026-01-28 05:00:00+05:30,3383.3,10.2,71.0,6.1,0.0
2026-01-28 06:00:00+05:30,3494.9,11.0,72.0,8.2,4.8
2026-01-28 07:00:00+05:30,3665.1,12.0,66.0,5.9,50.9
2026-01-28 08:00:00+05:30,3776.6,13.2,67.0,8.1,99.7
2026-01-28 09:00:00+05:30,3997.8,14.1,63.0,8.1,111.4
2026-01-28 10:00:00+05:30,4043.3,15.5,64.0,8.2,165.4
2026-01-28 11:00:00+05:30,4102.8,17.4,64.0,11.7,139.0
2026-01-28 12:00:00+05:30,4105.7,18.9,60.0,10.0,200.7
2026-01-28 13:00:00+05:30,4094.5,20.0,57.0,10.8,167.0
2026-01-28 14:00:00+05:30,4036.4,20.7,62.0,6.4,169.6
2026-01-28 15:00:00+05:30,4039.6,21.2,64.0,12.2,145.0
2026-01-28 16:00:00+05:30,4125.6,20.8,56.0,10.5,72.4
2026-01-28 17:00:00+05:30,4043.9,20.4,67.0,10.1,40.6
2026-01-28 18:00:00+05:30,3926.7,20.1,68.0,13.4,9.6
2026-01-28 19:00:00+05:30,3994.4,18.6,63.0,7.7,0.0
2026-01-28 20:00:00+05:30,4124.7,17.6,60.0,7.3,0.0
2026-01-28 21:00:00+05:30,4075.9,16.6,63.0,6.4,0.0
2026-01-28 22:00:00+05:30,3849.6,15.3,68.0,12.0,0.0
2026-01-28 23:00:00+05:30,3833.7,13.7,65.0,7.2,0.0
2026-01-29 00:00:00+05:30,3609.0,12.9,69.0,2.3,0.0
2026-01-29 01:00:00+05:30,3430.7,11.5,69.0,4.0,0.0
2026-01-29 02:00:00+05:30,3333.9,10.4,65.0,8.4,0.0
2026-01-29 03:00:00+05:30,3231.6,9.6,72.0,9.3,0.0
2026-01-29 04:00:00+05:30,3210.7,9.5,69.0,3.6,0.0
2026-01-29 05:00:00+05:30,3385.9,9.6,73.0,3.4,0.0
2026-01-29 06:00:00+05:30,3497.5,9.7,65.0,8.3,11.5
2026-01-29 07:00:00+05:30,3770.1,10.3,76.0,3.5,28.8
2026-01-29 08:00:00+05:30,3992.6,11.6,72.0,5.6,45.4
2026-01-29 09:00:00+05:30,4145.9,12.9,67.0,3.6,149.7
2026-01-29 10:00:00+05:30,4130.2,14.5,67.0,4.2,173.2
2026-01-29 11:00:00+05:30,4221.5,16.0,64.0,7.3,220.0
2026-01-29 12:00:00+05:30,4282.5,17.5,67.0,13.6,192.1
2026-01-29 13:00:00+05:30,4173.6,18.4,60.0,12.8,197.3
2026-01-29 14:00:00+05:30,4218.2,19.4,64.0,9.1,188.1
2026-01-29 15:00:00+05:30,4187.5,19.7,66.0,14.5,132.1
2026-01-29 16:00:00+05:30,4245.9,20.2,69.0,11.0,105.0
2026-01-29 17:00:00+05:30,4016.9,19.6,67.0,10.7,46.5
2026-01-29 18:00:00+05:30,3930.2,19.2,63.0,12.7,7.7
2026-01-29 19:00:00+05:30,4011.2,18.7,66.0,11.6,0.0
2026-01-29 20:00:00+05:30,4241.4,17.2,64.0,10.9,0.0
2026-01-29 21:00:00+05:30,4123.2,15.8,61.0,8.5,0.0
2026-01-29 22:00:00+05:30,3871.7,14.6,63.0,12.3,0.0
2026-01-29 23:00:00+05:30,3799.5,13.2,65.0,9.0,0.0
2026-01-30 00:00:00+05:30,3679.1,12.2,69.0,7.5,0.0
2026-01-30 01:00:00+05:30,3444.4,11.4,68.0,3.2,0.0
2026-01-30 02:00:00+05:30,3307.1,10.9,69.0,4.9,0.0
2026-01-30 03:00:00+05:30,3374.2,10.4,68.0,4.7,0.0
2026-01-30 04:00:00+05:30,3351.9,10.9,66.0,2.6,0.0
2026-01-30 05:00:00+05:30,3400.1,10.7,69.0,5.9,0.0
2026-01-30 06:00:00+05:30,3467.0,11.1,74.0,2.9,4.1
2026-01-30 07:00:00+05:30,3664.7,12.4,65.0,1.9,44.9
2026-01-30 08:00:00+05:30,3790.6,13.8,71.0,4.1,39.5
2026-01-30 09:00:00+05:30,3784.2,15.5,66.0,8.6,149.4
2026-01-30 10:00:00+05:30,3894.8,16.8,64.0,10.9,186.5
2026-01-30 11:00:00+05:30,3843.0,18.6,65.0,9.2,207.0
2026-01-30 12:00:00+05:30,3887.7,20.1,59.0,8.8,212.4
2026-01-30 13:00:00+05:30,4003.3,21.2,61.0,11.3,168.1
2026-01-30 14:00:00+05:30,4040.1,22.1,62.0,10.2,175.9
2026-01-30 15:00:00+05:30,4067.4,22.4,57.0,14.6,144.7
2026-01-30 16:00:00+05:30,4100.7,22.5,61.0,16.0,92.1
2026-01-30 17:00:00+05:30,4026.9,21.6,58.0,13.0,30.5
2026-01-30 18:00:00+05:30,3946.3,20.6,55.0,11.0,7.8
2026-01-30 19:00:00+05:30,4000.2,19.5,58.0,10.2,0.0
2026-01-30 20:00:00+05:30,4060.8,18.0,58.0,5.2,0.0
2026-01-30 21:00:00+05:30,3943.3,16.5,67.0,7.3,0.0
2026-01-30 22:00:00+05:30,3647.4,14.2,73.0,7.6,0.0
2026-01-30 23:00:00+05:30,3576.1,11.9,70.0,4.1,0.0
2026-01-31 00:00:00+05:30,3335.1,10.0,74.0,6.2,0.0
2026-01-31 01:00:00+05:30,3294.0,9.1,68.0,5.2,0.0
2026-01-31 02:00:00+05:30,3178.5,8.7,73.0,3.1,0.0
2026-01-31 03:00:00+05:30,3107.2,8.3,69.0,4.3,0.0
2026-01-31 04:00:00+05:30,3061.0,8.2,78.0,4.1,0.0
2026-01-31 05:00:00+05:30,3265.3,9.1,72.0,3.4,0.0
2026-01-31 06:00:00+05:30,3375.0,10.0,71.0,1.6,4.7
2026-01-31 07:00:00+05:30,3545.0,11.1,71.0,2.3,17.5
2026-01-31 08:00:00+05:30,3568.5,12.8,67.0,2.6,76.2
2026-01-31 09:00:00+05:30,3669.3,15.1,65.0,3.5,103.7
2026-01-31 10:00:00+05:30,3798.1,16.0,63.0,8.0,174.6
2026-01-31 11:00:00+05:30,3785.1,17.6,64.0,14.1,150.0
2026-01-31 12:00:00+05:30,3659.2,19.6,62.0,6.3,180.7
2026-01-31 13:00:00+05:30,3671.1,21.3,55.0,5.3,187.0
2026-01-31 14:00:00+05:30,3779.8,22.2,55.0,12.8,187.5
2026-01-31 15:00:00+05:30,3880.4,22.9,60.0,11.6,98.7
2026-01-31 16:00:00+05:30,3919.7,22.9,57.0,11.8,85.5
2026-01-31 17:00:00+05:30,3845.5,22.8,58.0,14.4,37.7
2026-01-31 18:00:00+05:30,3596.5,22.3,57.0,10.0,7.4
2026-01-31 19:00:00+05:30,3488.9,21.1,56.0,8.0,0.0
2026-01-31 20:00:00+05:30,3591.0,20.6,56.0,5.9,0.0
2026-01-31 21:00:00+05:30,3488.3,19.3,57.0,12.0,0.0
2026-01-31 22:00:00+05:30,3389.9,17.6,65.0,8.2,0.0
2026-01-31 23:00:00+05:30,3213.3,15.8,62.0,4.5,0.0
2026-02-01 00:00:00+05:30,3279.6,14.2,67.0,5.2,0.0
2026-02-01 01:00:00+05:30,3114.6,12.8,69.0,6.1,0.0
2026-02-01 02:00:00+05:30,3031.7,12.0,72.0,6.5,0.0
2026-02-01 03:00:00+05:30,2871.0,11.9,64.0,0.0,0.0
2026-02-01 04:00:00+05:30,2889.7,11.4,66.0,3.7,0.0
2026-02-01 05:00:00+05:30,3046.9,11.7,68.0,4.2,0.0
2026-02-01 06:00:00+05:30,3041.5,13.5,67.0,4.4,10.3
2026-02-01 07:00:00+05:30,3278.8,14.3,66.0,6.1,52.8
2026-02-01 08:00:00+05:30,3451.4,16.1,55.0,6.6,101.2
2026-02-01 09:00:00+05:30,3555.1,17.7,65.0,7.3,123.5
2026-02-01 10:00:00+05:30,3576.3,19.5,57.0,9.5,158.8
2026-02-01 11:00:00+05:30,3644.0,20.7,62.0,11.1,211.2
2026-02-01 12:00:00+05:30,3705.8,22.4,57.0,11.3,192.5
2026-02-01 13:00:00+05:30,3638.3,23.3,52.0,12.6,197.7
2026-02-01 14:00:00+05:30,3681.5,24.1,60.0,14.4,157.7
2026-02-01 15:00:00+05:30,3811.9,24.7,53.0,11.2,104.0
2026-02-01 16:00:00+05:30,3769.4,25.3,54.0,6.8,78.6
2026-02-01 17:00:00+05:30,3679.4,25.1,51.0,11.3,45.0
2026-02-01 18:00:00+05:30,3563.3,24.5,59.0,13.9,9.0
2026-02-01 19:00:00+05:30,3431.7,23.1,55.0,10.9,0.0
2026-02-01 20:00:00+05:30,3585.4,21.7,59.0,7.6,0.0
2026-02-01 21:00:00+05:30,3496.7,20.0,58.0,4.8,0.0
2026-02-01 22:00:00+05:30,3206.4,18.3,65.0,11.3,0.0
2026-02-01 23:00:00+05:30,3038.7,17.1,65.0,11.2,0.0
2026-02-02 00:00:00+05:30,3290.2,16.0,58.0,6.0,0.0
2026-02-02 01:00:00+05:30,3096.8,14.7,66.0,1.6,0.0
2026-02-02 02:00:00+05:30,3018.2,13.7,66.0,5.6,0.0
2026-02-02 03:00:00+05:30,2969.7,13.3,65.0,6.9,0.0
2026-02-02 04:00:00+05:30,3031.5,13.1,66.0,6.6,0.0
2026-02-02 05:00:00+05:30,3194.6,13.1,68.0,0.4,0.0
2026-02-02 06:00:00+05:30,3335.1,13.5,67.0,2.8,11.5
2026-02-02 07:00:00+05:30,3524.9,14.3,57.0,3.6,42.0
2026-02-02 08:00:00+05:30,3636.5,15.2,66.0,8.4,88.6
2026-02-02 09:00:00+05:30,3800.5,16.6,60.0,11.8,140.7
2026-02-02 10:00:00+05:30,3870.1,18.0,67.0,8.3,195.0
2026-02-02 11:00:00+05:30,3885.2,19.4,61.0,15.2,174.8
2026-02-02 12:00:00+05:30,3973.7,20.6,61.0,7.6,188.7
2026-02-02 13:00:00+05:30,4075.0,21.9,58.0,10.0,202.6
2026-02-02 14:00:00+05:30,4064.2,22.9,52.0,11.7,145.8
2026-02-02 15:00:00+05:30,4126.2,23.3,58.0,14.1,118.3
2026-02-02 16:00:00+05:30,4159.9,24.2,56.0,11.5,88.4
2026-02-02 17:00:00+05:30,3951.7,24.1,55.0,8.3,36.9
2026-02-02 18:00:00+05:30,3765.3,23.0,56.0,9.8,9.3
2026-02-02 19:00:00+05:30,3652.3,21.7,55.0,8.3,0.0
2026-02-02 20:00:00+05:30,3694.3,21.0,52.0,12.3,0.0
2026-02-02 21:00:00+05:30,3626.4,19.7,59.0,8.5,0.0
2026-02-02 22:00:00+05:30,3432.8,18.7,61.0,1.0,0.0
2026-02-02 23:00:00+05:30,3315.7,17.3,60.0,3.5,0.0
2026-02-03 00:00:00+05:30,3384.2,15.4,64.0,10.7,0.0
2026-02-03 01:00:00+05:30,3382.8,14.6,61.0,3.2,0.0
2026-02-03 02:00:00+05:30,3307.8,13.4,67.0,5.8,0.0
2026-02-03 03:00:00+05:30,3240.2,13.1,57.0,3.7,0.0
2026-02-03 04:00:00+05:30,3129.7,12.9,63.0,4.0,0.0
2026-02-03 05:00:00+05:30,3245.9,12.9,62.0,5.5,0.0
2026-02-03 06:00:00+05:30,3236.8,13.3,62.0,3.8,11.2
2026-02-03 07:00:00+05:30,3401.0,14.3,70.0,9.8,48.3
2026-02-03 08:00:00+05:30,3600.1,15.3,58.0,7.9,102.3
2026-02-03 09:00:00+05:30,3526.1,16.7,66.0,8.9,162.5
2026-02-03 10:00:00+05:30,3608.2,18.3,58.0,7.7,185.5
2026-02-03 11:00:00+05:30,3790.4,19.9,57.0,9.7,169.1
2026-02-03 12:00:00+05:30,3856.3,21.0,58.0,8.7,195.4
2026-02-03 13:00:00+05:30,3928.9,22.1,57.0,7.3,187.6
2026-02-03 14:00:00+05:30,3964.0,22.7,59.0,8.0,192.6
2026-02-03 15:00:00+05:30,3978.7,22.5,57.0,11.3,111.5
2026-02-03 16:00:00+05:30,3956.5,22.3,59.0,14.4,83.2
2026-02-03 17:00:00+05:30,3778.4,22.4,57.0,15.0,45.3
2026-02-03 18:00:00+05:30,3581.9,21.5,61.0,15.3,8.0
2026-02-03 19:00:00+05:30,3673.6,20.0,61.0,10.8,0.0
2026-02-03 20:00:00+05:30,3866.7,19.0,62.0,12.3,0.0
2026-02-03 21:00:00+05:30,3807.9,17.5,61.0,9.0,0.0
2026-02-03 22:00:00+05:30,3659.8,16.3,62.0,11.0,0.0
2026-02-03 23:00:00+05:30,3470.5,14.9,68.0,4.3,0.0
2026-02-04 00:00:00+05:30,3373.9,13.5,63.0,5.9,0.0
2026-02-04 01:00:00+05:30,3193.5,12.8,67.0,4.6,0.0
2026-02-04 02:00:00+05:30,3110.5,12.2,67.0,2.2,0.0
2026-02-04 03:00:00+05:30,2992.5,11.4,67.0,3.8,0.0
2026-02-04 04:00:00+05:30,2940.9,11.5,66.0,3.1,0.0
2026-02-04 05:00:00+05:30,3027.3,11.8,65.0,2.1,0.0
2026-02-04 06:00:00+05:30,3304.4,12.2,65.0,4.7,11.9
2026-02-04 07:00:00+05:30,3530.1,13.1,68.0,2.2,55.0
2026-02-04 08:00:00+05:30,3632.7,14.2,70.0,5.7,84.4
2026-02-04 09:00:00+05:30,3838.7,15.7,69.0,5.4,158.1
2026-02-04 10:00:00+05:30,3910.2,17.5,59.0,11.2,164.3
2026-02-04 11:00:00+05:30,4016.7,18.6,58.0,6.4,166.9
2026-02-04 12:00:00+05:30,3948.3,20.3,65.0,9.8,225.0
2026-02-04 13:00:00+05:30,3969.7,22.0,57.0,10.8,145.4
2026-02-04 14:00:00+05:30,4109.8,23.2,57.0,13.4,167.7
2026-02-04 15:00:00+05:30,4142.2,24.0,58.0,15.0,155.0
2026-02-04 16:00:00+05:30,4128.6,24.1,55.0,9.4,102.2
2026-02-04 17:00:00+05:30,4022.7,23.5,55.0,14.9,44.4
2026-02-04 18:00:00+05:30,3930.3,23.0,58.0,12.9,9.6
2026-02-04 19:00:00+05:30,4003.7,21.8,63.0,12.8,0.0
2026-02-04 20:00:00+05:30,4057.1,20.8,60.0,8.9,0.0
2026-02-04 21:00:00+05:30,3972.5,19.5,66.0,7.2,0.0
2026-02-04 22:00:00+05:30,3612.9,17.6,56.0,7.0,0.0
2026-02-04 23:00:00+05:30,3483.1,16.4,62.0,3.9,0.0
2026-02-05 00:00:00+05:30,3462.1,14.8,66.0,1.6,0.0
2026-02-05 01:00:00+05:30,3337.1,13.3,62.0,7.1,0.0
2026-02-05 02:00:00+05:30,3249.9,12.3,72.0,9.1,0.0
2026-02-05 03:00:00+05:30,3254.8,11.5,72.0,2.8,0.0
2026-02-05 04:00:00+05:30,3202.0,11.7,64.0,0.3,0.0
2026-02-05 05:00:00+05:30,3235.8,12.0,66.0,2.0,0.0
2026-02-05 06:00:00+05:30,3332.6,12.6,65.0,2.5,11.5
2026-02-05 07:00:00+05:30,3453.5,13.6,60.0,11.2,43.7
2026-02-05 08:00:00+05:30,3555.8,15.2,65.0,7.5,95.8
2026-02-05 09:00:00+05:30,3707.6,16.7,57.0,12.4,108.2
2026-02-05 10:00:00+05:30,3860.7,18.1,58.0,8.2,155.0
2026-02-05 11:00:00+05:30,3880.8,18.6,56.0,11.9,198.3
2026-02-05 12:00:00+05:30,3876.7,20.4,62.0,10.5,225.0
2026-02-05 13:00:00+05:30,4072.4,21.1,53.0,9.5,174.1
2026-02-05 14:00:00+05:30,4178.7,21.3,60.0,8.9,170.3
2026-02-05 15:00:00+05:30,4274.2,22.0,58.0,10.6,128.7
2026-02-05 16:00:00+05:30,4364.0,21.6,62.0,12.5,89.8
2026-02-05 17:00:00+05:30,4193.5,21.6,59.0,14.8,41.6
2026-02-05 18:00:00+05:30,4001.2,20.9,58.0,10.6,8.7
2026-02-05 19:00:00+05:30,4007.2,20.2,62.0,11.4,0.0
2026-02-05 20:00:00+05:30,4041.8,18.9,67.0,7.3,0.0
2026-02-05 21:00:00+05:30,3949.3,17.5,66.0,7.3,0.0
2026-02-05 22:00:00+05:30,3769.7,15.9,68.0,10.1,0.0
2026-02-05 23:00:00+05:30,3694.6,14.5,64.0,10.9,0.0
2026-02-06 00:00:00+05:30,3596.7,13.2,66.0,4.1,0.0
2026-02-06 01:00:00+05:30,3485.4,11.3,68.0,5.4,0.0
2026-02-06 02:00:00+05:30,3417.2,10.3,74.0,8.3,0.0
2026-02-06 03:00:00+05:30,3309.9,9.7,68.0,3.0,0.0
2026-02-06 04:00:00+05:30,3227.5,10.2,66.0,4.2,0.0
2026-02-06 05:00:00+05:30,3431.0,10.8,66.0,2.1,0.0
2026-02-06 06:00:00+05:30,3564.7,11.3,62.0,3.1,11.2
2026-02-06 07:00:00+05:30,3735.3,11.6,63.0,4.4,45.9
2026-02-06 08:00:00+05:30,3845.2,13.0,69.0,7.7,95.3
2026-02-06 09:00:00+05:30,3999.3,15.0,61.0,5.0,125.7
2026-02-06 10:00:00+05:30,4073.3,16.2,60.0,5.9,129.7
2026-02-06 11:00:00+05:30,3967.9,17.4,63.0,10.7,165.0
2026-02-06 12:00:00+05:30,3993.7,19.5,57.0,11.9,202.6
2026-02-06 13:00:00+05:30,4106.8,20.4,59.0,13.2,214.2
2026-02-06 14:00:00+05:30,4100.9,21.2,60.0,12.7,147.1
2026-02-06 15:00:00+05:30,4078.4,21.4,56.0,13.3,149.9
2026-02-06 16:00:00+05:30,4068.8,21.2,57.0,13.0,97.7
2026-02-06 17:00:00+05:30,3920.4,20.7,57.0,12.0,49.2
2026-02-06 18:00:00+05:30,3855.8,20.1,61.0,14.3,9.7
2026-02-06 19:00:00+05:30,3865.2,18.9,61.0,12.9,0.0
2026-02-06 20:00:00+05:30,4046.7,16.8,62.0,11.0,0.0
2026-02-06 21:00:00+05:30,3967.9,15.6,67.0,10.2,0.0
2026-02-06 22:00:00+05:30,3717.3,15.0,68.0,15.4,0.0
2026-02-06 23:00:00+05:30,3572.6,13.5,68.0,1.9,0.0
2026-02-07 00:00:00+05:30,3202.5,11.6,69.0,10.1,0.0
2026-02-07 01:00:00+05:30,3016.8,10.2,66.0,5.5,0.0
2026-02-07 02:00:00+05:30,2988.0,9.1,75.0,0.0,0.0
2026-02-07 03:00:00+05:30,3009.8,8.6,72.0,9.7,0.0
2026-02-07 04:00:00+05:30,2990.8,8.7,73.0,1.6,0.0
2026-02-07 05:00:00+05:30,3048.7,9.6,71.0,3.8,0.0
2026-02-07 06:00:00+05:30,3200.3,10.0,72.0,5.0,4.2
2026-02-07 07:00:00+05:30,3431.7,10.3,75.0,3.6,17.2
2026-02-07 08:00:00+05:30,3650.6,11.5,67.0,5.7,87.0
2026-02-07 09:00:00+05:30,3707.7,13.4,70.0,3.9,122.1
2026-02-07 10:00:00+05:30,3705.8,15.5,65.0,9.0,177.9
2026-02-07 11:00:00+05:30,3679.7,16.4,60.0,10.8,201.8
2026-02-07 12:00:00+05:30,3716.0,17.6,68.0,11.5,199.1
2026-02-07 13:00:00+05:30,3825.2,18.6,66.0,12.9,163.7
2026-02-07 14:00:00+05:30,3921.3,19.5,63.0,8.7,139.2
2026-02-07 15:00:00+05:30,3971.2,19.8,61.0,14.5,131.4
2026-02-07 16:00:00+05:30,3990.8,19.4,60.0,13.8,87.6
2026-02-07 17:00:00+05:30,3823.5,19.7,60.0,10.4,44.2
2026-02-07 18:00:00+05:30,3768.3,19.0,64.0,10.9,7.2
2026-02-07 19:00:00+05:30,3797.7,18.4,67.0,11.0,0.0
2026-02-07 20:00:00+05:30,3964.2,17.4,57.0,7.7,0.0
2026-02-07 21:00:00+05:30,3889.6,15.4,66.0,8.0,0.0
2026-02-07 22:00:00+05:30,3745.2,13.7,71.0,6.5,0.0
2026-02-07 23:00:00+05:30,3748.6,11.7,67.0,5.9,0.0
2026-02-08 00:00:00+05:30,3660.5,10.4,70.0,10.2,0.0
2026-02-08 01:00:00+05:30,3444.1,9.0,70.0,3.6,0.0
2026-02-08 02:00:00+05:30,3396.6,8.2,72.0,5.6,0.0
2026-02-08 03:00:00+05:30,3440.7,7.3,77.0,8.7,0.0
2026-02-08 04:00:00+05:30,3288.2,7.7,73.0,2.9,0.0
2026-02-08 05:00:00+05:30,3300.1,7.9,71.0,4.7,0.0
2026-02-08 06:00:00+05:30,3425.9,8.6,74.0,1.6,6.4
2026-02-08 07:00:00+05:30,3591.4,9.2,75.0,4.5,14.0
2026-02-08 08:00:00+05:30,3810.9,10.5,70.0,1.4,42.6
2026-02-08 09:00:00+05:30,3908.5,12.0,66.0,5.6,162.0
2026-02-08 10:00:00+05:30,3948.1,13.4,64.0,9.8,134.2
2026-02-08 11:00:00+05:30,3944.6,15.4,69.0,9.3,185.8
2026-02-08 12:00:00+05:30,3982.9,16.9,70.0,12.5,183.5
2026-02-08 13:00:00+05:30,3927.9,17.6,69.0,6.4,163.4
2026-02-08 14:00:00+05:30,4073.8,18.6,60.0,12.9,163.0
2026-02-08 15:00:00+05:30,4070.7,19.0,59.0,10.6,115.2
2026-02-08 16:00:00+05:30,4038.6,19.4,60.0,8.6,75.5
2026-02-08 17:00:00+05:30,3965.3,19.5,58.0,8.6,40.5
2026-02-08 18:00:00+05:30,3797.5,19.5,59.0,13.5,7.5
2026-02-08 19:00:00+05:30,3847.8,18.5,64.0,11.6,0.0
2026-02-08 20:00:00+05:30,3955.9,17.8,65.0,9.7,0.0
2026-02-08 21:00:00+05:30,3855.4,16.5,62.0,12.0,0.0
2026-02-08 22:00:00+05:30,3711.6,15.3,66.0,6.3,0.0
2026-02-08 23:00:00+05:30,3642.4,14.2,65.0,8.1,0.0
2026-02-09 00:00:00+05:30,3752.1,13.5,69.0,1.6,0.0
2026-02-09 01:00:00+05:30,3575.3,12.0,67.0,3.9,0.0
2026-02-09 02:00:00+05:30,3479.9,10.9,68.0,3.7,0.0
2026-02-09 03:00:00+05:30,3325.3,10.8,66.0,0.2,0.0
2026-02-09 04:00:00+05:30,3265.8,11.1,66.0,4.9,0.0
2026-02-09 05:00:00+05:30,3359.3,11.6,66.0,2.3,0.0
2026-02-09 06:00:00+05:30,3483.2,11.9,61.0,8.3,9.8
2026-02-09 07:00:00+05:30,3774.2,13.0,65.0,1.3,45.4
2026-02-09 08:00:00+05:30,4006.2,14.6,57.0,7.6,104.3
2026-02-09 09:00:00+05:30,4058.8,16.0,67.0,7.5,162.3
2026-02-09 10:00:00+05:30,4114.6,17.4,59.0,4.3,171.3
2026-02-09 11:00:00+05:30,3993.1,19.0,56.0,5.9,220.0
2026-02-09 12:00:00+05:30,3920.4,20.7,51.0,10.8,133.8
2026-02-09 13:00:00+05:30,3936.6,22.2,54.0,7.9,190.6
2026-02-09 14:00:00+05:30,4049.6,23.7,54.0,11.6,149.2
2026-02-09 15:00:00+05:30,4091.4,24.2,51.0,14.9,141.4
2026-02-09 16:00:00+05:30,4080.4,24.7,52.0,16.0,82.1
2026-02-09 17:00:00+05:30,3925.9,24.5,58.0,13.0,37.3
2026-02-09 18:00:00+05:30,3774.5,23.5,56.0,9.4,8.5
2026-02-09 19:00:00+05:30,3789.2,22.7,56.0,8.1,0.0
2026-02-09 20:00:00+05:30,3843.3,21.6,58.0,13.8,0.0
2026-02-09 21:00:00+05:30,3697.2,20.2,60.0,10.1,0.0
2026-02-09 22:00:00+05:30,3547.1,19.3,62.0,11.9,0.0
2026-02-09 23:00:00+05:30,3406.9,17.6,57.0,4.2,0.0
2026-02-10 00:00:00+05:30,3254.2,15.9,64.0,9.0,0.0
2026-02-10 01:00:00+05:30,3041.8,14.2,64.0,6.1,0.0
2026-02-10 02:00:00+05:30,2965.4,13.2,66.0,2.1,0.0
2026-02-10 03:00:00+05:30,3039.5,11.8,68.0,3.0,0.0
2026-02-10 04:00:00+05:30,3089.2,11.5,63.0,3.2,0.0
2026-02-10 05:00:00+05:30,3211.5,11.6,66.0,5.6,0.0
2026-02-10 06:00:00+05:30,3389.6,12.4,64.0,4.5,7.8
2026-02-10 07:00:00+05:30,3505.0,13.7,57.0,5.7,50.7
2026-02-10 08:00:00+05:30,3673.8,14.9,62.0,3.8,78.6
2026-02-10 09:00:00+05:30,3791.4,16.0,60.0,5.0,153.9
2026-02-10 10:00:00+05:30,3880.3,17.3,58.0,8.1,161.8
2026-02-10 11:00:00+05:30,3860.8,19.1,60.0,12.4,210.4
2026-02-10 12:00:00+05:30,3938.1,21.0,51.0,11.8,218.4
2026-02-10 13:00:00+05:30,4029.7,22.4,50.0,13.7,191.9
2026-02-10 14:00:00+05:30,4140.0,23.2,55.0,9.7,195.0
2026-02-10 15:00:00+05:30,4156.2,24.0,53.0,12.9,127.2
2026-02-10 16:00:00+05:30,4087.5,23.9,49.0,12.0,75.4
2026-02-10 17:00:00+05:30,3923.6,24.0,58.0,10.9,50.0
2026-02-10 18:00:00+05:30,3910.1,23.8,55.0,11.3,7.4
2026-02-10 19:00:00+05:30,3916.7,23.0,60.0,11.4,0.0
2026-02-10 20:00:00+05:30,3881.4,21.5,55.0,9.6,0.0
2026-02-10 21:00:00+05:30,3755.8,20.2,54.0,8.8,0.0
2026-02-10 22:00:00+05:30,3490.2,18.1,59.0,9.3,0.0
2026-02-10 23:00:00+05:30,3493.8,16.2,57.0,10.0,0.0
2026-02-11 00:00:00+05:30,3399.6,15.0,56.0,4.8,0.0
2026-02-11 01:00:00+05:30,3285.8,13.1,59.0,1.7,0.0
2026-02-11 02:00:00+05:30,3164.7,12.4,67.0,4.4,0.0
2026-02-11 03:00:00+05:30,3210.1,11.8,67.0,8.3,0.0
2026-02-11 04:00:00+05:30,3228.1,11.6,62.0,8.5,0.0
2026-02-11 05:00:00+05:30,3304.3,11.3,67.0,5.4,0.0
2026-02-11 06:00:00+05:30,3517.8,11.7,67.0,2.7,8.6
2026-02-11 07:00:00+05:30,3743.0,12.2,66.0,5.7,46.1
2026-02-11 08:00:00+05:30,3863.5,13.1,68.0,4.2,85.3
2026-02-11 09:00:00+05:30,3960.9,14.2,62.0,7.0,135.5
2026-02-11 10:00:00+05:30,3893.7,16.0,63.0,7.0,165.1
2026-02-11 11:00:00+05:30,3834.7,17.3,60.0,6.3,178.8
2026-02-11 12:00:00+05:30,3863.1,18.9,63.0,11.8,204.3
2026-02-11 13:00:00+05:30,3940.4,19.9,61.0,14.8,155.4
2026-02-11 14:00:00+05:30,3906.1,20.7,56.0,12.5,136.2
2026-02-11 15:00:00+05:30,4150.5,21.3,60.0,12.4,127.3
2026-02-11 16:00:00+05:30,4165.0,21.0,60.0,13.9,105.0
2026-02-11 17:00:00+05:30,4034.4,20.9,61.0,12.4,35.0
2026-02-11 18:00:00+05:30,3912.2,20.1,66.0,12.9,7.9
2026-02-11 19:00:00+05:30,3868.1,18.8,61.0,11.0,0.0
2026-02-11 20:00:00+05:30,3978.3,18.2,63.0,12.1,0.0
2026-02-11 21:00:00+05:30,3874.1,17.2,61.0,6.1,0.0
2026-02-11 22:00:00+05:30,3732.3,16.0,59.0,6.9,0.0
2026-02-11 23:00:00+05:30,3628.3,14.3,60.0,5.1,0.0
2026-02-12 00:00:00+05:30,3548.8,12.6,65.0,3.9,0.0
2026-02-12 01:00:00+05:30,3403.1,11.6,65.0,4.8,0.0
2026-02-12 02:00:00+05:30,3367.5,10.7,64.0,6.1,0.0
2026-02-12 03:00:00+05:30,3225.2,9.8,68.0,0.4,0.0
2026-02-12 04:00:00+05:30,3145.0,9.8,66.0,4.4,0.0
2026-02-12 05:00:00+05:30,3148.2,9.7,67.0,0.0,0.0
2026-02-12 06:00:00+05:30,3329.3,10.0,71.0,5.6,3.1
2026-02-12 07:00:00+05:30,3556.7,11.3,74.0,0.8,18.7
2026-02-12 08:00:00+05:30,3650.9,13.3,67.0,6.5,95.4
2026-02-12 09:00:00+05:30,3766.7,15.1,67.0,9.1,120.1
2026-02-12 10:00:00+05:30,3898.3,17.3,58.0,9.5,185.8
2026-02-12 11:00:00+05:30,3984.6,19.0,58.0,6.1,123.3
2026-02-12 12:00:00+05:30,3952.6,20.2,57.0,9.7,186.3
2026-02-12 13:00:00+05:30,3971.0,20.8,54.0,13.6,220.0
2026-02-12 14:00:00+05:30,4039.8,20.8,52.0,14.5,192.3
2026-02-12 15:00:00+05:30,4158.5,21.8,52.0,12.6,155.0
2026-02-12 16:00:00+05:30,4156.4,22.0,56.0,10.6,89.4
2026-02-12 17:00:00+05:30,4011.8,21.8,53.0,14.4,47.5
2026-02-12 18:00:00+05:30,3832.7,20.7,63.0,12.0,7.8
2026-02-12 19:00:00+05:30,3894.2,19.8,61.0,9.5,0.0
2026-02-12 20:00:00+05:30,3940.6,18.6,58.0,15.7,0.0
2026-02-12 21:00:00+05:30,3883.6,17.1,66.0,11.8,0.0
2026-02-12 22:00:00+05:30,3708.9,15.7,64.0,13.0,0.0
2026-02-12 23:00:00+05:30,3579.9,14.3,65.0,7.0,0.0
2026-02-13 00:00:00+05:30,3432.1,12.9,64.0,2.5,0.0
2026-02-13 01:00:00+05:30,3401.1,11.8,67.0,1.5,0.0
2026-02-13 02:00:00+05:30,3364.3,10.8,68.0,5.2,0.0
2026-02-13 03:00:00+05:30,3217.5,10.5,65.0,5.3,0.0
2026-02-13 04:00:00+05:30,3130.5,10.5,69.0,5.0,0.0
2026-02-13 05:00:00+05:30,3327.3,10.7,68.0,4.8,0.0
2026-02-13 06:00:00+05:30,3432.1,11.7,66.0,2.9,11.5
2026-02-13 07:00:00+05:30,3561.9,12.3,65.0,10.3,40.2
2026-02-13 08:00:00+05:30,3718.5,13.6,67.0,6.5,88.0
2026-02-13 09:00:00+05:30,3798.9,15.6,60.0,8.2,133.7
2026-02-13 10:00:00+05:30,3872.4,17.0,65.0,5.4,189.9
2026-02-13 11:00:00+05:30,3974.8,18.8,59.0,11.1,172.4
2026-02-13 12:00:00+05:30,4054.8,20.1,55.0,12.2,225.0
2026-02-13 13:00:00+05:30,4139.6,21.4,55.0,7.3,211.2
2026-02-13 14:00:00+05:30,4260.2,22.1,51.0,14.8,186.5
2026-02-13 15:00:00+05:30,4380.5,22.6,60.0,10.9,134.2
2026-02-13 16:00:00+05:30,4317.5,22.9,57.0,10.6,81.6
2026-02-13 17:00:00+05:30,4257.2,22.4,60.0,10.1,36.7
2026-02-13 18:00:00+05:30,4122.1,21.3,57.0,11.4,8.1
2026-02-13 19:00:00+05:30,4212.8,20.6,58.0,11.0,0.0
2026-02-13 20:00:00+05:30,4317.0,19.4,62.0,9.7,0.0
2026-02-13 21:00:00+05:30,4256.4,18.4,56.0,11.3,0.0
2026-02-13 22:00:00+05:30,3982.1,16.7,60.0,11.0,0.0
2026-02-13 23:00:00+05:30,3908.2,14.9,60.0,5.0,0.0
2026-02-14 00:00:00+05:30,3516.5,13.7,69.0,8.9,0.0
2026-02-14 01:00:00+05:30,3315.2,12.6,66.0,4.7,0.0
2026-02-14 02:00:00+05:30,3262.2,11.9,62.0,8.2,0.0
2026-02-14 03:00:00+05:30,3242.7,11.4,65.0,5.8,0.0
2026-02-14 04:00:00+05:30,3144.8,11.2,67.0,2.5,0.0
2026-02-14 05:00:00+05:30,3140.8,12.1,67.0,4.3,0.0
2026-02-14 06:00:00+05:30,3152.8,12.1,66.0,3.1,8.8
2026-02-14 07:00:00+05:30,3171.0,13.1,65.0,9.7,43.9
2026-02-14 08:00:00+05:30,3384.8,14.3,60.0,9.7,112.5
2026-02-14 09:00:00+05:30,3548.4,15.7,64.0,6.1,144.2
2026-02-14 10:00:00+05:30,3666.1,17.4,60.0,7.1,170.0
2026-02-14 11:00:00+05:30,3656.9,18.9,59.0,10.8,178.0
2026-02-14 12:00:00+05:30,3846.3,20.5,59.0,3.8,225.0
2026-02-14 13:00:00+05:30,3853.8,22.0,50.0,15.3,185.7
2026-02-14 14:00:00+05:30,3915.5,22.9,59.0,12.1,179.7
2026-02-14 15:00:00+05:30,3916.8,23.5,54.0,12.1,143.5
2026-02-14 16:00:00+05:30,4000.5,23.0,56.0,8.4,81.9
2026-02-14 17:00:00+05:30,3962.3,23.6,55.0,11.3,37.7
2026-02-14 18:00:00+05:30,3756.8,23.0,57.0,14.1,7.6
2026-02-14 19:00:00+05:30,3748.7,22.2,60.0,9.9,0.0
2026-02-14 20:00:00+05:30,3880.7,20.5,55.0,6.7,0.0
2026-02-14 21:00:00+05:30,3663.7,18.7,57.0,9.6,0.0
2026-02-14 22:00:00+05:30,3590.9,16.9,64.0,10.8,0.0
2026-02-14 23:00:00+05:30,3504.1,15.3,63.0,6.1,0.0
2026-02-15 00:00:00+05:30,3436.5,13.9,66.0,4.9,0.0
2026-02-15 01:00:00+05:30,3249.5,13.4,64.0,8.4,0.0
2026-02-15 02:00:00+05:30,2984.8,13.0,65.0,5.1,0.0
2026-02-15 03:00:00+05:30,2933.2,12.1,64.0,4.1,0.0
2026-02-15 04:00:00+05:30,2806.7,12.0,65.0,1.4,0.0
2026-02-15 05:00:00+05:30,2830.3,12.1,64.0,1.9,0.0
2026-02-15 06:00:00+05:30,2890.4,13.3,62.0,3.6,11.2
2026-02-15 07:00:00+05:30,2925.2,15.0,62.0,1.9,47.2
2026-02-15 08:00:00+05:30,3147.9,16.3,55.0,6.2,101.7
2026-02-15 09:00:00+05:30,3382.4,17.4,61.0,7.5,161.5
2026-02-15 10:00:00+05:30,3446.0,18.9,58.0,9.1,161.4
2026-02-15 11:00:00+05:30,3463.1,20.2,57.0,8.8,189.9
2026-02-15 12:00:00+05:30,3528.8,21.9,57.0,6.9,178.5
2026-02-15 13:00:00+05:30,3596.1,23.8,56.0,9.8,200.8
2026-02-15 14:00:00+05:30,3720.7,24.7,53.0,7.6,185.9
2026-02-15 15:00:00+05:30,3752.5,25.6,49.0,14.6,138.5
2026-02-15 16:00:00+05:30,3739.2,25.8,54.0,14.4,62.8
2026-02-15 17:00:00+05:30,3626.2,25.8,46.0,15.2,38.3
2026-02-15 18:00:00+05:30,3506.8,24.7,52.0,10.6,7.8
2026-02-15 19:00:00+05:30,3508.1,24.3,52.0,10.6,0.0
2026-02-15 20:00:00+05:30,3584.1,22.7,50.0,11.6,0.0
2026-02-15 21:00:00+05:30,3295.9,20.9,57.0,11.1,0.0
2026-02-15 22:00:00+05:30,3206.8,19.1,58.0,6.9,0.0
2026-02-15 23:00:00+05:30,3046.9,17.1,62.0,6.4,0.0
2026-02-16 00:00:00+05:30,3056.9,16.3,61.0,10.3,0.0
2026-02-16 01:00:00+05:30,3016.4,15.1,68.0,1.6,0.0
2026-02-16 02:00:00+05:30,2961.6,14.0,62.0,1.4,0.0
2026-02-16 03:00:00+05:30,3113.8,13.3,55.0,7.1,0.0
2026-02-16 04:00:00+05:30,3110.6,13.1,66.0,0.0,0.0
2026-02-16 05:00:00+05:30,3110.8,13.2,62.0,5.1,0.0
2026-02-16 06:00:00+05:30,3188.7,13.6,64.0,0.0,10.2
2026-02-16 07:00:00+05:30,3421.8,14.4,60.0,5.1,55.0
2026-02-16 08:00:00+05:30,3565.8,15.3,62.0,5.9,92.3
2026-02-16 09:00:00+05:30,3576.0,17.0,60.0,5.5,144.2
2026-02-16 10:00:00+05:30,3743.4,18.2,62.0,10.3,182.1
2026-02-16 11:00:00+05:30,3840.1,19.8,56.0,11.3,185.7
2026-02-16 12:00:00+05:30,3991.0,21.3,58.0,7.6,195.2
2026-02-16 13:00:00+05:30,4057.0,22.4,60.0,16.8,174.4
2026-02-16 14:00:00+05:30,4103.7,24.1,53.0,14.0,169.5
2026-02-16 15:00:00+05:30,4230.3,24.9,53.0,7.3,135.1
2026-02-16 16:00:00+05:30,4227.6,25.2,50.0,8.2,99.3
2026-02-16 17:00:00+05:30,4006.3,25.6,58.0,11.5,34.7
2026-02-16 18:00:00+05:30,3908.2,25.3,48.0,15.8,7.8
2026-02-16 19:00:00+05:30,3906.5,25.0,53.0,10.0,0.0
2026-02-16 20:00:00+05:30,3970.0,23.7,53.0,9.4,0.0
2026-02-16 21:00:00+05:30,3779.7,22.0,53.0,8.8,0.0
2026-02-16 22:00:00+05:30,3525.4,21.0,53.0,3.7,0.0
2026-02-16 23:00:00+05:30,3334.2,18.9,57.0,10.6,0.0
2026-02-17 00:00:00+05:30,3136.1,17.3,61.0,0.0,0.0
2026-02-17 01:00:00+05:30,2997.5,15.9,59.0,5.7,0.0
2026-02-17 02:00:00+05:30,2962.4,14.9,58.0,5.0,0.0
2026-02-17 03:00:00+05:30,2993.7,13.7,68.0,6.4,0.0
2026-02-17 04:00:00+05:30,3036.8,13.4,65.0,2.5,0.0
2026-02-17 05:00:00+05:30,2981.5,13.2,62.0,7.2,0.0
2026-02-17 06:00:00+05:30,3011.8,14.1,59.0,5.5,10.8
2026-02-17 07:00:00+05:30,3302.1,15.2,58.0,5.2,41.4
2026-02-17 08:00:00+05:30,3413.4,16.3,58.0,8.4,82.8
2026-02-17 09:00:00+05:30,3521.4,17.6,57.0,5.8,125.2
2026-02-17 10:00:00+05:30,3757.4,19.4,58.0,9.6,145.6
2026-02-17 11:00:00+05:30,3881.8,21.0,53.0,6.7,195.0
2026-02-17 12:00:00+05:30,3986.9,22.3,58.0,11.4,211.0
2026-02-17 13:00:00+05:30,4060.1,24.1,55.0,7.4,194.7
2026-02-17 14:00:00+05:30,4151.2,24.4,49.0,10.4,182.6
2026-02-17 15:00:00+05:30,4211.3,25.4,50.0,16.2,126.0
2026-02-17 16:00:00+05:30,4176.0,25.7,49.0,8.8,89.0
2026-02-17 17:00:00+05:30,4034.9,25.0,53.0,9.1,40.2
2026-02-17 18:00:00+05:30,3886.7,24.4,57.0,9.1,9.5
2026-02-17 19:00:00+05:30,3903.8,23.9,50.0,10.7,0.0
2026-02-17 20:00:00+05:30,4024.7,23.2,56.0,11.8,0.0
2026-02-17 21:00:00+05:30,3880.2,21.7,53.0,12.7,0.0
2026-02-17 22:00:00+05:30,3719.8,19.8,58.0,10.9,0.0
2026-02-17 23:00:00+05:30,3520.4,18.1,58.0,7.3,0.0
2026-02-18 00:00:00+05:30,3340.6,16.4,60.0,1.4,0.0
2026-02-18 01:00:00+05:30,3207.2,14.9,63.0,4.8,0.0
2026-02-18 02:00:00+05:30,3304.9,14.0,63.0,3.6,0.0
2026-02-18 03:00:00+05:30,3176.9,14.4,60.0,4.9,0.0
2026-02-18 04:00:00+05:30,3210.9,13.4,62.0,3.6,0.0
2026-02-18 05:00:00+05:30,3241.1,13.6,62.0,3.9,0.0
2026-02-18 06:00:00+05:30,3306.9,13.9,63.0,4.6,10.8
2026-02-18 07:00:00+05:30,3454.0,14.9,58.0,0.6,54.1
2026-02-18 08:00:00+05:30,3612.7,15.6,62.0,8.9,93.6
2026-02-18 09:00:00+05:30,3652.5,16.5,58.0,4.9,104.4
2026-02-18 10:00:00+05:30,3668.7,18.0,62.0,9.5,188.7
2026-02-18 11:00:00+05:30,3761.6,19.7,53.0,7.0,160.3
2026-02-18 12:00:00+05:30,3723.7,20.5,52.0,8.1,169.3
2026-02-18 13:00:00+05:30,3846.2,22.1,62.0,12.5,205.7
2026-02-18 14:00:00+05:30,4051.0,23.0,51.0,10.1,169.8
2026-02-18 15:00:00+05:30,4222.8,23.6,51.0,12.7,144.3
2026-02-18 16:00:00+05:30,4205.4,23.9,58.0,16.8,89.4
2026-02-18 17:00:00+05:30,3966.6,23.7,57.0,11.4,47.6
2026-02-18 18:00:00+05:30,3843.2,22.8,55.0,8.4,10.0
2026-02-18 19:00:00+05:30,3865.3,21.7,52.0,9.6,0.0
2026-02-18 20:00:00+05:30,3914.2,20.8,57.0,13.7,0.0
2026-02-18 21:00:00+05:30,3791.5,19.3,58.0,5.2,0.0
2026-02-18 22:00:00+05:30,3513.1,17.8,63.0,6.1,0.0
2026-02-18 23:00:00+05:30,3393.1,16.0,64.0,6.7,0.0
2026-02-19 00:00:00+05:30,3242.8,15.2,62.0,5.7,0.0
2026-02-19 01:00:00+05:30,3070.5,14.0,62.0,4.7,0.0
2026-02-19 02:00:00+05:30,3182.8,12.7,57.0,6.0,0.0
2026-02-19 03:00:00+05:30,3089.1,12.5,64.0,5.9,0.0
2026-02-19 04:00:00+05:30,2974.6,12.5,62.0,5.0,0.0
2026-02-19 05:00:00+05:30,3109.4,12.5,65.0,9.4,0.0
2026-02-19 06:00:00+05:30,3178.2,13.2,64.0,2.7,12.4
2026-02-19 07:00:00+05:30,3414.1,13.9,67.0,3.6,39.4
2026-02-19 08:00:00+05:30,3439.9,15.8,63.0,2.4,105.7
2026-02-19 09:00:00+05:30,3548.5,17.3,62.0,7.6,125.5
2026-02-19 10:00:00+05:30,3679.7,19.5,55.0,9.4,177.7
2026-02-19 11:00:00+05:30,3701.1,21.3,53.0,6.6,166.8
2026-02-19 12:00:00+05:30,3894.3,22.9,55.0,6.4,202.0
2026-02-19 13:00:00+05:30,3936.8,23.5,54.0,13.0,199.0
2026-02-19 14:00:00+05:30,4097.3,24.9,55.0,12.7,191.2
2026-02-19 15:00:00+05:30,4060.4,25.5,49.0,10.7,130.0
2026-02-19 16:00:00+05:30,4072.9,25.6,48.0,17.4,94.4
2026-02-19 17:00:00+05:30,3992.7,25.7,57.0,13.1,45.4
2026-02-19 18:00:00+05:30,3867.8,24.7,45.0,12.0,8.9
2026-02-19 19:00:00+05:30,3762.8,23.3,54.0,12.0,0.0
2026-02-19 20:00:00+05:30,3785.9,21.9,56.0,11.6,0.0
2026-02-19 21:00:00+05:30,3610.1,20.1,59.0,4.0,0.0
2026-02-19 22:00:00+05:30,3406.4,18.4,58.0,6.8,0.0
2026-02-19 23:00:00+05:30,3189.9,16.6,59.0,7.0,0.0
2026-02-20 00:00:00+05:30,3159.8,15.5,62.0,4.9,0.0
2026-02-20 01:00:00+05:30,3220.8,13.4,59.0,4.8,0.0
2026-02-20 02:00:00+05:30,3094.1,12.5,60.0,7.5,0.0
2026-02-20 03:00:00+05:30,3016.6,11.7,61.0,4.1,0.0
2026-02-20 04:00:00+05:30,2942.1,10.9,66.0,3.6,0.0
2026-02-20 05:00:00+05:30,3024.7,11.4,67.0,4.7,0.0
2026-02-20 06:00:00+05:30,3217.8,12.2,65.0,9.9,10.7
2026-02-20 07:00:00+05:30,3393.5,13.5,61.0,6.4,42.5
2026-02-20 08:00:00+05:30,3619.9,14.1,63.0,4.8,112.5
2026-02-20 09:00:00+05:30,3648.1,15.5,61.0,5.3,144.0
2026-02-20 10:00:00+05:30,3751.4,17.3,63.0,4.5,113.3
2026-02-20 11:00:00+05:30,3848.4,19.2,55.0,8.2,177.3
2026-02-20 12:00:00+05:30,3858.2,20.9,59.0,13.2,210.6
2026-02-20 13:00:00+05:30,4043.4,21.4,59.0,8.2,173.2
2026-02-20 14:00:00+05:30,4021.0,21.7,59.0,12.3,170.5
2026-02-20 15:00:00+05:30,3998.9,22.8,54.0,16.2,154.2
2026-02-20 16:00:00+05:30,3965.8,22.7,56.0,10.4,94.6
2026-02-20 17:00:00+05:30,3905.6,22.7,55.0,7.5,43.3
2026-02-20 18:00:00+05:30,3749.6,22.1,57.0,11.6,7.6
2026-02-20 19:00:00+05:30,3823.8,21.2,56.0,12.9,0.0
2026-02-20 20:00:00+05:30,4009.0,20.2,56.0,10.3,0.0
2026-02-20 21:00:00+05:30,3903.3,18.2,53.0,11.8,0.0
2026-02-20 22:00:00+05:30,3787.9,16.6,54.0,4.5,0.0
2026-02-20 23:00:00+05:30,3624.3,15.6,58.0,7.2,0.0
2026-02-21 00:00:00+05:30,3253.3,14.8,62.0,10.3,0.0
2026-02-21 01:00:00+05:30,3091.7,13.7,64.0,11.9,0.0
2026-02-21 02:00:00+05:30,2954.3,12.9,61.0,5.2,0.0
2026-02-21 03:00:00+05:30,3008.3,11.9,64.0,1.7,0.0
2026-02-21 04:00:00+05:30,2994.3,11.0,60.0,5.0,0.0
2026-02-21 05:00:00+05:30,3019.5,11.3,59.0,2.3,0.0
2026-02-21 06:00:00+05:30,3065.3,11.9,62.0,6.4,10.6
2026-02-21 07:00:00+05:30,3235.6,12.8,65.0,0.0,48.1
2026-02-21 08:00:00+05:30,3374.3,13.9,66.0,8.7,89.7
2026-02-21 09:00:00+05:30,3551.2,15.4,60.0,10.7,117.0
2026-02-21 10:00:00+05:30,3557.3,16.9,61.0,3.2,157.1
2026-02-21 11:00:00+05:30,3434.5,18.5,55.0,10.7,203.0
2026-02-21 12:00:00+05:30,3607.7,20.7,58.0,9.9,198.5
2026-02-21 13:00:00+05:30,3737.4,21.4,56.0,11.5,217.3
2026-02-21 14:00:00+05:30,3800.3,23.1,54.0,12.6,174.9
2026-02-21 15:00:00+05:30,3802.0,24.1,54.0,10.3,105.8
2026-02-21 16:00:00+05:30,3797.8,23.7,52.0,14.6,74.2
2026-02-21 17:00:00+05:30,3715.6,23.4,59.0,10.6,37.8
2026-02-21 18:00:00+05:30,3594.3,22.9,54.0,12.3,6.3
2026-02-21 19:00:00+05:30,3434.6,22.3,57.0,6.4,0.0
2026-02-21 20:00:00+05:30,3538.6,21.2,61.0,7.7,0.0
2026-02-21 21:00:00+05:30,3459.6,20.4,53.0,11.3,0.0
2026-02-21 22:00:00+05:30,3338.8,18.7,57.0,12.2,0.0
2026-02-21 23:00:00+05:30,3294.8,16.6,59.0,8.3,0.0
2026-02-22 00:00:00+05:30,3233.6,14.9,61.0,3.3,0.0
2026-02-22 01:00:00+05:30,3140.7,12.9,65.0,5.8,0.0
2026-02-22 02:00:00+05:30,3027.6,11.9,64.0,2.9,0.0
2026-02-22 03:00:00+05:30,2980.6,10.9,68.0,7.4,0.0
2026-02-22 04:00:00+05:30,3046.5,10.4,68.0,3.7,0.0
2026-02-22 05:00:00+05:30,3079.5,11.4,68.0,8.8,0.0
2026-02-22 06:00:00+05:30,3136.6,12.3,64.0,3.2,9.8
2026-02-22 07:00:00+05:30,3358.7,13.2,64.0,2.4,39.0
2026-02-22 08:00:00+05:30,3543.5,14.3,62.0,1.8,112.5
2026-02-22 09:00:00+05:30,3680.0,15.6,62.0,9.2,146.5
2026-02-22 10:00:00+05:30,3654.8,17.4,61.0,4.4,168.5
2026-02-22 11:00:00+05:30,3639.5,18.3,66.0,13.2,160.9
2026-02-22 12:00:00+05:30,3576.7,19.9,59.0,12.7,147.2
2026-02-22 13:00:00+05:30,3669.7,21.4,56.0,13.3,195.8
2026-02-22 14:00:00+05:30,3813.9,22.4,53.0,4.6,156.6
2026-02-22 15:00:00+05:30,3898.1,23.4,59.0,12.1,138.7
2026-02-22 16:00:00+05:30,3883.9,23.1,51.0,13.7,94.2
2026-02-22 17:00:00+05:30,3722.3,22.9,57.0,8.4,47.0
2026-02-22 18:00:00+05:30,3597.8,22.4,60.0,11.9,6.1
2026-02-22 19:00:00+05:30,3611.7,21.3,54.0,13.8,0.0
2026-02-22 20:00:00+05:30,3679.5,20.8,57.0,9.1,0.0
2026-02-22 21:00:00+05:30,3438.5,19.2,56.0,9.8,0.0
2026-02-22 22:00:00+05:30,3286.5,17.9,56.0,8.5,0.0
2026-02-22 23:00:00+05:30,3148.2,16.3,60.0,9.3,0.0
2026-02-23 00:00:00+05:30,3298.9,15.2,56.0,5.0,0.0
2026-02-23 01:00:00+05:30,3127.3,14.4,59.0,5.2,0.0
2026-02-23 02:00:00+05:30,3086.4,13.4,61.0,0.0,0.0
2026-02-23 03:00:00+05:30,3097.9,12.6,58.0,2.5,0.0
2026-02-23 04:00:00+05:30,3082.4,11.8,63.0,2.4,0.0
2026-02-23 05:00:00+05:30,3153.3,11.9,58.0,5.5,0.0
2026-02-23 06:00:00+05:30,3212.2,12.2,61.0,4.5,9.0
2026-02-23 07:00:00+05:30,3450.0,13.5,60.0,7.0,48.4
2026-02-23 08:00:00+05:30,3639.0,14.7,58.0,9.9,77.7
2026-02-23 09:00:00+05:30,3758.3,15.8,63.0,7.2,145.4
2026-02-23 10:00:00+05:30,3777.3,17.9,55.0,5.8,163.7
2026-02-23 11:00:00+05:30,3732.3,19.8,48.0,12.7,208.8
2026-02-23 12:00:00+05:30,3943.5,21.2,54.0,8.9,188.8
2026-02-23 13:00:00+05:30,4012.6,22.6,56.0,6.5,195.3
2026-02-23 14:00:00+05:30,4007.7,23.4,54.0,4.9,124.1
2026-02-23 15:00:00+05:30,3999.3,24.6,47.0,7.6,106.1
2026-02-23 16:00:00+05:30,3936.9,24.5,55.0,16.4,91.8
2026-02-23 17:00:00+05:30,3828.8,24.5,48.0,15.5,39.7
2026-02-23 18:00:00+05:30,3698.8,24.0,55.0,10.4,8.0
2026-02-23 19:00:00+05:30,3813.1,23.2,49.0,8.3,0.0
2026-02-23 20:00:00+05:30,3897.0,21.5,54.0,9.7,0.0
2026-02-23 21:00:00+05:30,3644.0,20.2,58.0,7.9,0.0
2026-02-23 22:00:00+05:30,3359.5,18.8,55.0,8.4,0.0
2026-02-23 23:00:00+05:30,3236.5,17.4,56.0,4.6,0.0
2026-02-24 00:00:00+05:30,3174.2,16.1,58.0,0.9,0.0
2026-02-24 01:00:00+05:30,3122.1,15.1,57.0,7.4,0.0
2026-02-24 02:00:00+05:30,3118.9,14.2,58.0,7.0,0.0
2026-02-24 03:00:00+05:30,3120.5,13.4,59.0,7.6,0.0
2026-02-24 04:00:00+05:30,3143.3,13.5,61.0,2.3,0.0
2026-02-24 05:00:00+05:30,3232.7,12.9,61.0,0.0,0.0
2026-02-24 06:00:00+05:30,3254.6,13.2,63.0,9.1,8.3
2026-02-24 07:00:00+05:30,3556.1,14.1,64.0,5.8,53.5
2026-02-24 08:00:00+05:30,3571.3,15.4,60.0,6.9,100.7
2026-02-24 09:00:00+05:30,3639.8,16.6,63.0,9.5,129.8
2026-02-24 10:00:00+05:30,3668.3,18.4,60.0,8.4,132.7
2026-02-24 11:00:00+05:30,3809.3,19.9,52.0,9.0,169.9
2026-02-24 12:00:00+05:30,3915.3,21.4,60.0,8.8,210.7
2026-02-24 13:00:00+05:30,4023.6,22.6,54.0,13.0,169.7
2026-02-24 14:00:00+05:30,4114.1,23.5,52.0,12.1,170.9
2026-02-24 15:00:00+05:30,4200.4,24.1,55.0,16.8,133.8
2026-02-24 16:00:00+05:30,4159.2,24.2,52.0,12.5,84.3
2026-02-24 17:00:00+05:30,4016.0,23.9,53.0,12.1,44.7
2026-02-24 18:00:00+05:30,3960.0,23.3,57.0,9.7,6.8
2026-02-24 19:00:00+05:30,3829.8,22.7,58.0,8.6,0.0
2026-02-24 20:00:00+05:30,3919.9,21.5,54.0,7.4,0.0
2026-02-24 21:00:00+05:30,3810.0,20.3,56.0,6.8,0.0
2026-02-24 22:00:00+05:30,3565.9,18.8,60.0,7.9,0.0
2026-02-24 23:00:00+05:30,3311.2,17.6,59.0,5.5,0.0
2026-02-25 00:00:00+05:30,3115.3,16.9,57.0,4.2,0.0
2026-02-25 01:00:00+05:30,2849.2,16.2,56.0,3.7,0.0
2026-02-25 02:00:00+05:30,2752.6,16.0,64.0,4.7,0.0
2026-02-25 03:00:00+05:30,2693.6,15.3,63.0,5.1,0.0
2026-02-25 04:00:00+05:30,2811.9,14.8,54.0,5.9,0.0
2026-02-25 05:00:00+05:30,2899.7,15.4,56.0,5.2,0.0
2026-02-25 06:00:00+05:30,2955.2,16.3,59.0,5.5,10.9
2026-02-25 07:00:00+05:30,3178.2,17.1,57.0,6.0,35.0
2026-02-25 08:00:00+05:30,3378.4,18.2,57.0,6.5,71.9
2026-02-25 09:00:00+05:30,3565.1,19.1,55.0,9.3,142.1
2026-02-25 10:00:00+05:30,3777.5,20.6,50.0,13.8,164.1
2026-02-25 11:00:00+05:30,3793.5,22.3,52.0,4.0,195.2
2026-02-25 12:00:00+05:30,3808.8,23.7,51.0,11.4,223.3
2026-02-25 13:00:00+05:30,3923.8,25.2,49.0,8.4,220.0
2026-02-25 14:00:00+05:30,4011.8,25.5,47.0,8.2,164.0
2026-02-25 15:00:00+05:30,4009.5,26.6,50.0,10.3,121.4
2026-02-25 16:00:00+05:30,4090.9,27.3,50.0,13.5,95.1
2026-02-25 17:00:00+05:30,4029.8,26.8,49.0,11.1,34.2
2026-02-25 18:00:00+05:30,3795.3,27.0,46.0,10.9,6.9
2026-02-25 19:00:00+05:30,3872.4,25.9,47.0,14.4,0.0
2026-02-25 20:00:00+05:30,3880.7,24.8,49.0,11.6,0.0
2026-02-25 21:00:00+05:30,3630.5,22.9,45.0,5.1,0.0
2026-02-25 22:00:00+05:30,3313.2,21.0,56.0,3.7,0.0
2026-02-25 23:00:00+05:30,3144.9,19.4,53.0,3.9,0.0
2026-02-26 00:00:00+05:30,3099.0,17.3,57.0,9.3,0.0
2026-02-26 01:00:00+05:30,3127.2,16.4,54.0,6.9,0.0
2026-02-26 02:00:00+05:30,3021.4,15.1,58.0,0.4,0.0
2026-02-26 03:00:00+05:30,3015.5,14.3,58.0,3.1,0.0
2026-02-26 04:00:00+05:30,2998.6,14.4,62.0,2.0,0.0
2026-02-26 05:00:00+05:30,3005.3,14.9,60.0,2.2,0.0
2026-02-26 06:00:00+05:30,3141.9,15.4,60.0,6.1,9.2
2026-02-26 07:00:00+05:30,3298.8,16.0,55.0,7.9,55.0
2026-02-26 08:00:00+05:30,3473.5,17.3,61.0,5.4,87.3
2026-02-26 09:00:00+05:30,3639.6,19.4,56.0,10.0,116.8
2026-02-26 10:00:00+05:30,3782.9,20.9,57.0,6.1,160.8
2026-02-26 11:00:00+05:30,3930.9,22.8,53.0,8.3,159.7
2026-02-26 12:00:00+05:30,3878.1,24.1,52.0,9.0,192.9
2026-02-26 13:00:00+05:30,3825.0,25.2,50.0,14.2,207.0
2026-02-26 14:00:00+05:30,3907.0,26.1,50.0,11.4,158.6
2026-02-26 15:00:00+05:30,4000.3,26.3,50.0,14.5,133.2
2026-02-26 16:00:00+05:30,4037.0,26.5,52.0,5.6,97.9
2026-02-26 17:00:00+05:30,3903.6,26.7,43.0,9.8,40.2
2026-02-26 18:00:00+05:30,3820.2,26.6,48.0,10.1,7.4
2026-02-26 19:00:00+05:30,3715.9,26.0,49.0,9.3,0.0
2026-02-26 20:00:00+05:30,3836.6,24.5,50.0,9.8,0.0
2026-02-26 21:00:00+05:30,3632.8,23.1,50.0,13.7,0.0
2026-02-26 22:00:00+05:30,3448.0,21.6,51.0,9.3,0.0
2026-02-26 23:00:00+05:30,3337.2,19.6,53.0,4.3,0.0
2026-02-27 00:00:00+05:30,3150.0,18.2,49.0,4.9,0.0
2026-02-27 01:00:00+05:30,2910.8,16.3,60.0,4.3,0.0
2026-02-27 02:00:00+05:30,2915.7,14.5,62.0,2.5,0.0
2026-02-27 03:00:00+05:30,2827.8,14.0,57.0,0.7,0.0
2026-02-27 04:00:00+05:30,2911.7,14.0,58.0,1.5,0.0
2026-02-27 05:00:00+05:30,2866.5,14.1,61.0,4.9,0.0
2026-02-27 06:00:00+05:30,2989.7,14.8,58.0,9.0,11.0
2026-02-27 07:00:00+05:30,3232.2,15.6,63.0,5.9,46.2
2026-02-27 08:00:00+05:30,3467.8,16.9,54.0,6.5,68.1
2026-02-27 09:00:00+05:30,3702.4,17.6,55.0,3.8,110.4
2026-02-27 10:00:00+05:30,3876.5,19.5,59.0,9.2,150.8
2026-02-27 11:00:00+05:30,3942.8,20.9,54.0,12.1,142.2
2026-02-27 12:00:00+05:30,3865.8,22.8,52.0,11.5,209.5
2026-02-27 13:00:00+05:30,3988.0,23.9,55.0,15.9,170.3
2026-02-27 14:00:00+05:30,4124.1,24.4,52.0,13.1,172.3
2026-02-27 15:00:00+05:30,4149.5,25.5,47.0,14.7,138.6
2026-02-27 16:00:00+05:30,4264.1,25.7,48.0,8.6,101.1
2026-02-27 17:00:00+05:30,4158.1,25.6,46.0,9.3,47.0
2026-02-27 18:00:00+05:30,4001.4,24.9,50.0,9.1,7.8
2026-02-27 19:00:00+05:30,4000.5,24.1,49.0,15.5,0.0
2026-02-27 20:00:00+05:30,4002.4,23.0,52.0,14.0,0.0
2026-02-27 21:00:00+05:30,3951.9,21.1,57.0,11.6,0.0
2026-02-27 22:00:00+05:30,3681.9,20.1,58.0,8.5,0.0
2026-02-27 23:00:00+05:30,3418.3,18.3,54.0,6.0,0.0
2026-02-28 00:00:00+05:30,3057.6,17.1,54.0,6.6,0.0
2026-02-28 01:00:00+05:30,2943.5,15.3,60.0,4.1,0.0
2026-02-28 02:00:00+05:30,2831.5,14.1,64.0,5.8,0.0
2026-02-28 03:00:00+05:30,2739.6,14.0,59.0,1.9,0.0
2026-02-28 04:00:00+05:30,2762.7,14.2,57.0,4.5,0.0
2026-02-28 05:00:00+05:30,2771.4,14.5,55.0,0.5,0.0
2026-02-28 06:00:00+05:30,2867.8,15.0,58.0,3.3,12.5
2026-02-28 07:00:00+05:30,3032.8,15.6,60.0,9.8,41.4
2026-02-28 08:00:00+05:30,3243.4,17.3,56.0,9.0,93.4
2026-02-28 09:00:00+05:30,3282.0,18.9,58.0,5.4,148.4
2026-02-28 10:00:00+05:30,3483.0,20.3,55.0,6.0,172.5
2026-02-28 11:00:00+05:30,3540.2,22.2,54.0,12.9,203.6
2026-02-28 12:00:00+05:30,3611.1,23.8,50.0,10.0,158.1
2026-02-28 13:00:00+05:30,3743.2,25.4,52.0,11.1,197.7
2026-02-28 14:00:00+05:30,3904.4,26.1,49.0,13.7,157.8
2026-02-28 15:00:00+05:30,4003.4,26.7,50.0,13.7,149.4
2026-02-28 16:00:00+05:30,3897.7,27.1,51.0,11.7,88.7
2026-02-28 17:00:00+05:30,3871.2,26.9,51.0,15.5,50.0
2026-02-28 18:00:00+05:30,3716.9,26.3,52.0,11.9,9.1
2026-02-28 19:00:00+05:30,3671.2,25.2,48.0,6.6,0.0
2026-02-28 20:00:00+05:30,3644.8,24.0,52.0,10.6,0.0
2026-02-28 21:00:00+05:30,3489.0,22.2,51.0,12.4,0.0
2026-02-28 22:00:00+05:30,3344.2,20.7,50.0,5.4,0.0
2026-02-28 23:00:00+05:30,3202.2,18.7,51.0,7.8,0.0
2026-03-01 00:00:00+05:30,3019.7,17.3,62.0,5.8,0.0
2026-03-01 01:00:00+05:30,2967.8,16.4,57.0,5.0,0.0
2026-03-01 02:00:00+05:30,2918.1,15.6,63.0,4.1,0.0
2026-03-01 03:00:00+05:30,2837.7,14.5,60.0,4.5,0.0
2026-03-01 04:00:00+05:30,2767.8,14.8,58.0,2.3,0.0
2026-03-01 05:00:00+05:30,2812.0,15.2,61.0,4.2,0.0
2026-03-01 06:00:00+05:30,2973.2,15.5,63.0,1.1,10.7
2026-03-01 07:00:00+05:30,3065.1,17.0,55.0,8.3,55.0
2026-03-01 08:00:00+05:30,3138.5,18.2,57.0,8.5,96.7
2026-03-01 09:00:00+05:30,3303.4,19.6,50.0,6.5,112.0
2026-03-01 10:00:00+05:30,3436.2,21.6,48.0,7.4,184.7
2026-03-01 11:00:00+05:30,3475.3,23.4,53.0,8.3,219.4
2026-03-01 12:00:00+05:30,3481.1,24.6,49.0,8.9,225.0
2026-03-01 13:00:00+05:30,3574.6,25.1,49.0,15.0,212.9
2026-03-01 14:00:00+05:30,3726.7,26.5,46.0,13.3,162.4
2026-03-01 15:00:00+05:30,3798.5,26.8,44.0,13.2,131.0
2026-03-01 16:00:00+05:30,3966.0,27.5,47.0,11.7,92.9
2026-03-01 17:00:00+05:30,3726.3,27.3,49.0,8.4,44.2
2026-03-01 18:00:00+05:30,3608.6,27.0,48.0,15.0,8.4
2026-03-01 19:00:00+05:30,3620.3,25.9,45.0,15.4,0.0
2026-03-01 20:00:00+05:30,3681.7,24.8,51.0,13.6,0.0
2026-03-01 21:00:00+05:30,3549.4,23.3,49.0,10.0,0.0
2026-03-01 22:00:00+05:30,3335.7,21.7,52.0,4.5,0.0
2026-03-01 23:00:00+05:30,3196.4,20.0,51.0,4.4,0.0
2026-03-02 00:00:00+05:30,3243.3,19.1,54.0,7.3,0.0
2026-03-02 01:00:00+05:30,3025.3,17.6,49.0,7.2,0.0
2026-03-02 02:00:00+05:30,2870.5,16.5,56.0,4.8,0.0
2026-03-02 03:00:00+05:30,2785.1,15.4,56.0,0.9,0.0
2026-03-02 04:00:00+05:30,2788.6,15.4,54.0,5.5,0.0
2026-03-02 05:00:00+05:30,2740.5,14.8,55.0,3.2,0.0
2026-03-02 06:00:00+05:30,2947.4,14.9,57.0,7.2,11.9
2026-03-02 07:00:00+05:30,3157.0,16.4,50.0,6.0,48.3
2026-03-02 08:00:00+05:30,3406.3,17.6,53.0,9.1,105.0
2026-03-02 09:00:00+05:30,3562.3,18.5,54.0,6.5,162.4
2026-03-02 10:00:00+05:30,3689.7,20.1,55.0,4.3,194.9
2026-03-02 11:00:00+05:30,3782.9,21.5,53.0,9.3,191.1
2026-03-02 12:00:00+05:30,3925.4,23.4,48.0,9.1,197.5
2026-03-02 13:00:00+05:30,4017.0,24.9,54.0,8.8,200.0
2026-03-02 14:00:00+05:30,4110.1,26.2,49.0,13.6,146.9
2026-03-02 15:00:00+05:30,4171.8,26.7,49.0,11.9,108.7
2026-03-02 16:00:00+05:30,4116.5,27.1,50.0,12.9,105.0
2026-03-02 17:00:00+05:30,4010.0,26.6,46.0,8.6,44.3
2026-03-02 18:00:00+05:30,3874.9,25.7,48.0,13.5,9.6
2026-03-02 19:00:00+05:30,3942.3,24.8,51.0,9.5,0.0
2026-03-02 20:00:00+05:30,4042.9,23.6,49.0,5.9,0.0
2026-03-02 21:00:00+05:30,3819.1,22.0,54.0,7.6,0.0
2026-03-02 22:00:00+05:30,3599.7,20.5,54.0,8.9,0.0
2026-03-02 23:00:00+05:30,3471.3,18.7,60.0,5.2,0.0
2026-03-03 00:00:00+05:30,3239.9,17.2,59.0,10.0,0.0
2026-03-03 01:00:00+05:30,3186.1,15.8,57.0,4.4,0.0
2026-03-03 02:00:00+05:30,3057.9,15.2,61.0,1.6,0.0
2026-03-03 03:00:00+05:30,2949.0,14.7,59.0,2.9,0.0
2026-03-03 04:00:00+05:30,2984.8,14.2,61.0,4.1,0.0
2026-03-03 05:00:00+05:30,2967.1,14.6,57.0,2.0,0.0
2026-03-03 06:00:00+05:30,3111.9,15.0,60.0,7.0,9.8
2026-03-03 07:00:00+05:30,3321.5,15.7,56.0,5.2,35.7
2026-03-03 08:00:00+05:30,3433.2,16.8,53.0,6.1,86.3
2026-03-03 09:00:00+05:30,3620.4,18.3,57.0,6.8,125.7
2026-03-03 10:00:00+05:30,3725.1,19.6,50.0,9.4,159.6
2026-03-03 11:00:00+05:30,3906.0,21.5,53.0,7.4,195.4
2026-03-03 12:00:00+05:30,4066.7,23.1,55.0,9.4,194.4
2026-03-03 13:00:00+05:30,4227.3,24.3,54.0,10.8,154.9
2026-03-03 14:00:00+05:30,4316.0,25.3,48.0,13.1,155.7
2026-03-03 15:00:00+05:30,4223.8,26.3,47.0,11.6,137.3
2026-03-03 16:00:00+05:30,4096.3,26.5,49.0,12.8,83.7
2026-03-03 17:00:00+05:30,4006.8,26.2,43.0,10.7,44.2
2026-03-03 18:00:00+05:30,3898.6,24.9,48.0,6.5,8.1
2026-03-03 19:00:00+05:30,3939.3,23.6,51.0,7.0,0.0
2026-03-03 20:00:00+05:30,4019.3,22.5,50.0,6.0,0.0
2026-03-03 21:00:00+05:30,3945.7,21.3,53.0,8.3,0.0
2026-03-03 22:00:00+05:30,3663.5,19.8,51.0,5.2,0.0
2026-03-03 23:00:00+05:30,3406.6,18.2,54.0,10.8,0.0
2026-03-04 00:00:00+05:30,2846.0,17.1,56.0,7.6,0.0
2026-03-04 01:00:00+05:30,2725.8,15.3,59.0,0.0,0.0
2026-03-04 02:00:00+05:30,2611.4,14.3,65.0,0.0,0.0
2026-03-04 03:00:00+05:30,2561.8,13.9,57.0,2.8,0.0
2026-03-04 04:00:00+05:30,2504.0,13.8,55.0,4.0,0.0
2026-03-04 05:00:00+05:30,2487.6,13.8,58.0,2.7,0.0
2026-03-04 06:00:00+05:30,2604.3,14.4,58.0,7.2,9.4
2026-03-04 07:00:00+05:30,2721.6,15.7,55.0,5.2,49.6
2026-03-04 08:00:00+05:30,2901.0,17.1,61.0,10.8,99.5
2026-03-04 09:00:00+05:30,3138.2,18.8,53.0,3.8,146.7
2026-03-04 10:00:00+05:30,3293.8,20.3,53.0,6.1,180.3
2026-03-04 11:00:00+05:30,3308.9,21.9,47.0,12.5,220.0
2026-03-04 12:00:00+05:30,3403.0,23.6,47.0,12.1,192.2
2026-03-04 13:00:00+05:30,3436.3,25.4,50.0,16.6,206.9
2026-03-04 14:00:00+05:30,3627.1,26.5,45.0,11.3,126.7
2026-03-04 15:00:00+05:30,3660.4,27.1,49.0,8.8,121.6
2026-03-04 16:00:00+05:30,3655.8,27.9,44.0,10.4,78.2
2026-03-04 17:00:00+05:30,3442.0,27.8,44.0,15.4,42.6
2026-03-04 18:00:00+05:30,3419.6,27.4,46.0,12.3,8.9
2026-03-04 19:00:00+05:30,3519.7,26.5,44.0,8.8,0.0
2026-03-04 20:00:00+05:30,3577.2,25.6,47.0,9.1,0.0
2026-03-04 21:00:00+05:30,3426.7,24.2,53.0,9.7,0.0
2026-03-04 22:00:00+05:30,3338.4,22.9,47.0,10.2,0.0
2026-03-04 23:00:00+05:30,3126.9,21.4,50.0,9.2,0.0
2026-03-05 00:00:00+05:30,3261.1,20.4,48.0,6.4,0.0
2026-03-05 01:00:00+05:30,3047.8,18.9,50.0,8.2,0.0
2026-03-05 02:00:00+05:30,3020.4,17.8,52.0,4.6,0.0
2026-03-05 03:00:00+05:30,2945.1,17.6,48.0,0.0,0.0
2026-03-05 04:00:00+05:30,2865.9,17.4,53.0,6.8,0.0
2026-03-05 05:00:00+05:30,2929.4,17.2,52.0,4.5,0.0
2026-03-05 06:00:00+05:30,3073.8,17.7,58.0,6.5,11.2
2026-03-05 07:00:00+05:30,3211.0,18.5,57.0,4.5,44.0
2026-03-05 08:00:00+05:30,3395.3,19.4,56.0,5.9,67.8
2026-03-05 09:00:00+05:30,3611.9,20.6,48.0,9.8,130.7
2026-03-05 10:00:00+05:30,3806.9,22.5,55.0,9.7,158.0
2026-03-05 11:00:00+05:30,3839.4,24.4,49.0,9.2,166.7
2026-03-05 12:00:00+05:30,4124.8,26.4,51.0,10.2,197.6
2026-03-05 13:00:00+05:30,4393.7,27.7,40.0,9.1,183.5
2026-03-05 14:00:00+05:30,4578.9,27.9,39.0,13.4,160.5
2026-03-05 15:00:00+05:30,4725.6,28.4,49.0,13.4,95.7
2026-03-05 16:00:00+05:30,4648.0,28.6,42.0,13.1,103.7
2026-03-05 17:00:00+05:30,4461.7,28.1,46.0,11.8,47.5
2026-03-05 18:00:00+05:30,4254.1,27.3,47.0,15.4,7.3
2026-03-05 19:00:00+05:30,4098.3,26.5,46.0,12.8,0.0
2026-03-05 20:00:00+05:30,3955.7,25.8,53.0,10.7,0.0
2026-03-05 21:00:00+05:30,3791.3,23.9,45.0,11.1,0.0
2026-03-05 22:00:00+05:30,3565.8,23.1,46.0,8.0,0.0
2026-03-05 23:00:00+05:30,3383.5,21.0,47.0,3.0,0.0
2026-03-06 00:00:00+05:30,3266.5,19.5,49.0,9.8,0.0
2026-03-06 01:00:00+05:30,3095.5,18.4,56.0,4.2,0.0
2026-03-06 02:00:00+05:30,3011.7,16.6,52.0,6.6,0.0
2026-03-06 03:00:00+05:30,2952.3,16.0,58.0,2.7,0.0
2026-03-06 04:00:00+05:30,2899.0,16.1,56.0,4.1,0.0
2026-03-06 05:00:00+05:30,3051.7,16.9,57.0,6.0,0.0
2026-03-06 06:00:00+05:30,3155.3,17.5,50.0,6.7,10.5
2026-03-06 07:00:00+05:30,3389.9,18.3,55.0,6.1,52.2
2026-03-06 08:00:00+05:30,3608.4,19.4,52.0,7.0,103.6
2026-03-06 09:00:00+05:30,3643.6,20.7,43.0,5.2,140.8
2026-03-06 10:00:00+05:30,3860.4,21.8,50.0,9.2,177.6
2026-03-06 11:00:00+05:30,3834.4,23.2,48.0,9.0,206.9
2026-03-06 12:00:00+05:30,3916.8,24.4,52.0,10.6,178.0
2026-03-06 13:00:00+05:30,3978.1,25.7,39.0,13.4,195.5
2026-03-06 14:00:00+05:30,4252.9,26.5,44.0,10.8,147.2
2026-03-06 15:00:00+05:30,4457.7,27.4,48.0,11.8,105.8
2026-03-06 16:00:00+05:30,4377.9,27.8,47.0,8.5,78.4
2026-03-06 17:00:00+05:30,4226.4,27.4,44.0,9.0,45.7
2026-03-06 18:00:00+05:30,3854.1,26.2,46.0,9.9,8.6
2026-03-06 19:00:00+05:30,3877.0,25.1,53.0,11.2,0.0
2026-03-06 20:00:00+05:30,3868.4,24.0,54.0,11.2,0.0
2026-03-06 21:00:00+05:30,3690.6,22.6,51.0,9.0,0.0
2026-03-06 22:00:00+05:30,3470.7,21.4,54.0,8.4,0.0
2026-03-06 23:00:00+05:30,3326.5,19.0,53.0,7.8,0.0
2026-03-07 00:00:00+05:30,3015.6,17.4,49.0,6.0,0.0
2026-03-07 01:00:00+05:30,2897.7,16.0,56.0,1.8,0.0
2026-03-07 02:00:00+05:30,2776.2,15.1,56.0,7.0,0.0
2026-03-07 03:00:00+05:30,2723.0,14.0,60.0,5.7,0.0
2026-03-07 04:00:00+05:30,2709.2,13.4,66.0,4.8,0.0
2026-03-07 05:00:00+05:30,2849.1,13.9,59.0,7.4,0.0
2026-03-07 06:00:00+05:30,2910.8,14.7,58.0,4.3,10.1
2026-03-07 07:00:00+05:30,3110.0,15.2,59.0,5.4,39.9
2026-03-07 08:00:00+05:30,3254.5,16.2,62.0,6.5,101.5
2026-03-07 09:00:00+05:30,3397.8,17.8,52.0,6.1,135.9
2026-03-07 10:00:00+05:30,3658.8,18.8,57.0,4.5,188.2
2026-03-07 11:00:00+05:30,3693.3,20.5,49.0,2.8,220.0
2026-03-07 12:00:00+05:30,3705.2,22.1,48.0,10.4,225.0
2026-03-07 13:00:00+05:30,3736.0,23.4,50.0,11.2,201.1
2026-03-07 14:00:00+05:30,3826.3,25.3,48.0,14.0,160.9
2026-03-07 15:00:00+05:30,3983.0,25.9,48.0,11.9,128.0
2026-03-07 16:00:00+05:30,3890.2,26.0,48.0,12.8,100.4
2026-03-07 17:00:00+05:30,3769.4,25.6,49.0,12.9,38.6
2026-03-07 18:00:00+05:30,3637.5,24.7,48.0,10.9,8.1
2026-03-07 19:00:00+05:30,3579.8,24.0,51.0,13.4,0.0
2026-03-07 20:00:00+05:30,3612.3,22.7,51.0,12.4,0.0
2026-03-07 21:00:00+05:30,3429.6,20.4,57.0,5.1,0.0
2026-03-07 22:00:00+05:30,3283.5,19.1,56.0,12.9,0.0
2026-03-07 23:00:00+05:30,3069.8,17.5,58.0,4.4,0.0
2026-03-08 00:00:00+05:30,3006.9,16.1,59.0,4.6,0.0
2026-03-08 01:00:00+05:30,2854.2,14.7,61.0,3.8,0.0
2026-03-08 02:00:00+05:30,2722.9,13.2,58.0,7.4,0.0
2026-03-08 03:00:00+05:30,2789.2,12.6,56.0,4.2,0.0
2026-03-08 04:00:00+05:30,2638.8,12.6,62.0,4.1,0.0
2026-03-08 05:00:00+05:30,2771.0,12.1,56.0,4.6,0.0
2026-03-08 06:00:00+05:30,2937.2,12.4,64.0,3.9,9.5
2026-03-08 07:00:00+05:30,3130.2,14.0,55.0,3.5,49.2
2026-03-08 08:00:00+05:30,3334.0,15.3,59.0,5.5,93.5
2026-03-08 09:00:00+05:30,3421.8,17.3,57.0,2.2,156.0
2026-03-08 10:00:00+05:30,3643.0,18.6,60.0,7.4,176.2
2026-03-08 11:00:00+05:30,3725.7,20.5,51.0,11.8,137.8
2026-03-08 12:00:00+05:30,3642.6,21.8,49.0,9.2,181.3
2026-03-08 13:00:00+05:30,3728.7,22.9,56.0,14.7,179.2
2026-03-08 14:00:00+05:30,3786.4,24.4,53.0,14.1,168.0
2026-03-08 15:00:00+05:30,3855.5,24.7,47.0,12.3,121.4
2026-03-08 16:00:00+05:30,3949.5,24.6,50.0,9.8,82.5
2026-03-08 17:00:00+05:30,3789.5,24.0,45.0,8.4,40.0
2026-03-08 18:00:00+05:30,3637.5,23.6,47.0,16.1,7.6
2026-03-08 19:00:00+05:30,3683.1,22.8,49.0,7.4,0.0
2026-03-08 20:00:00+05:30,3803.6,21.3,52.0,11.4,0.0
2026-03-08 21:00:00+05:30,3703.2,20.0,60.0,8.7,0.0
2026-03-08 22:00:00+05:30,3519.8,17.9,53.0,9.7,0.0
2026-03-08 23:00:00+05:30,3395.5,16.4,58.0,12.9,0.0
2026-03-09 00:00:00+05:30,3510.1,14.6,56.0,6.8,0.0
2026-03-09 01:00:00+05:30,3498.5,13.1,61.0,1.8,0.0
2026-03-09 02:00:00+05:30,3330.2,12.4,68.0,2.1,0.0
2026-03-09 03:00:00+05:30,3180.1,11.5,61.0,4.9,0.0
2026-03-09 04:00:00+05:30,3159.5,11.5,64.0,4.8,0.0
2026-03-09 05:00:00+05:30,3271.1,12.1,60.0,3.8,0.0
2026-03-09 06:00:00+05:30,3395.0,12.8,66.0,6.2,11.1
2026-03-09 07:00:00+05:30,3540.7,14.0,57.0,7.7,46.2
2026-03-09 08:00:00+05:30,3656.4,15.0,56.0,7.7,86.9
2026-03-09 09:00:00+05:30,3737.1,17.1,56.0,9.7,158.9
2026-03-09 10:00:00+05:30,3820.0,19.4,53.0,8.1,174.8
2026-03-09 11:00:00+05:30,3831.3,21.1,55.0,11.4,215.9
2026-03-09 12:00:00+05:30,3878.1,22.1,55.0,11.2,207.2
2026-03-09 13:00:00+05:30,3858.4,23.1,53.0,12.7,193.9
2026-03-09 14:00:00+05:30,4010.9,24.3,53.0,7.9,160.5
2026-03-09 15:00:00+05:30,4063.3,25.3,45.0,11.8,138.0
2026-03-09 16:00:00+05:30,4179.9,25.9,48.0,13.8,96.4
2026-03-09 17:00:00+05:30,4047.1,25.8,51.0,15.3,48.6
2026-03-09 18:00:00+05:30,3896.0,25.5,47.0,11.3,9.6
2026-03-09 19:00:00+05:30,3848.0,24.2,46.0,8.3,0.0
2026-03-09 20:00:00+05:30,3888.8,23.1,52.0,8.9,0.0
2026-03-09 21:00:00+05:30,3729.5,22.0,58.0,10.1,0.0
2026-03-09 22:00:00+05:30,3583.7,20.4,51.0,7.8,0.0
2026-03-09 23:00:00+05:30,3429.8,18.5,54.0,6.6,0.0
2026-03-10 00:00:00+05:30,3367.8,17.3,55.0,7.0,0.0
2026-03-10 01:00:00+05:30,3307.6,16.6,62.0,5.0,0.0
2026-03-10 02:00:00+05:30,3297.3,15.1,57.0,4.3,0.0
2026-03-10 03:00:00+05:30,3332.5,14.8,61.0,5.7,0.0
2026-03-10 04:00:00+05:30,3241.0,15.2,55.0,2.0,0.0
2026-03-10 05:00:00+05:30,3176.4,15.4,55.0,3.6,0.0
2026-03-10 06:00:00+05:30,3207.5,16.4,49.0,3.9,10.9
2026-03-10 07:00:00+05:30,3285.3,17.4,56.0,5.1,38.2
2026-03-10 08:00:00+05:30,3515.3,18.4,53.0,9.0,112.5
2026-03-10 09:00:00+05:30,3689.2,19.6,53.0,5.8,146.1
2026-03-10 10:00:00+05:30,3843.0,21.6,48.0,5.1,177.4
2026-03-10 11:00:00+05:30,4005.8,23.4,48.0,7.1,204.3
2026-03-10 12:00:00+05:30,4050.0,25.5,48.0,8.2,220.1
2026-03-10 13:00:00+05:30,4153.8,27.6,45.0,11.5,168.2
2026-03-10 14:00:00+05:30,4290.2,28.3,49.0,10.0,141.4
2026-03-10 15:00:00+05:30,4557.2,29.1,50.0,15.3,143.0
2026-03-10 16:00:00+05:30,4496.8,28.6,44.0,10.7,88.2
2026-03-10 17:00:00+05:30,4267.9,28.5,39.0,12.1,38.0
2026-03-10 18:00:00+05:30,3963.2,27.5,42.0,12.9,9.1
2026-03-10 19:00:00+05:30,3849.3,26.2,49.0,10.2,0.0
2026-03-10 20:00:00+05:30,3969.4,24.9,52.0,9.8,0.0
2026-03-10 21:00:00+05:30,3843.1,23.4,49.0,8.1,0.0
2026-03-10 22:00:00+05:30,3516.9,21.7,48.0,9.5,0.0
2026-03-10 23:00:00+05:30,3336.4,20.1,50.0,10.4,0.0
2026-03-11 00:00:00+05:30,3170.5,18.9,61.0,9.0,0.0
2026-03-11 01:00:00+05:30,3020.9,18.2,55.0,6.4,0.0
2026-03-11 02:00:00+05:30,2816.3,17.5,54.0,4.8,0.0
2026-03-11 03:00:00+05:30,2809.9,17.0,57.0,0.0,0.0
2026-03-11 04:00:00+05:30,2794.8,16.8,52.0,4.6,0.0
2026-03-11 05:00:00+05:30,2952.1,16.9,58.0,4.4,0.0
2026-03-11 06:00:00+05:30,3058.4,17.3,58.0,3.6,11.0
2026-03-11 07:00:00+05:30,3359.0,17.8,55.0,6.7,45.1
2026-03-11 08:00:00+05:30,3542.7,19.2,54.0,9.9,88.7
2026-03-11 09:00:00+05:30,3552.8,20.8,47.0,5.8,162.5
2026-03-11 10:00:00+05:30,3727.0,22.5,54.0,7.6,165.9
2026-03-11 11:00:00+05:30,3782.1,24.8,46.0,8.8,198.2
2026-03-11 12:00:00+05:30,3833.6,25.4,47.0,10.3,203.1
2026-03-11 13:00:00+05:30,4132.2,26.8,44.0,12.1,173.1
2026-03-11 14:00:00+05:30,4360.5,28.4,44.0,8.9,183.8
2026-03-11 15:00:00+05:30,4561.8,28.5,49.0,12.0,128.2
2026-03-11 16:00:00+05:30,4483.7,28.0,45.0,15.4,85.0
2026-03-11 17:00:00+05:30,4313.5,28.0,51.0,12.1,47.6
2026-03-11 18:00:00+05:30,4082.6,27.1,42.0,13.0,8.3
2026-03-11 19:00:00+05:30,3853.6,26.1,49.0,11.3,0.0
2026-03-11 20:00:00+05:30,3903.3,25.0,49.0,8.7,0.0
2026-03-11 21:00:00+05:30,3819.7,23.3,55.0,7.2,0.0
2026-03-11 22:00:00+05:30,3605.2,21.6,52.0,6.7,0.0
2026-03-11 23:00:00+05:30,3395.7,20.2,54.0,3.8,0.0
2026-03-12 00:00:00+05:30,3180.4,18.7,52.0,6.0,0.0
2026-03-12 01:00:00+05:30,3072.9,17.7,57.0,6.9,0.0
2026-03-12 02:00:00+05:30,3002.0,16.4,49.0,2.1,0.0
2026-03-12 03:00:00+05:30,2880.8,15.9,53.0,3.0,0.0
2026-03-12 04:00:00+05:30,2825.9,15.3,56.0,1.9,0.0
2026-03-12 05:00:00+05:30,2854.2,15.4,56.0,5.0,0.0
2026-03-12 06:00:00+05:30,2995.2,16.6,58.0,3.8,9.2
2026-03-12 07:00:00+05:30,3173.9,18.1,52.0,3.5,46.6
2026-03-12 08:00:00+05:30,3397.7,19.3,54.0,6.0,112.5
2026-03-12 09:00:00+05:30,3556.6,20.8,50.0,9.3,160.6
2026-03-12 10:00:00+05:30,3787.3,21.9,53.0,9.8,181.2
2026-03-12 11:00:00+05:30,3961.4,23.6,46.0,11.8,187.2
2026-03-12 12:00:00+05:30,4025.8,24.7,49.0,10.8,185.4
2026-03-12 13:00:00+05:30,4112.6,25.8,42.0,6.7,161.6
2026-03-12 14:00:00+05:30,4203.7,26.9,45.0,10.7,159.9
2026-03-12 15:00:00+05:30,4235.0,26.8,44.0,11.1,138.6
2026-03-12 16:00:00+05:30,4198.3,26.4,41.0,11.4,90.7
2026-03-12 17:00:00+05:30,4081.8,26.4,47.0,10.6,45.3
2026-03-12 18:00:00+05:30,3826.1,26.1,48.0,11.7,8.4
2026-03-12 19:00:00+05:30,3803.7,25.4,50.0,7.6,0.0
2026-03-12 20:00:00+05:30,3874.9,24.6,51.0,9.5,0.0
2026-03-12 21:00:00+05:30,3751.4,22.6,45.0,8.2,0.0
2026-03-12 22:00:00+05:30,3491.3,20.5,52.0,9.2,0.0
2026-03-12 23:00:00+05:30,3244.7,19.1,55.0,5.5,0.0
2026-03-13 00:00:00+05:30,3192.4,18.1,55.0,4.1,0.0
2026-03-13 01:00:00+05:30,3102.2,17.2,50.0,3.2,0.0
2026-03-13 02:00:00+05:30,2994.8,15.6,49.0,4.9,0.0
2026-03-13 03:00:00+05:30,2878.6,15.9,52.0,4.6,0.0
2026-03-13 04:00:00+05:30,2915.7,14.9,55.0,3.6,0.0
2026-03-13 05:00:00+05:30,2910.4,15.1,56.0,3.6,0.0
2026-03-13 06:00:00+05:30,3054.7,15.9,60.0,5.5,12.5
2026-03-13 07:00:00+05:30,3391.1,16.8,54.0,5.3,45.3
2026-03-13 08:00:00+05:30,3566.6,18.1,58.0,9.2,94.1
2026-03-13 09:00:00+05:30,3677.7,19.6,53.0,6.3,95.9
2026-03-13 10:00:00+05:30,3782.7,21.4,51.0,8.3,161.2
2026-03-13 11:00:00+05:30,3848.4,22.9,50.0,8.4,189.2
2026-03-13 12:00:00+05:30,3815.6,24.0,52.0,14.8,172.8
2026-03-13 13:00:00+05:30,3899.0,25.2,45.0,10.1,187.0
2026-03-13 14:00:00+05:30,3896.2,26.3,43.0,13.3,195.0
2026-03-13 15:00:00+05:30,3943.1,27.0,41.0,13.2,145.3
2026-03-13 16:00:00+05:30,4033.9,27.5,53.0,12.6,88.9
2026-03-13 17:00:00+05:30,3874.8,27.1,46.0,11.9,44.2
2026-03-13 18:00:00+05:30,3815.9,26.2,44.0,10.7,7.0
2026-03-13 19:00:00+05:30,3826.0,25.1,46.0,11.0,0.0
2026-03-13 20:00:00+05:30,3886.4,24.0,49.0,10.4,0.0
2026-03-13 21:00:00+05:30,3833.8,22.9,47.0,7.3,0.0
2026-03-13 22:00:00+05:30,3607.9,21.6,50.0,8.7,0.0
2026-03-13 23:00:00+05:30,3393.6,19.9,57.0,8.4,0.0
2026-03-14 00:00:00+05:30,3171.2,19.0,51.0,7.1,0.0
2026-03-14 01:00:00+05:30,2930.3,17.4,54.0,7.2,0.0
2026-03-14 02:00:00+05:30,2866.3,15.9,54.0,2.0,0.0
2026-03-14 03:00:00+05:30,2756.7,15.9,53.0,1.4,0.0
2026-03-14 04:00:00+05:30,2742.1,15.7,51.0,4.6,0.0
2026-03-14 05:00:00+05:30,2706.6,16.0,59.0,6.8,0.0
2026-03-14 06:00:00+05:30,2870.7,17.2,54.0,5.1,11.2
2026-03-14 07:00:00+05:30,2983.8,17.9,52.0,5.3,48.8
2026-03-14 08:00:00+05:30,3179.5,19.2,52.0,6.3,95.2
2026-03-14 09:00:00+05:30,3221.3,21.0,50.0,2.4,104.4
2026-03-14 10:00:00+05:30,3431.2,22.0,45.0,7.8,156.9
2026-03-14 11:00:00+05:30,3419.9,23.5,46.0,4.7,189.5
2026-03-14 12:00:00+05:30,3524.9,25.6,48.0,9.6,202.3
2026-03-14 13:00:00+05:30,3826.8,27.1,40.0,12.6,211.6
2026-03-14 14:00:00+05:30,4096.4,28.3,45.0,10.7,150.4
2026-03-14 15:00:00+05:30,4296.3,29.3,44.0,12.1,131.0
2026-03-14 16:00:00+05:30,4350.9,29.5,40.0,5.5,86.8
2026-03-14 17:00:00+05:30,4240.0,28.8,44.0,10.7,41.6
2026-03-14 18:00:00+05:30,3990.0,27.8,45.0,9.0,9.4
2026-03-14 19:00:00+05:30,3821.5,26.3,46.0,12.9,0.0
2026-03-14 20:00:00+05:30,3820.0,24.7,55.0,13.2,0.0
2026-03-14 21:00:00+05:30,3751.2,23.1,53.0,14.2,0.0
2026-03-14 22:00:00+05:30,3509.6,21.6,47.0,9.1,0.0
2026-03-14 23:00:00+05:30,3297.4,20.2,49.0,11.2,0.0
2026-03-15 00:00:00+05:30,3069.1,18.6,50.0,6.5,0.0
2026-03-15 01:00:00+05:30,2891.1,17.3,57.0,3.1,0.0
2026-03-15 02:00:00+05:30,2809.3,16.2,58.0,4.0,0.0
2026-03-15 03:00:00+05:30,2718.0,15.6,57.0,3.4,0.0
2026-03-15 04:00:00+05:30,2783.5,15.5,57.0,3.0,0.0
2026-03-15 05:00:00+05:30,2971.8,15.6,51.0,4.5,0.0
2026-03-15 06:00:00+05:30,3090.5,15.9,53.0,3.2,10.6
2026-03-15 07:00:00+05:30,3247.5,16.6,52.0,2.5,49.3
2026-03-15 08:00:00+05:30,3382.7,17.9,55.0,6.7,102.0
2026-03-15 09:00:00+05:30,3515.0,19.9,55.0,3.2,162.5
2026-03-15 10:00:00+05:30,3541.3,21.5,53.0,6.5,164.8
2026-03-15 11:00:00+05:30,3512.7,23.4,47.0,11.8,200.2
2026-03-15 12:00:00+05:30,3557.0,25.0,45.0,9.5,188.6
2026-03-15 13:00:00+05:30,3736.4,26.9,48.0,9.4,195.3
2026-03-15 14:00:00+05:30,3891.7,27.4,45.0,9.9,176.9
2026-03-15 15:00:00+05:30,4086.1,28.4,44.0,11.1,153.6
2026-03-15 16:00:00+05:30,4232.3,29.0,46.0,13.0,77.4
2026-03-15 17:00:00+05:30,4160.2,29.0,43.0,12.0,44.7
2026-03-15 18:00:00+05:30,3965.7,28.5,43.0,13.4,7.4
2026-03-15 19:00:00+05:30,3804.3,27.6,41.0,9.2,0.0
2026-03-15 20:00:00+05:30,3623.8,25.7,50.0,14.4,0.0
2026-03-15 21:00:00+05:30,3452.5,24.0,51.0,9.8,0.0
2026-03-15 22:00:00+05:30,3288.1,21.7,50.0,8.3,0.0
2026-03-15 23:00:00+05:30,3199.6,19.8,56.0,5.4,0.0
2026-03-16 00:00:00+05:30,3238.0,19.3,58.0,7.3,0.0
2026-03-16 01:00:00+05:30,3064.2,18.1,55.0,2.3,0.0
2026-03-16 02:00:00+05:30,3043.0,16.5,54.0,7.9,0.0
2026-03-16 03:00:00+05:30,3000.0,16.5,56.0,2.2,0.0
2026-03-16 04:00:00+05:30,2847.1,15.7,59.0,4.7,0.0
2026-03-16 05:00:00+05:30,2960.9,15.8,57.0,6.6,0.0
2026-03-16 06:00:00+05:30,3049.6,16.4,54.0,3.5,12.0
2026-03-16 07:00:00+05:30,3281.1,17.4,54.0,1.3,43.5
2026-03-16 08:00:00+05:30,3461.4,18.6,56.0,6.5,96.3
2026-03-16 09:00:00+05:30,3585.1,20.7,54.0,5.3,158.9
2026-03-16 10:00:00+05:30,3762.7,22.5,52.0,8.5,178.6
2026-03-16 11:00:00+05:30,3763.1,23.6,45.0,7.3,169.8
2026-03-16 12:00:00+05:30,3896.2,25.4,44.0,14.0,180.9
2026-03-16 13:00:00+05:30,4168.1,26.6,46.0,13.1,199.1
2026-03-16 14:00:00+05:30,4449.8,27.6,43.0,14.0,182.2
2026-03-16 15:00:00+05:30,4734.9,28.9,41.0,11.2,148.7
2026-03-16 16:00:00+05:30,4686.5,28.4,43.0,9.8,98.7
2026-03-16 17:00:00+05:30,4606.0,28.6,46.0,11.9,43.3
2026-03-16 18:00:00+05:30,4254.1,27.6,46.0,11.5,7.9
2026-03-16 19:00:00+05:30,4077.0,26.8,44.0,9.5,0.0
2026-03-16 20:00:00+05:30,4020.0,25.8,47.0,11.2,0.0
2026-03-16 21:00:00+05:30,3792.6,24.3,46.0,7.2,0.0
2026-03-16 22:00:00+05:30,3481.9,23.1,50.0,11.5,0.0
2026-03-16 23:00:00+05:30,3275.4,20.9,47.0,8.9,0.0
2026-03-17 00:00:00+05:30,3212.1,19.5,47.0,4.6,0.0
2026-03-17 01:00:00+05:30,3148.8,17.5,53.0,4.1,0.0
2026-03-17 02:00:00+05:30,2978.9,17.1,54.0,6.7,0.0
2026-03-17 03:00:00+05:30,2890.6,16.3,54.0,3.5,0.0
2026-03-17 04:00:00+05:30,2873.0,15.7,53.0,0.3,0.0
2026-03-17 05:00:00+05:30,2907.7,16.4,54.0,1.5,0.0
2026-03-17 06:00:00+05:30,3001.0,17.7,56.0,8.8,9.9
2026-03-17 07:00:00+05:30,3130.3,18.6,52.0,10.0,42.9
2026-03-17 08:00:00+05:30,3408.9,20.1,49.0,7.2,107.1
2026-03-17 09:00:00+05:30,3453.0,21.5,48.0,3.4,123.4
2026-03-17 10:00:00+05:30,3590.4,23.7,47.0,7.9,138.4
2026-03-17 11:00:00+05:30,3688.5,25.5,42.0,8.7,206.4
2026-03-17 12:00:00+05:30,4061.0,27.1,44.0,11.1,185.3
2026-03-17 13:00:00+05:30,4357.8,28.9,39.0,10.5,180.7
2026-03-17 14:00:00+05:30,4593.6,29.3,42.0,12.5,178.9
2026-03-17 15:00:00+05:30,4943.4,30.7,43.0,15.6,118.4
2026-03-17 16:00:00+05:30,4920.4,30.0,45.0,11.8,69.1
2026-03-17 17:00:00+05:30,4793.2,30.1,41.0,9.3,36.0
2026-03-17 18:00:00+05:30,4452.3,29.1,36.0,8.6,9.0
2026-03-17 19:00:00+05:30,4354.7,28.1,44.0,10.4,0.0
2026-03-17 20:00:00+05:30,4193.6,26.2,43.0,11.9,0.0
2026-03-17 21:00:00+05:30,3689.1,24.4,47.0,11.1,0.0
2026-03-17 22:00:00+05:30,3470.7,22.6,44.0,8.0,0.0
2026-03-17 23:00:00+05:30,3414.3,21.3,51.0,6.8,0.0
2026-03-18 00:00:00+05:30,3347.5,19.7,55.0,4.7,0.0
2026-03-18 01:00:00+05:30,3191.7,18.0,57.0,5.8,0.0
2026-03-18 02:00:00+05:30,3144.8,16.3,54.0,3.3,0.0
2026-03-18 03:00:00+05:30,3089.4,16.5,52.0,3.2,0.0
2026-03-18 04:00:00+05:30,3064.5,16.0,55.0,3.8,0.0
2026-03-18 05:00:00+05:30,3121.2,16.6,52.0,5.1,0.0
2026-03-18 06:00:00+05:30,3195.2,17.2,61.0,4.5,10.5
2026-03-18 07:00:00+05:30,3335.3,18.3,49.0,0.1,45.9
2026-03-18 08:00:00+05:30,3507.3,19.4,53.0,6.2,93.3
2026-03-18 09:00:00+05:30,3638.0,21.5,52.0,10.8,139.1
2026-03-18 10:00:00+05:30,3804.6,23.4,44.0,11.1,156.1
2026-03-18 11:00:00+05:30,3856.1,25.5,49.0,7.0,146.3
2026-03-18 12:00:00+05:30,4213.0,27.2,49.0,12.0,147.6
2026-03-18 13:00:00+05:30,4280.8,28.4,40.0,9.9,149.6
2026-03-18 14:00:00+05:30,4560.3,29.6,43.0,12.6,168.5
2026-03-18 15:00:00+05:30,4762.0,29.9,37.0,11.6,124.8
2026-03-18 16:00:00+05:30,4775.0,30.2,41.0,13.5,90.6
2026-03-18 17:00:00+05:30,4608.4,30.2,42.0,10.1,50.0
2026-03-18 18:00:00+05:30,4414.1,29.3,43.0,7.7,10.0
2026-03-18 19:00:00+05:30,4249.4,28.0,44.0,15.6,0.0
2026-03-18 20:00:00+05:30,4066.3,26.8,39.0,3.0,0.0
2026-03-18 21:00:00+05:30,3903.1,25.9,42.0,8.4,0.0
2026-03-18 22:00:00+05:30,3561.7,23.7,54.0,9.8,0.0
2026-03-18 23:00:00+05:30,3371.9,22.3,53.0,8.7,0.0
2026-03-19 00:00:00+05:30,3152.9,21.1,45.0,5.0,0.0
2026-03-19 01:00:00+05:30,3053.0,19.9,48.0,8.0,0.0
2026-03-19 02:00:00+05:30,3042.4,18.6,45.0,5.3,0.0
2026-03-19 03:00:00+05:30,2967.3,18.1,51.0,7.3,0.0
2026-03-19 04:00:00+05:30,2926.6,18.0,45.0,3.8,0.0
2026-03-19 05:00:00+05:30,2928.5,18.6,55.0,3.4,0.0
2026-03-19 06:00:00+05:30,2993.5,18.8,47.0,5.7,10.6
2026-03-19 07:00:00+05:30,3235.9,19.6,48.0,0.0,48.5
2026-03-19 08:00:00+05:30,3422.5,20.8,52.0,6.5,94.1
2026-03-19 09:00:00+05:30,3522.5,22.0,51.0,7.7,150.2
2026-03-19 10:00:00+05:30,3646.0,23.9,46.0,5.1,146.7
2026-03-19 11:00:00+05:30,4094.5,26.1,41.0,11.7,188.7
2026-03-19 12:00:00+05:30,4399.4,27.5,39.0,13.4,188.9
2026-03-19 13:00:00+05:30,4544.6,28.3,43.0,7.2,220.0
2026-03-19 14:00:00+05:30,4658.9,29.4,39.0,10.3,171.5
2026-03-19 15:00:00+05:30,4825.4,29.9,43.0,14.4,131.3
2026-03-19 16:00:00+05:30,4899.2,30.3,41.0,13.3,96.0
2026-03-19 17:00:00+05:30,4673.1,30.0,43.0,9.2,46.8
2026-03-19 18:00:00+05:30,4507.4,29.4,43.0,13.7,8.2
2026-03-19 19:00:00+05:30,4242.0,27.6,42.0,12.3,0.0
2026-03-19 20:00:00+05:30,4216.0,26.8,42.0,13.6,0.0
2026-03-19 21:00:00+05:30,3872.4,25.8,49.0,9.0,0.0
2026-03-19 22:00:00+05:30,3395.3,23.9,44.0,4.5,0.0
2026-03-19 23:00:00+05:30,3257.0,21.7,47.0,9.7,0.0
2026-03-20 00:00:00+05:30,3199.3,20.6,52.0,0.0,0.0
2026-03-20 01:00:00+05:30,3017.4,19.1,55.0,2.5,0.0
2026-03-20 02:00:00+05:30,3060.9,17.9,53.0,3.0,0.0
2026-03-20 03:00:00+05:30,2865.9,17.4,52.0,1.5,0.0
2026-03-20 04:00:00+05:30,2746.1,17.4,52.0,5.3,0.0
2026-03-20 05:00:00+05:30,2922.1,17.7,51.0,3.8,0.0
2026-03-20 06:00:00+05:30,3081.6,18.8,50.0,4.1,12.5
2026-03-20 07:00:00+05:30,3382.0,19.5,47.0,6.8,48.1
2026-03-20 08:00:00+05:30,3511.8,20.9,50.0,9.7,111.4
2026-03-20 09:00:00+05:30,3615.2,22.8,54.0,8.7,140.5
2026-03-20 10:00:00+05:30,3818.8,24.4,46.0,7.8,171.3
2026-03-20 11:00:00+05:30,4109.0,25.9,44.0,13.6,220.0
2026-03-20 12:00:00+05:30,4292.6,27.6,36.0,9.9,225.0
2026-03-20 13:00:00+05:30,4700.9,28.8,50.0,13.3,186.2
2026-03-20 14:00:00+05:30,5020.3,29.9,42.0,13.6,152.1
2026-03-20 15:00:00+05:30,5039.6,30.0,45.0,17.8,150.3
2026-03-20 16:00:00+05:30,5171.7,30.2,40.0,12.4,81.0
2026-03-20 17:00:00+05:30,5072.4,30.4,36.0,8.1,38.0
2026-03-20 18:00:00+05:30,4685.2,29.1,37.0,14.9,9.5
2026-03-20 19:00:00+05:30,4474.4,27.5,41.0,12.2,0.0
2026-03-20 20:00:00+05:30,4295.0,25.9,44.0,10.3,0.0
2026-03-20 21:00:00+05:30,3909.5,24.1,46.0,4.9,0.0
2026-03-20 22:00:00+05:30,3732.7,23.2,42.0,5.8,0.0
2026-03-20 23:00:00+05:30,3609.3,20.9,55.0,2.8,0.0
2026-03-21 00:00:00+05:30,3163.4,19.4,51.0,2.8,0.0
2026-03-21 01:00:00+05:30,3017.1,17.8,49.0,2.4,0.0
2026-03-21 02:00:00+05:30,2859.3,16.8,54.0,4.0,0.0
2026-03-21 03:00:00+05:30,2808.5,16.4,55.0,2.4,0.0
2026-03-21 04:00:00+05:30,2763.0,16.3,54.0,4.2,0.0
2026-03-21 05:00:00+05:30,2850.1,16.2,56.0,2.8,0.0
2026-03-21 06:00:00+05:30,2967.5,16.9,57.0,2.7,9.6
2026-03-21 07:00:00+05:30,2993.2,18.0,58.0,0.7,42.5
2026-03-21 08:00:00+05:30,3115.0,20.1,51.0,2.9,85.7
2026-03-21 09:00:00+05:30,3286.9,21.5,52.0,6.9,143.4
2026-03-21 10:00:00+05:30,3416.4,23.2,51.0,5.4,157.0
2026-03-21 11:00:00+05:30,3439.4,24.9,45.0,6.3,197.3
2026-03-21 12:00:00+05:30,3735.7,26.9,42.0,10.4,219.5
2026-03-21 13:00:00+05:30,4018.6,28.4,38.0,9.0,155.9
2026-03-21 14:00:00+05:30,4279.1,29.6,41.0,9.2,158.7
2026-03-21 15:00:00+05:30,4499.0,30.4,46.0,9.7,155.0
2026-03-21 16:00:00+05:30,4536.2,30.1,38.0,19.6,74.2
2026-03-21 17:00:00+05:30,4337.7,30.0,42.0,11.2,42.0
2026-03-21 18:00:00+05:30,4169.9,29.4,46.0,14.5,7.9
2026-03-21 19:00:00+05:30,3943.4,28.1,44.0,9.3,0.0
2026-03-21 20:00:00+05:30,3876.7,26.9,40.0,13.5,0.0
2026-03-21 21:00:00+05:30,3600.5,25.4,45.0,8.9,0.0
2026-03-21 22:00:00+05:30,3374.1,23.4,46.0,10.4,0.0
2026-03-21 23:00:00+05:30,3129.9,21.9,44.0,8.0,0.0
2026-03-22 00:00:00+05:30,3200.7,20.5,47.0,7.8,0.0
2026-03-22 01:00:00+05:30,3054.1,19.0,55.0,1.4,0.0
2026-03-22 02:00:00+05:30,2894.8,17.3,48.0,2.8,0.0
2026-03-22 03:00:00+05:30,2719.5,16.7,49.0,1.8,0.0
2026-03-22 04:00:00+05:30,2683.4,16.6,52.0,4.6,0.0
2026-03-22 05:00:00+05:30,2751.5,16.6,54.0,4.3,0.0
2026-03-22 06:00:00+05:30,2846.9,17.8,54.0,8.0,10.0
2026-03-22 07:00:00+05:30,3042.6,19.2,51.0,5.7,50.6
2026-03-22 08:00:00+05:30,3219.0,20.4,49.0,3.2,109.0
2026-03-22 09:00:00+05:30,3491.3,22.0,51.0,5.8,119.0
2026-03-22 10:00:00+05:30,3514.2,23.8,47.0,12.7,174.7
2026-03-22 11:00:00+05:30,3584.8,25.0,50.0,9.0,213.9
2026-03-22 12:00:00+05:30,3851.5,26.4,50.0,6.9,224.1
2026-03-22 13:00:00+05:30,4147.4,27.9,42.0,11.8,189.5
2026-03-22 14:00:00+05:30,4344.9,28.6,40.0,8.9,195.0
2026-03-22 15:00:00+05:30,4401.6,29.1,36.0,13.2,137.3
2026-03-22 16:00:00+05:30,4365.3,29.1,39.0,18.0,81.6
2026-03-22 17:00:00+05:30,4203.1,29.1,39.0,12.0,45.5
2026-03-22 18:00:00+05:30,3909.3,28.2,44.0,13.2,9.3
2026-03-22 19:00:00+05:30,3726.6,26.6,47.0,12.4,0.0
2026-03-22 20:00:00+05:30,3520.5,24.8,47.0,11.5,0.0
2026-03-22 21:00:00+05:30,3298.9,23.6,49.0,12.1,0.0
2026-03-22 22:00:00+05:30,3127.3,22.3,48.0,7.6,0.0
2026-03-22 23:00:00+05:30,2981.6,20.7,41.0,7.2,0.0
2026-03-23 00:00:00+05:30,3198.9,19.7,43.0,7.9,0.0
2026-03-23 01:00:00+05:30,3047.3,18.9,50.0,1.9,0.0
2026-03-23 02:00:00+05:30,3016.2,17.8,54.0,6.8,0.0
2026-03-23 03:00:00+05:30,2923.3,16.9,48.0,1.9,0.0
2026-03-23 04:00:00+05:30,2917.7,15.9,52.0,6.0,0.0
2026-03-23 05:00:00+05:30,2935.2,16.4,54.0,4.8,0.0
2026-03-23 06:00:00+05:30,3022.0,17.1,52.0,4.4,10.2
2026-03-23 07:00:00+05:30,3226.3,17.8,57.0,4.3,52.9
2026-03-23 08:00:00+05:30,3433.3,19.0,51.0,6.7,105.5
2026-03-23 09:00:00+05:30,3565.0,20.3,50.0,6.8,152.4
2026-03-23 10:00:00+05:30,3713.6,22.2,41.0,11.7,165.7
2026-03-23 11:00:00+05:30,3682.4,24.4,46.0,5.8,212.7
2026-03-23 12:00:00+05:30,3934.0,26.7,39.0,9.2,198.1
2026-03-23 13:00:00+05:30,4207.9,28.1,43.0,9.8,179.2
2026-03-23 14:00:00+05:30,4500.9,29.2,40.0,10.8,174.9
2026-03-23 15:00:00+05:30,4874.6,30.4,40.0,15.5,155.0
2026-03-23 16:00:00+05:30,5036.2,31.1,39.0,11.4,103.7
2026-03-23 17:00:00+05:30,4861.1,30.9,39.0,12.6,34.6
2026-03-23 18:00:00+05:30,4624.0,29.5,48.0,10.6,9.9
2026-03-23 19:00:00+05:30,4507.3,28.9,43.0,11.1,0.0
2026-03-23 20:00:00+05:30,4524.3,27.9,40.0,10.9,0.0
2026-03-23 21:00:00+05:30,4107.4,25.9,44.0,7.5,0.0
2026-03-23 22:00:00+05:30,3742.2,24.6,47.0,7.8,0.0
2026-03-23 23:00:00+05:30,3532.9,22.6,49.0,7.7,0.0
2026-03-24 00:00:00+05:30,3358.4,21.0,47.0,4.8,0.0
2026-03-24 01:00:00+05:30,3240.9,19.3,50.0,8.3,0.0
2026-03-24 02:00:00+05:30,3201.7,18.3,49.0,6.1,0.0
2026-03-24 03:00:00+05:30,3076.4,18.4,50.0,3.0,0.0
2026-03-24 04:00:00+05:30,2949.4,18.5,51.0,6.7,0.0
2026-03-24 05:00:00+05:30,2955.0,19.4,49.0,2.2,0.0
2026-03-24 06:00:00+05:30,3136.5,19.8,48.0,8.8,8.9
2026-03-24 07:00:00+05:30,3436.9,20.5,46.0,5.7,40.6
2026-03-24 08:00:00+05:30,3671.7,22.3,47.0,5.1,87.7
2026-03-24 09:00:00+05:30,3971.2,24.1,49.0,7.6,145.2
2026-03-24 10:00:00+05:30,4347.7,25.7,40.0,8.4,177.1
2026-03-24 11:00:00+05:30,4669.2,27.6,37.0,9.0,205.5
2026-03-24 12:00:00+05:30,5022.0,29.2,39.0,13.0,180.2
2026-03-24 13:00:00+05:30,5245.8,29.9,34.0,13.5,147.6
2026-03-24 14:00:00+05:30,5348.5,30.5,43.0,5.0,153.3
2026-03-24 15:00:00+05:30,5588.6,31.6,41.0,11.9,142.3
2026-03-24 16:00:00+05:30,5524.3,31.1,37.0,16.4,95.2
2026-03-24 17:00:00+05:30,5365.5,31.2,39.0,9.9,41.0
2026-03-24 18:00:00+05:30,5073.0,30.8,36.0,10.7,7.9
2026-03-24 19:00:00+05:30,4883.4,29.6,37.0,10.9,0.0
2026-03-24 20:00:00+05:30,4862.6,28.4,42.0,9.3,0.0
2026-03-24 21:00:00+05:30,4448.9,27.0,42.0,9.2,0.0
2026-03-24 22:00:00+05:30,3920.1,25.3,41.0,12.2,0.0
2026-03-24 23:00:00+05:30,3527.1,24.2,38.0,15.1,0.0
2026-03-25 00:00:00+05:30,3212.4,23.0,45.0,8.1,0.0
2026-03-25 01:00:00+05:30,3044.8,21.3,48.0,7.3,0.0
2026-03-25 02:00:00+05:30,2944.9,20.3,48.0,2.6,0.0
2026-03-25 03:00:00+05:30,2877.5,19.7,47.0,5.1,0.0
2026-03-25 04:00:00+05:30,2762.7,19.1,46.0,3.9,0.0
2026-03-25 05:00:00+05:30,2877.3,19.3,43.0,9.9,0.0
2026-03-25 06:00:00+05:30,3029.4,20.2,44.0,5.5,12.5
2026-03-25 07:00:00+05:30,3300.1,21.5,50.0,3.2,45.8
2026-03-25 08:00:00+05:30,3499.2,22.8,49.0,5.0,112.5
2026-03-25 09:00:00+05:30,3880.3,24.7,39.0,7.0,129.3
2026-03-25 10:00:00+05:30,4258.6,26.3,36.0,11.5,144.7
2026-03-25 11:00:00+05:30,4666.8,28.3,43.0,8.2,170.7
2026-03-25 12:00:00+05:30,5089.3,30.2,36.0,7.9,218.4
2026-03-25 13:00:00+05:30,5299.4,31.5,39.0,14.5,176.4
2026-03-25 14:00:00+05:30,5626.3,33.0,30.0,14.7,168.8
2026-03-25 15:00:00+05:30,5610.1,32.9,38.0,14.2,148.2
2026-03-25 16:00:00+05:30,5707.2,33.5,31.0,12.5,84.4
2026-03-25 17:00:00+05:30,5425.5,33.2,30.0,8.8,41.5
2026-03-25 18:00:00+05:30,5305.7,32.9,29.0,10.7,7.3
2026-03-25 19:00:00+05:30,5090.7,31.9,36.0,16.4,0.0
2026-03-25 20:00:00+05:30,5066.7,30.4,37.0,10.8,0.0
2026-03-25 21:00:00+05:30,4658.8,28.9,39.0,7.8,0.0
2026-03-25 22:00:00+05:30,4317.3,27.8,34.0,3.5,0.0
2026-03-25 23:00:00+05:30,3847.2,26.1,40.0,3.0,0.0
2026-03-26 00:00:00+05:30,3163.3,24.5,36.0,8.8,0.0
2026-03-26 01:00:00+05:30,2990.0,23.7,39.0,9.9,0.0
2026-03-26 02:00:00+05:30,2698.9,21.8,48.0,6.2,0.0
2026-03-26 03:00:00+05:30,2561.0,20.7,45.0,4.0,0.0
2026-03-26 04:00:00+05:30,2595.8,20.2,48.0,3.3,0.0
2026-03-26 05:00:00+05:30,2523.7,20.6,49.0,3.1,0.0
2026-03-26 06:00:00+05:30,2670.0,21.1,44.0,3.7,9.1
2026-03-26 07:00:00+05:30,2956.0,22.1,49.0,7.6,52.9
2026-03-26 08:00:00+05:30,3215.5,23.3,43.0,4.3,86.8
2026-03-26 09:00:00+05:30,3556.5,24.5,38.0,3.0,138.8
2026-03-26 10:00:00+05:30,4022.0,26.0,42.0,8.0,177.8
2026-03-26 11:00:00+05:30,4181.9,27.5,49.0,7.7,181.2
2026-03-26 12:00:00+05:30,4340.9,28.8,36.0,11.5,218.0
2026-03-26 13:00:00+05:30,4722.7,30.3,33.0,7.4,174.5
2026-03-26 14:00:00+05:30,5032.3,30.9,45.0,12.5,149.0
2026-03-26 15:00:00+05:30,5166.6,32.1,34.0,13.8,119.8
2026-03-26 16:00:00+05:30,5245.7,32.4,36.0,11.3,79.9
2026-03-26 17:00:00+05:30,5190.3,32.2,37.0,15.2,49.9
2026-03-26 18:00:00+05:30,4775.3,31.2,36.0,8.3,8.6
2026-03-26 19:00:00+05:30,4613.5,30.3,39.0,7.5,0.0
2026-03-26 20:00:00+05:30,4517.0,28.3,43.0,9.0,0.0
2026-03-26 21:00:00+05:30,4148.7,27.3,41.0,6.4,0.0
2026-03-26 22:00:00+05:30,3638.8,24.9,43.0,3.0,0.0
2026-03-26 23:00:00+05:30,3223.2,22.7,51.0,8.8,0.0
2026-03-27 00:00:00+05:30,3440.7,21.2,43.0,1.6,0.0
2026-03-27 01:00:00+05:30,3102.2,19.4,50.0,7.5,0.0
2026-03-27 02:00:00+05:30,3056.9,18.3,49.0,2.8,0.0
2026-03-27 03:00:00+05:30,2955.2,18.2,45.0,4.6,0.0
2026-03-27 04:00:00+05:30,2858.7,18.5,44.0,3.7,0.0
2026-03-27 05:00:00+05:30,3017.8,19.1,48.0,3.3,0.0
2026-03-27 06:00:00+05:30,3042.4,20.0,45.0,6.0,9.0
2026-03-27 07:00:00+05:30,3198.2,20.8,43.0,8.3,45.0
2026-03-27 08:00:00+05:30,3408.0,23.0,44.0,5.3,92.6
2026-03-27 09:00:00+05:30,3863.5,24.9,45.0,5.6,157.0
2026-03-27 10:00:00+05:30,4284.4,26.5,33.0,9.6,196.9
2026-03-27 11:00:00+05:30,4612.2,28.3,36.0,6.9,201.8
2026-03-27 12:00:00+05:30,5139.4,30.0,31.0,8.9,179.2
2026-03-27 13:00:00+05:30,5416.6,31.6,35.0,10.6,171.3
2026-03-27 14:00:00+05:30,5466.4,31.9,34.0,17.1,179.8
2026-03-27 15:00:00+05:30,5686.0,32.4,33.0,12.2,110.3
2026-03-27 16:00:00+05:30,5569.5,32.2,34.0,7.3,100.2
2026-03-27 17:00:00+05:30,5443.2,32.0,37.0,13.1,46.1
2026-03-27 18:00:00+05:30,5203.5,31.6,36.0,14.6,8.6
2026-03-27 19:00:00+05:30,5132.3,30.8,32.0,8.9,0.0
2026-03-27 20:00:00+05:30,4963.4,29.2,39.0,7.6,0.0
2026-03-27 21:00:00+05:30,4512.5,27.3,41.0,10.8,0.0
2026-03-27 22:00:00+05:30,4059.2,25.5,46.0,6.3,0.0
2026-03-27 23:00:00+05:30,3663.7,23.7,46.0,3.8,0.0
2026-03-28 00:00:00+05:30,3098.3,22.0,43.0,6.2,0.0
2026-03-28 01:00:00+05:30,2797.4,20.6,50.0,0.4,0.0
2026-03-28 02:00:00+05:30,2823.5,19.7,43.0,6.4,0.0
2026-03-28 03:00:00+05:30,2831.3,18.8,51.0,5.4,0.0
2026-03-28 04:00:00+05:30,2798.6,19.2,50.0,6.5,0.0
2026-03-28 05:00:00+05:30,2784.2,20.0,43.0,2.6,0.0
2026-03-28 06:00:00+05:30,2904.8,21.1,42.0,2.7,11.7
2026-03-28 07:00:00+05:30,3134.2,22.2,47.0,2.1,39.9
2026-03-28 08:00:00+05:30,3420.6,23.5,45.0,3.6,103.8
2026-03-28 09:00:00+05:30,3743.3,25.6,43.0,6.3,162.5
2026-03-28 10:00:00+05:30,4142.6,27.3,33.0,1.1,173.7
2026-03-28 11:00:00+05:30,4405.3,29.2,39.0,12.3,184.4
2026-03-28 12:00:00+05:30,4684.0,30.8,38.0,10.0,202.5
2026-03-28 13:00:00+05:30,4986.6,32.2,36.0,11.3,193.7
2026-03-28 14:00:00+05:30,5273.5,33.3,38.0,14.1,164.4
2026-03-28 15:00:00+05:30,5355.9,33.6,36.0,14.9,151.9
2026-03-28 16:00:00+05:30,5494.9,34.2,33.0,11.4,72.0
2026-03-28 17:00:00+05:30,5122.3,33.3,34.0,12.3,42.1
2026-03-28 18:00:00+05:30,4949.1,32.7,36.0,12.4,7.6
2026-03-28 19:00:00+05:30,4888.1,32.1,35.0,10.2,0.0
2026-03-28 20:00:00+05:30,4900.2,30.6,42.0,10.8,0.0
2026-03-28 21:00:00+05:30,4512.1,28.5,33.0,8.0,0.0
2026-03-28 22:00:00+05:30,4252.3,27.3,41.0,10.7,0.0
2026-03-28 23:00:00+05:30,3886.2,26.1,37.0,4.2,0.0
2026-03-29 00:00:00+05:30,3575.3,24.8,34.0,7.3,0.0
2026-03-29 01:00:00+05:30,3194.1,22.9,42.0,10.1,0.0
2026-03-29 02:00:00+05:30,2925.5,21.4,44.0,6.5,0.0
2026-03-29 03:00:00+05:30,2851.0,20.6,45.0,3.8,0.0
2026-03-29 04:00:00+05:30,2735.7,20.6,46.0,2.1,0.0
2026-03-29 05:00:00+05:30,2923.9,21.2,49.0,3.1,0.0
2026-03-29 06:00:00+05:30,3025.9,21.2,43.0,0.0,11.0
2026-03-29 07:00:00+05:30,3284.7,22.0,42.0,5.5,48.0
2026-03-29 08:00:00+05:30,3721.5,23.3,44.0,8.2,86.5
2026-03-29 09:00:00+05:30,3931.5,24.7,42.0,6.7,112.0
2026-03-29 10:00:00+05:30,4200.3,25.7,40.0,12.9,150.4
2026-03-29 11:00:00+05:30,4427.2,27.4,42.0,5.9,202.2
2026-03-29 12:00:00+05:30,4813.8,29.0,44.0,9.2,202.3
2026-03-29 13:00:00+05:30,5189.3,30.9,35.0,8.5,206.0
2026-03-29 14:00:00+05:30,5654.0,31.9,33.0,9.8,178.3
2026-03-29 15:00:00+05:30,5797.3,32.5,35.0,11.3,120.0
2026-03-29 16:00:00+05:30,5832.6,33.2,36.0,9.8,105.0
2026-03-29 17:00:00+05:30,5543.3,32.6,35.0,14.8,42.9
2026-03-29 18:00:00+05:30,5182.7,31.6,36.0,9.9,8.2
2026-03-29 19:00:00+05:30,4990.5,30.8,39.0,13.0,0.0
2026-03-29 20:00:00+05:30,4887.2,29.2,34.0,12.8,0.0
2026-03-29 21:00:00+05:30,4522.7,27.7,37.0,8.1,0.0
2026-03-29 22:00:00+05:30,4098.9,25.8,39.0,8.6,0.0
2026-03-29 23:00:00+05:30,3830.2,24.8,42.0,6.8,0.0
2026-03-30 00:00:00+05:30,3569.0,22.9,44.0,6.5,0.0
2026-03-30 01:00:00+05:30,3226.5,21.4,43.0,7.7,0.0
2026-03-30 02:00:00+05:30,3011.1,20.0,47.0,3.8,0.0
2026-03-30 03:00:00+05:30,2899.0,19.3,44.0,2.4,0.0
2026-03-30 04:00:00+05:30,2946.2,19.2,48.0,5.6,0.0
2026-03-30 05:00:00+05:30,3101.3,20.0,50.0,5.6,0.0
2026-03-30 06:00:00+05:30,3205.6,20.6,51.0,6.4,10.7
2026-03-30 07:00:00+05:30,3384.1,21.9,45.0,9.4,40.7
2026-03-30 08:00:00+05:30,3840.1,23.1,38.0,5.7,76.0
2026-03-30 09:00:00+05:30,4106.0,24.5,36.0,3.5,126.8
2026-03-30 10:00:00+05:30,4488.2,26.3,40.0,6.9,168.5
2026-03-30 11:00:00+05:30,4722.8,28.2,34.0,6.7,189.1
2026-03-30 12:00:00+05:30,5107.7,29.6,40.0,14.5,170.7
2026-03-30 13:00:00+05:30,5463.7,31.1,40.0,8.4,194.1
2026-03-30 14:00:00+05:30,5759.6,32.5,32.0,12.6,174.6
2026-03-30 15:00:00+05:30,5938.1,33.4,31.0,11.3,121.9
2026-03-30 16:00:00+05:30,5791.8,33.3,35.0,8.3,105.0
2026-03-30 17:00:00+05:30,5527.9,32.6,36.0,10.4,50.0
2026-03-30 18:00:00+05:30,5251.1,31.7,37.0,11.3,8.1
2026-03-30 19:00:00+05:30,5175.4,31.2,38.0,11.3,0.0
2026-03-30 20:00:00+05:30,5102.7,29.6,36.0,13.6,0.0
2026-03-30 21:00:00+05:30,4824.7,28.4,43.0,8.8,0.0
2026-03-30 22:00:00+05:30,4241.7,27.1,39.0,7.8,0.0
2026-03-30 23:00:00+05:30,3829.3,25.2,41.0,11.5,0.0
2026-03-31 00:00:00+05:30,3199.6,23.7,39.0,5.8,0.0
2026-03-31 01:00:00+05:30,2896.5,22.5,46.0,5.5,0.0
2026-03-31 02:00:00+05:30,2703.8,21.3,44.0,5.2,0.0
2026-03-31 03:00:00+05:30,2633.8,21.4,43.0,5.8,0.0
2026-03-31 04:00:00+05:30,2636.0,21.7,43.0,5.9,0.0
2026-03-31 05:00:00+05:30,2659.1,21.2,43.0,7.7,0.0
2026-03-31 06:00:00+05:30,2849.5,21.6,51.0,0.6,10.7
2026-03-31 07:00:00+05:30,3107.1,22.6,39.0,10.6,54.3
2026-03-31 08:00:00+05:30,3543.9,24.1,35.0,8.2,106.8
2026-03-31 09:00:00+05:30,3782.6,24.9,38.0,4.6,158.5
2026-03-31 10:00:00+05:30,4109.0,26.2,42.0,6.5,181.8
2026-03-31 11:00:00+05:30,4354.1,28.4,40.0,12.4,196.1
2026-03-31 12:00:00+05:30,4559.0,29.8,36.0,11.1,131.4
2026-03-31 13:00:00+05:30,4858.0,31.4,36.0,12.3,184.3
2026-03-31 14:00:00+05:30,5005.3,32.1,33.0,14.1,151.6
2026-03-31 15:00:00+05:30,5380.2,33.2,37.0,12.8,155.0
2026-03-31 16:00:00+05:30,5289.5,32.5,35.0,10.1,78.8
2026-03-31 17:00:00+05:30,5192.7,32.5,39.0,7.7,48.0
2026-03-31 18:00:00+05:30,4866.8,31.7,37.0,10.9,8.2
2026-03-31 19:00:00+05:30,4695.7,30.7,34.0,7.0,0.0
2026-03-31 20:00:00+05:30,4561.8,29.1,35.0,11.6,0.0
2026-03-31 21:00:00+05:30,4364.1,28.0,40.0,10.3,0.0
2026-03-31 22:00:00+05:30,4041.7,26.9,38.0,10.8,0.0
2026-03-31 23:00:00+05:30,3699.4,25.5,43.0,6.6,0.0
2026-04-01 00:00:00+05:30,3783.6,24.4,38.0,6.7,0.0
2026-04-01 01:00:00+05:30,3476.7,22.8,43.0,5.2,0.0
2026-04-01 02:00:00+05:30,3078.5,21.1,43.0,6.3,0.0
2026-04-01 03:00:00+05:30,2990.0,20.3,48.0,0.8,0.0
2026-04-01 04:00:00+05:30,2986.9,20.5,43.0,5.4,0.0
2026-04-01 05:00:00+05:30,2992.7,21.3,40.0,3.3,0.0
2026-04-01 06:00:00+05:30,3147.6,22.1,45.0,8.7,10.1
2026-04-01 07:00:00+05:30,3564.5,23.6,44.0,3.8,45.8
2026-04-01 08:00:00+05:30,3988.3,25.0,43.0,2.8,99.5
2026-04-01 09:00:00+05:30,4303.5,26.4,44.0,6.8,110.9
2026-04-01 10:00:00+05:30,4698.7,28.3,40.0,5.7,155.4
2026-04-01 11:00:00+05:30,5148.0,29.9,37.0,6.7,207.6
2026-04-01 12:00:00+05:30,5535.3,31.9,36.0,7.8,225.0
2026-04-01 13:00:00+05:30,5789.9,33.0,32.0,6.9,220.0
2026-04-01 14:00:00+05:30,6188.8,34.5,34.0,10.2,173.5
2026-04-01 15:00:00+05:30,6378.0,35.6,27.0,10.9,155.0
2026-04-01 16:00:00+05:30,6436.6,36.2,29.0,17.6,76.7
2026-04-01 17:00:00+05:30,6164.0,35.9,34.0,10.2,42.3
2026-04-01 18:00:00+05:30,5840.0,35.0,30.0,9.4,6.7
2026-04-01 19:00:00+05:30,5754.8,34.2,27.0,9.5,0.0
2026-04-01 20:00:00+05:30,5717.7,33.1,30.0,10.2,0.0
2026-04-01 21:00:00+05:30,5422.7,31.5,37.0,10.7,0.0
2026-04-01 22:00:00+05:30,4850.6,29.4,36.0,8.2,0.0
2026-04-01 23:00:00+05:30,4306.9,27.3,41.0,5.6,0.0
2026-04-02 00:00:00+05:30,3863.5,25.3,30.0,10.4,0.0
2026-04-02 01:00:00+05:30,3485.4,24.1,37.0,8.7,0.0
2026-04-02 02:00:00+05:30,3366.1,23.3,44.0,6.6,0.0
2026-04-02 03:00:00+05:30,3182.2,23.0,45.0,4.6,0.0
2026-04-02 04:00:00+05:30,3027.1,23.0,37.0,6.9,0.0
2026-04-02 05:00:00+05:30,3143.2,22.6,38.0,3.2,0.0
2026-04-02 06:00:00+05:30,3500.8,23.6,41.0,6.8,11.7
2026-04-02 07:00:00+05:30,3922.2,24.8,36.0,6.0,44.1
2026-04-02 08:00:00+05:30,4307.0,25.7,36.0,0.0,103.8
2026-04-02 09:00:00+05:30,4786.7,27.6,38.0,10.0,156.2
2026-04-02 10:00:00+05:30,5207.0,28.9,39.0,6.5,188.3
2026-04-02 11:00:00+05:30,5418.2,29.7,39.0,8.0,155.1
2026-04-02 12:00:00+05:30,5755.1,31.4,34.0,11.0,187.5
2026-04-02 13:00:00+05:30,5958.8,32.0,36.0,8.9,182.4
2026-04-02 14:00:00+05:30,6154.5,33.0,35.0,12.3,183.7
2026-04-02 15:00:00+05:30,6330.1,33.9,27.0,11.4,121.3
2026-04-02 16:00:00+05:30,6344.9,34.0,28.0,15.6,93.7
2026-04-02 17:00:00+05:30,6119.6,33.4,39.0,11.8,41.2
2026-04-02 18:00:00+05:30,5910.3,33.1,30.0,13.6,9.7
2026-04-02 19:00:00+05:30,5815.7,32.1,30.0,9.3,0.0
2026-04-02 20:00:00+05:30,5659.0,30.4,38.0,10.1,0.0
2026-04-02 21:00:00+05:30,5167.5,28.8,39.0,7.0,0.0
2026-04-02 22:00:00+05:30,4428.0,26.5,38.0,8.9,0.0
2026-04-02 23:00:00+05:30,4005.5,25.7,43.0,8.8,0.0
2026-04-03 00:00:00+05:30,3294.4,24.4,37.0,8.3,0.0
2026-04-03 01:00:00+05:30,3042.0,23.1,47.0,5.3,0.0
2026-04-03 02:00:00+05:30,2957.6,21.9,41.0,3.4,0.0
2026-04-03 03:00:00+05:30,2840.3,21.7,42.0,4.1,0.0
2026-04-03 04:00:00+05:30,2802.1,21.8,44.0,7.6,0.0
2026-04-03 05:00:00+05:30,3071.7,23.1,35.0,4.2,0.0
2026-04-03 06:00:00+05:30,3275.9,23.3,39.0,3.5,9.9
2026-04-03 07:00:00+05:30,3673.0,24.5,38.0,0.3,42.3
2026-04-03 08:00:00+05:30,4077.7,26.1,36.0,6.8,74.1
2026-04-03 09:00:00+05:30,4361.3,28.0,39.0,7.8,151.7
2026-04-03 10:00:00+05:30,4699.7,29.6,39.0,8.3,169.4
2026-04-03 11:00:00+05:30,5038.3,31.6,35.0,7.6,211.9
2026-04-03 12:00:00+05:30,5379.7,33.4,32.0,15.9,154.7
2026-04-03 13:00:00+05:30,5500.5,33.8,30.0,10.2,149.7
2026-04-03 14:00:00+05:30,5594.4,34.6,33.0,15.2,182.3
2026-04-03 15:00:00+05:30,5807.2,35.9,30.0,13.6,137.8
2026-04-03 16:00:00+05:30,5935.0,36.7,28.0,10.8,90.1
2026-04-03 17:00:00+05:30,5888.1,36.6,27.0,11.9,42.4
2026-04-03 18:00:00+05:30,5662.9,36.3,31.0,13.9,8.1
2026-04-03 19:00:00+05:30,5524.8,35.1,30.0,14.9,0.0
2026-04-03 20:00:00+05:30,5433.8,33.8,30.0,7.7,0.0
2026-04-03 21:00:00+05:30,4994.3,32.2,35.0,7.2,0.0
2026-04-03 22:00:00+05:30,4442.2,30.1,34.0,8.5,0.0
2026-04-03 23:00:00+05:30,4058.8,28.5,33.0,5.6,0.0
2026-04-04 00:00:00+05:30,3967.1,27.3,33.0,5.0,0.0
2026-04-04 01:00:00+05:30,3754.1,26.2,35.0,4.8,0.0
2026-04-04 02:00:00+05:30,3493.9,24.7,41.0,3.3,0.0
2026-04-04 03:00:00+05:30,3318.5,23.7,44.0,0.4,0.0
2026-04-04 04:00:00+05:30,3223.3,23.2,37.0,4.0,0.0
2026-04-04 05:00:00+05:30,3253.4,23.2,47.0,4.1,0.0
2026-04-04 06:00:00+05:30,3521.2,24.1,35.0,2.7,10.8
2026-04-04 07:00:00+05:30,3898.9,25.0,33.0,3.0,49.4
2026-04-04 08:00:00+05:30,4344.4,26.4,36.0,4.3,102.2
2026-04-04 09:00:00+05:30,4730.8,28.1,34.0,10.1,146.6
2026-04-04 10:00:00+05:30,5133.7,30.0,37.0,9.9,188.7
2026-04-04 11:00:00+05:30,5481.7,32.0,33.0,8.4,178.4
2026-04-04 12:00:00+05:30,5727.3,33.0,30.0,12.6,178.9
2026-04-04 13:00:00+05:30,5943.1,34.4,30.0,10.3,188.0
2026-04-04 14:00:00+05:30,6179.3,35.0,25.0,12.0,150.3
2026-04-04 15:00:00+05:30,6270.8,35.8,30.0,12.1,129.3
2026-04-04 16:00:00+05:30,6327.3,36.4,27.0,11.8,84.7
2026-04-04 17:00:00+05:30,6048.0,36.0,25.0,9.6,40.5
2026-04-04 18:00:00+05:30,5935.4,35.3,30.0,11.2,7.9
2026-04-04 19:00:00+05:30,5685.9,34.2,27.0,14.5,0.0
2026-04-04 20:00:00+05:30,5527.5,32.3,32.0,15.3,0.0
2026-04-04 21:00:00+05:30,5013.0,30.5,35.0,10.9,0.0
2026-04-04 22:00:00+05:30,4486.3,28.0,34.0,6.1,0.0
2026-04-04 23:00:00+05:30,4057.1,26.2,39.0,2.8,0.0
2026-04-05 00:00:00+05:30,3835.2,24.8,44.0,6.9,0.0
2026-04-05 01:00:00+05:30,3465.8,22.9,44.0,2.0,0.0
2026-04-05 02:00:00+05:30,3267.4,21.9,41.0,2.9,0.0
2026-04-05 03:00:00+05:30,3124.7,21.5,47.0,6.5,0.0
2026-04-05 04:00:00+05:30,3142.4,21.7,46.0,5.0,0.0
2026-04-05 05:00:00+05:30,3146.1,21.5,45.0,2.4,0.0
2026-04-05 06:00:00+05:30,3363.9,21.9,38.0,3.5,11.4
2026-04-05 07:00:00+05:30,3609.8,22.9,42.0,8.2,41.8
2026-04-05 08:00:00+05:30,3864.1,24.2,35.0,5.1,97.0
2026-04-05 09:00:00+05:30,4326.4,26.2,44.0,4.3,151.5
2026-04-05 10:00:00+05:30,4730.3,28.1,35.0,8.0,185.0
2026-04-05 11:00:00+05:30,5046.8,29.8,32.0,10.1,195.7
2026-04-05 12:00:00+05:30,5360.0,31.5,33.0,7.1,180.2
2026-04-05 13:00:00+05:30,5697.6,32.9,34.0,12.1,210.9
2026-04-05 14:00:00+05:30,5898.5,34.0,36.0,14.2,164.7
2026-04-05 15:00:00+05:30,6032.8,34.8,29.0,9.7,122.3
2026-04-05 16:00:00+05:30,6028.7,35.1,30.0,6.6,85.6
2026-04-05 17:00:00+05:30,5838.1,35.1,30.0,8.0,43.7
2026-04-05 18:00:00+05:30,5522.1,34.1,25.0,13.0,9.0
2026-04-05 19:00:00+05:30,5384.1,33.0,33.0,8.4,0.0
2026-04-05 20:00:00+05:30,5161.1,31.4,32.0,9.6,0.0
2026-04-05 21:00:00+05:30,4791.3,29.6,34.0,5.7,0.0
2026-04-05 22:00:00+05:30,4374.6,28.1,35.0,5.5,0.0
2026-04-05 23:00:00+05:30,3877.0,25.8,39.0,11.2,0.0
2026-04-06 00:00:00+05:30,3750.8,24.1,39.0,10.0,0.0
2026-04-06 01:00:00+05:30,3379.9,22.8,43.0,5.9,0.0
2026-04-06 02:00:00+05:30,3075.9,21.1,41.0,2.1,0.0
2026-04-06 03:00:00+05:30,3014.6,20.3,47.0,0.0,0.0
2026-04-06 04:00:00+05:30,2908.1,20.2,47.0,4.8,0.0
2026-04-06 05:00:00+05:30,3089.5,21.0,42.0,1.2,0.0
2026-04-06 06:00:00+05:30,3226.7,22.0,43.0,4.7,8.0
2026-04-06 07:00:00+05:30,3680.1,23.0,45.0,11.0,45.0
2026-04-06 08:00:00+05:30,4092.7,24.2,42.0,10.8,110.5
2026-04-06 09:00:00+05:30,4377.6,25.6,40.0,5.5,138.3
2026-04-06 10:00:00+05:30,4766.8,27.9,37.0,13.3,198.9
2026-04-06 11:00:00+05:30,5130.9,29.5,31.0,11.6,156.0
2026-04-06 12:00:00+05:30,5329.9,30.8,35.0,11.9,206.0
2026-04-06 13:00:00+05:30,5694.6,32.1,38.0,16.5,177.8
2026-04-06 14:00:00+05:30,5951.0,32.9,31.0,8.6,171.8
2026-04-06 15:00:00+05:30,6066.7,33.3,29.0,10.9,110.3
2026-04-06 16:00:00+05:30,6110.6,33.4,32.0,11.7,83.1
2026-04-06 17:00:00+05:30,5999.6,33.7,40.0,10.9,42.9
2026-04-06 18:00:00+05:30,5576.4,32.5,33.0,12.6,8.2
2026-04-06 19:00:00+05:30,5536.5,31.7,37.0,11.5,0.0
2026-04-06 20:00:00+05:30,5387.8,30.3,39.0,11.4,0.0
2026-04-06 21:00:00+05:30,4946.6,28.5,34.0,5.7,0.0
2026-04-06 22:00:00+05:30,4415.8,27.2,40.0,2.4,0.0
2026-04-06 23:00:00+05:30,4041.2,25.7,35.0,4.6,0.0
2026-04-07 00:00:00+05:30,3747.1,24.5,43.0,7.6,0.0
2026-04-07 01:00:00+05:30,3380.0,23.3,41.0,8.5,0.0
2026-04-07 02:00:00+05:30,3281.7,22.8,40.0,3.6,0.0
2026-04-07 03:00:00+05:30,3223.9,22.1,41.0,2.5,0.0
2026-04-07 04:00:00+05:30,3146.4,22.0,37.0,9.2,0.0
2026-04-07 05:00:00+05:30,3151.9,21.9,39.0,6.4,0.0
2026-04-07 06:00:00+05:30,3325.3,22.2,42.0,0.0,12.1
2026-04-07 07:00:00+05:30,3764.5,23.2,42.0,6.1,51.4
2026-04-07 08:00:00+05:30,4069.1,24.7,43.0,6.0,97.3
2026-04-07 09:00:00+05:30,4649.1,27.1,38.0,7.8,139.8
2026-04-07 10:00:00+05:30,4991.2,28.8,36.0,7.1,143.9
2026-04-07 11:00:00+05:30,5331.5,30.8,39.0,8.7,187.3
2026-04-07 12:00:00+05:30,5676.7,32.3,33.0,12.4,188.2
2026-04-07 13:00:00+05:30,5971.8,33.2,31.0,11.5,181.3
2026-04-07 14:00:00+05:30,6205.0,34.2,34.0,8.4,135.8
2026-04-07 15:00:00+05:30,6486.7,35.5,30.0,13.3,133.8
2026-04-07 16:00:00+05:30,6447.9,35.4,30.0,12.2,90.5
2026-04-07 17:00:00+05:30,6183.7,34.6,34.0,13.2,50.0
2026-04-07 18:00:00+05:30,5874.0,33.8,32.0,13.7,9.4
2026-04-07 19:00:00+05:30,5729.5,33.3,28.0,7.8,0.0
2026-04-07 20:00:00+05:30,5682.0,32.2,39.0,13.5,0.0
2026-04-07 21:00:00+05:30,5228.3,30.1,33.0,9.7,0.0
2026-04-07 22:00:00+05:30,4865.7,28.6,37.0,8.2,0.0
2026-04-07 23:00:00+05:30,4327.0,26.1,42.0,5.2,0.0
2026-04-08 00:00:00+05:30,3972.9,25.2,31.0,9.6,0.0
2026-04-08 01:00:00+05:30,3717.1,24.4,40.0,3.5,0.0
2026-04-08 02:00:00+05:30,3517.0,23.3,36.0,3.7,0.0
2026-04-08 03:00:00+05:30,3361.4,22.5,40.0,1.4,0.0
2026-04-08 04:00:00+05:30,3252.7,22.4,42.0,7.4,0.0
2026-04-08 05:00:00+05:30,3343.1,23.0,45.0,4.4,0.0
2026-04-08 06:00:00+05:30,3626.0,23.8,38.0,0.8,9.2
2026-04-08 07:00:00+05:30,4065.3,24.9,38.0,5.7,53.1
2026-04-08 08:00:00+05:30,4387.6,25.8,34.0,5.0,75.5
2026-04-08 09:00:00+05:30,4803.5,27.5,41.0,6.9,122.6
2026-04-08 10:00:00+05:30,5318.1,29.0,36.0,3.1,165.3
2026-04-08 11:00:00+05:30,5541.4,30.3,35.0,13.7,199.7
2026-04-08 12:00:00+05:30,5821.7,31.8,34.0,7.9,169.7
2026-04-08 13:00:00+05:30,6095.4,33.2,33.0,13.7,171.7
2026-04-08 14:00:00+05:30,6313.4,33.9,32.0,9.1,168.9
2026-04-08 15:00:00+05:30,6544.5,34.3,31.0,12.6,119.6
2026-04-08 16:00:00+05:30,6421.1,33.9,28.0,11.9,104.6
2026-04-08 17:00:00+05:30,6097.6,33.8,32.0,12.5,37.3
2026-04-08 18:00:00+05:30,5720.8,32.8,32.0,12.9,8.1
2026-04-08 19:00:00+05:30,5564.2,32.0,34.0,11.8,0.0
2026-04-08 20:00:00+05:30,5521.3,30.7,36.0,10.6,0.0
2026-04-08 21:00:00+05:30,5128.4,28.6,33.0,3.6,0.0
2026-04-08 22:00:00+05:30,4655.2,26.8,38.0,10.3,0.0
2026-04-08 23:00:00+05:30,4096.4,24.9,46.0,12.8,0.0
2026-04-09 00:00:00+05:30,3843.4,23.8,36.0,5.7,0.0
2026-04-09 01:00:00+05:30,3226.4,21.1,41.0,4.5,0.0
2026-04-09 02:00:00+05:30,3090.6,19.9,47.0,5.8,0.0
2026-04-09 03:00:00+05:30,3036.7,19.5,40.0,2.8,0.0
2026-04-09 04:00:00+05:30,3068.2,19.8,42.0,1.7,0.0
2026-04-09 05:00:00+05:30,3118.5,20.7,47.0,6.4,0.0
2026-04-09 06:00:00+05:30,3354.8,21.3,43.0,2.1,10.1
2026-04-09 07:00:00+05:30,3552.4,22.1,40.0,7.9,51.5
2026-04-09 08:00:00+05:30,3841.3,23.0,38.0,5.9,110.9
2026-04-09 09:00:00+05:30,4345.6,25.2,36.0,7.9,144.6
2026-04-09 10:00:00+05:30,4695.5,27.1,45.0,8.0,171.2
2026-04-09 11:00:00+05:30,4989.5,29.3,31.0,15.9,198.8
2026-04-09 12:00:00+05:30,5408.4,31.6,30.0,10.0,193.8
2026-04-09 13:00:00+05:30,5746.3,32.8,32.0,12.7,166.0
2026-04-09 14:00:00+05:30,6021.4,33.6,27.0,11.2,162.2
2026-04-09 15:00:00+05:30,6215.8,34.0,37.0,17.2,146.4
2026-04-09 16:00:00+05:30,6218.0,34.6,30.0,16.2,79.9
2026-04-09 17:00:00+05:30,5894.3,34.0,36.0,14.0,40.4
2026-04-09 18:00:00+05:30,5640.1,33.1,37.0,10.7,8.6
2026-04-09 19:00:00+05:30,5507.4,32.4,32.0,10.1,0.0
2026-04-09 20:00:00+05:30,5577.6,31.0,37.0,11.3,0.0
2026-04-09 21:00:00+05:30,5144.7,29.5,36.0,7.9,0.0
2026-04-09 22:00:00+05:30,4445.4,27.4,37.0,4.1,0.0
2026-04-09 23:00:00+05:30,3916.2,25.2,38.0,7.4,0.0
2026-04-10 00:00:00+05:30,3710.6,24.6,40.0,6.2,0.0
2026-04-10 01:00:00+05:30,3225.3,22.9,38.0,8.4,0.0
2026-04-10 02:00:00+05:30,3150.8,22.3,45.0,1.5,0.0
2026-04-10 03:00:00+05:30,2926.9,21.2,44.0,5.1,0.0
2026-04-10 04:00:00+05:30,2810.7,21.4,39.0,0.0,0.0
2026-04-10 05:00:00+05:30,2962.0,21.8,38.0,9.7,0.0
2026-04-10 06:00:00+05:30,3225.9,22.7,42.0,7.1,11.5
2026-04-10 07:00:00+05:30,3592.9,23.8,40.0,5.2,47.5
2026-04-10 08:00:00+05:30,4022.0,25.1,36.0,5.4,88.5
2026-04-10 09:00:00+05:30,4538.4,27.1,40.0,4.0,143.0
2026-04-10 10:00:00+05:30,4951.9,28.7,33.0,8.5,150.8
2026-04-10 11:00:00+05:30,5383.1,30.4,37.0,14.0,216.8
2026-04-10 12:00:00+05:30,5701.9,32.1,32.0,6.7,171.1
2026-04-10 13:00:00+05:30,6063.7,33.7,27.0,5.7,158.4
2026-04-10 14:00:00+05:30,6342.5,34.7,26.0,9.7,165.3
2026-04-10 15:00:00+05:30,6435.3,35.0,33.0,12.7,118.9
2026-04-10 16:00:00+05:30,6496.4,35.0,33.0,13.4,93.0
2026-04-10 17:00:00+05:30,6218.8,34.6,32.0,8.5,43.3
2026-04-10 18:00:00+05:30,6005.7,34.1,25.0,10.9,9.1
2026-04-10 19:00:00+05:30,5917.2,33.0,35.0,12.8,0.0
2026-04-10 20:00:00+05:30,5884.5,31.6,29.0,14.8,0.0
2026-04-10 21:00:00+05:30,5272.9,29.9,35.0,6.4,0.0
2026-04-10 22:00:00+05:30,4649.7,27.7,38.0,8.8,0.0
2026-04-10 23:00:00+05:30,4311.1,26.2,36.0,9.0,0.0
2026-04-11 00:00:00+05:30,3594.2,24.3,43.0,4.5,0.0
2026-04-11 01:00:00+05:30,3294.4,23.1,38.0,6.7,0.0
2026-04-11 02:00:00+05:30,3043.6,21.9,40.0,6.5,0.0
2026-04-11 03:00:00+05:30,3095.6,22.4,36.0,3.0,0.0
2026-04-11 04:00:00+05:30,3018.5,21.6,41.0,6.1,0.0
2026-04-11 05:00:00+05:30,3183.2,22.2,40.0,3.1,0.0
2026-04-11 06:00:00+05:30,3406.2,22.8,45.0,3.5,10.1
2026-04-11 07:00:00+05:30,3726.6,24.1,40.0,7.9,40.2
2026-04-11 08:00:00+05:30,4183.5,26.0,38.0,2.2,80.3
2026-04-11 09:00:00+05:30,4754.2,28.2,29.0,5.5,139.2
2026-04-11 10:00:00+05:30,4804.2,29.4,35.0,9.7,157.3
2026-04-11 11:00:00+05:30,5193.4,31.5,36.0,9.2,169.5
2026-04-11 12:00:00+05:30,5432.4,33.2,30.0,12.5,202.4
2026-04-11 13:00:00+05:30,5766.4,34.9,27.0,12.7,205.8
2026-04-11 14:00:00+05:30,6083.0,35.8,31.0,9.4,170.5
2026-04-11 15:00:00+05:30,6358.1,36.5,26.0,14.5,147.6
2026-04-11 16:00:00+05:30,6492.7,37.5,26.0,13.8,91.5
2026-04-11 17:00:00+05:30,6342.6,37.4,29.0,11.9,45.4
2026-04-11 18:00:00+05:30,6005.4,36.6,32.0,8.7,7.9
2026-04-11 19:00:00+05:30,5868.5,35.8,24.0,7.6,0.0
2026-04-11 20:00:00+05:30,5824.7,34.8,29.0,10.6,0.0
2026-04-11 21:00:00+05:30,5443.2,33.4,27.0,14.5,0.0
2026-04-11 22:00:00+05:30,4886.6,31.5,31.0,6.1,0.0
2026-04-11 23:00:00+05:30,4416.1,29.5,34.0,6.9,0.0
2026-04-12 00:00:00+05:30,4111.5,28.1,35.0,3.9,0.0
2026-04-12 01:00:00+05:30,3755.3,26.3,32.0,2.4,0.0
2026-04-12 02:00:00+05:30,3470.5,24.6,36.0,7.3,0.0
2026-04-12 03:00:00+05:30,3426.2,23.9,38.0,5.0,0.0
2026-04-12 04:00:00+05:30,3361.6,23.0,37.0,5.9,0.0
2026-04-12 05:00:00+05:30,3433.5,22.6,41.0,8.4,0.0
2026-04-12 06:00:00+05:30,3744.0,23.4,42.0,6.5,9.5
2026-04-12 07:00:00+05:30,4003.9,24.4,39.0,7.3,55.0
2026-04-12 08:00:00+05:30,4448.5,25.9,35.0,8.1,78.0
2026-04-12 09:00:00+05:30,4794.5,27.5,29.0,9.4,141.9
2026-04-12 10:00:00+05:30,5211.7,29.2,30.0,12.5,164.9
2026-04-12 11:00:00+05:30,5403.6,30.7,32.0,12.2,186.5
2026-04-12 12:00:00+05:30,5854.7,33.1,30.0,11.5,176.4
2026-04-12 13:00:00+05:30,6135.4,34.8,25.0,10.5,214.3
2026-04-12 14:00:00+05:30,6462.3,36.0,23.0,11.6,153.0
2026-04-12 15:00:00+05:30,6753.4,37.1,26.0,13.3,145.3
2026-04-12 16:00:00+05:30,6846.7,37.3,23.0,13.3,99.7
2026-04-12 17:00:00+05:30,6576.7,37.3,26.0,11.5,37.7
2026-04-12 18:00:00+05:30,6250.9,36.6,25.0,10.7,7.5
2026-04-12 19:00:00+05:30,5919.8,34.9,30.0,13.8,0.0
2026-04-12 20:00:00+05:30,5920.3,33.6,34.0,9.1,0.0
2026-04-12 21:00:00+05:30,5452.0,31.5,27.0,10.1,0.0
2026-04-12 22:00:00+05:30,4819.5,29.3,34.0,3.0,0.0
2026-04-12 23:00:00+05:30,4411.7,28.3,33.0,5.6,0.0
2026-04-13 00:00:00+05:30,4387.8,27.1,36.0,4.2,0.0
2026-04-13 01:00:00+05:30,4004.9,26.0,35.0,8.7,0.0
2026-04-13 02:00:00+05:30,3754.9,24.5,36.0,1.3,0.0
2026-04-13 03:00:00+05:30,3628.7,24.0,37.0,4.7,0.0
2026-04-13 04:00:00+05:30,3583.7,23.9,39.0,8.6,0.0
2026-04-13 05:00:00+05:30,3768.5,24.3,41.0,0.0,0.0
2026-04-13 06:00:00+05:30,3896.5,24.6,39.0,5.7,8.6
2026-04-13 07:00:00+05:30,4283.7,25.9,37.0,8.3,38.3
2026-04-13 08:00:00+05:30,4768.7,27.4,31.0,6.9,107.5
2026-04-13 09:00:00+05:30,5288.6,29.5,32.0,7.9,149.5
2026-04-13 10:00:00+05:30,5698.2,31.1,37.0,6.0,139.7
2026-04-13 11:00:00+05:30,5956.1,32.5,28.0,8.0,148.8
2026-04-13 12:00:00+05:30,6270.2,34.0,26.0,13.8,199.5
2026-04-13 13:00:00+05:30,6557.5,35.2,27.0,16.8,168.9
2026-04-13 14:00:00+05:30,6886.8,36.1,25.0,10.2,173.4
2026-04-13 15:00:00+05:30,7049.3,37.2,26.0,7.7,155.0
2026-04-13 16:00:00+05:30,7172.2,37.8,24.0,13.6,98.9
2026-04-13 17:00:00+05:30,6920.2,37.6,30.0,12.5,35.6
2026-04-13 18:00:00+05:30,6685.1,37.9,21.0,8.8,8.8
2026-04-13 19:00:00+05:30,6534.6,36.8,29.0,9.2,0.0
2026-04-13 20:00:00+05:30,6408.9,34.8,30.0,6.8,0.0
2026-04-13 21:00:00+05:30,5902.6,33.1,26.0,11.3,0.0
2026-04-13 22:00:00+05:30,5347.7,30.8,25.0,2.2,0.0
2026-04-13 23:00:00+05:30,4904.2,28.8,31.0,3.5,0.0
2026-04-14 00:00:00+05:30,4122.2,27.3,32.0,3.0,0.0
2026-04-14 01:00:00+05:30,3793.7,26.3,31.0,2.8,0.0
2026-04-14 02:00:00+05:30,3586.8,25.4,34.0,4.1,0.0
2026-04-14 03:00:00+05:30,3457.5,24.6,40.0,4.0,0.0
2026-04-14 04:00:00+05:30,3350.4,24.9,37.0,5.8,0.0
2026-04-14 05:00:00+05:30,3430.1,25.2,34.0,6.1,0.0
2026-04-14 06:00:00+05:30,3749.8,25.7,41.0,7.6,12.5
2026-04-14 07:00:00+05:30,4048.4,26.8,34.0,1.4,40.3
2026-04-14 08:00:00+05:30,4553.1,28.9,37.0,7.4,95.6
2026-04-14 09:00:00+05:30,4852.6,30.2,30.0,9.3,141.0
2026-04-14 10:00:00+05:30,5235.1,31.7,34.0,4.8,200.0
2026-04-14 11:00:00+05:30,5501.0,33.2,26.0,10.0,176.7
2026-04-14 12:00:00+05:30,5697.6,34.1,26.0,10.6,203.3
2026-04-14 13:00:00+05:30,5997.4,35.5,30.0,10.5,198.1
2026-04-14 14:00:00+05:30,6302.8,36.6,29.0,9.4,128.7
2026-04-14 15:00:00+05:30,6345.9,36.4,28.0,12.0,131.4
2026-04-14 16:00:00+05:30,6397.9,36.7,28.0,11.2,82.0
2026-04-14 17:00:00+05:30,6234.9,36.3,28.0,8.2,43.4
2026-04-14 18:00:00+05:30,5902.9,35.7,28.0,11.1,7.0
2026-04-14 19:00:00+05:30,5774.6,34.2,31.0,14.1,0.0
2026-04-14 20:00:00+05:30,5666.9,32.4,39.0,5.9,0.0
2026-04-14 21:00:00+05:30,5372.4,31.3,35.0,10.7,0.0
2026-04-14 22:00:00+05:30,4864.2,29.6,34.0,8.3,0.0
2026-04-14 23:00:00+05:30,4358.4,28.1,33.0,6.3,0.0
2026-04-15 00:00:00+05:30,4330.2,27.0,35.0,0.0,0.0
2026-04-15 01:00:00+05:30,4048.8,25.5,36.0,5.6,0.0
2026-04-15 02:00:00+05:30,3790.9,24.4,38.0,0.6,0.0
2026-04-15 03:00:00+05:30,3572.3,23.3,40.0,2.6,0.0
2026-04-15 04:00:00+05:30,3596.3,23.0,44.0,7.2,0.0
2026-04-15 05:00:00+05:30,3763.2,24.0,36.0,2.6,0.0
2026-04-15 06:00:00+05:30,4105.4,25.0,34.0,7.7,9.0
2026-04-15 07:00:00+05:30,4539.9,26.5,38.0,3.9,46.9
2026-04-15 08:00:00+05:30,5152.2,28.2,30.0,0.8,86.4
2026-04-15 09:00:00+05:30,5573.7,29.4,28.0,7.2,109.3
2026-04-15 10:00:00+05:30,6008.5,31.6,29.0,7.4,187.9
2026-04-15 11:00:00+05:30,6142.5,32.6,25.0,8.1,210.0
2026-04-15 12:00:00+05:30,6440.1,33.8,28.0,12.4,197.2
2026-04-15 13:00:00+05:30,6643.1,35.0,31.0,10.7,180.7
2026-04-15 14:00:00+05:30,6766.2,35.8,23.0,9.4,163.4
2026-04-15 15:00:00+05:30,6972.2,36.2,27.0,6.9,139.8
2026-04-15 16:00:00+05:30,6920.5,36.2,23.0,11.3,71.3
2026-04-15 17:00:00+05:30,6651.0,36.0,25.0,11.1,36.4
2026-04-15 18:00:00+05:30,6443.3,36.1,29.0,10.0,7.7
2026-04-15 19:00:00+05:30,6383.6,35.2,29.0,7.4,0.0
2026-04-15 20:00:00+05:30,6338.2,33.6,27.0,12.0,0.0
2026-04-15 21:00:00+05:30,5824.5,32.3,30.0,9.8,0.0
2026-04-15 22:00:00+05:30,5284.9,30.9,34.0,3.6,0.0
2026-04-15 23:00:00+05:30,4761.6,29.0,32.0,8.1,0.0
2026-04-16 00:00:00+05:30,4474.9,27.8,36.0,5.5,0.0
2026-04-16 01:00:00+05:30,4087.1,26.3,39.0,7.5,0.0
2026-04-16 02:00:00+05:30,3756.2,25.5,33.0,3.7,0.0
2026-04-16 03:00:00+05:30,3449.7,24.6,35.0,3.2,0.0
2026-04-16 04:00:00+05:30,3543.4,24.6,39.0,10.5,0.0
2026-04-16 05:00:00+05:30,3758.3,24.2,36.0,4.8,0.0
2026-04-16 06:00:00+05:30,3959.4,25.0,34.0,5.0,12.5
2026-04-16 07:00:00+05:30,4526.6,26.9,31.0,2.7,42.7
2026-04-16 08:00:00+05:30,4980.1,28.2,34.0,8.1,92.3
2026-04-16 09:00:00+05:30,5507.3,30.0,33.0,10.2,130.5
2026-04-16 10:00:00+05:30,5916.0,31.8,32.0,8.6,176.8
2026-04-16 11:00:00+05:30,6379.1,34.2,33.0,7.2,187.6
2026-04-16 12:00:00+05:30,6736.7,35.7,28.0,7.7,161.2
2026-04-16 13:00:00+05:30,6927.3,36.7,29.0,13.3,170.1
2026-04-16 14:00:00+05:30,7166.0,37.5,26.0,10.1,177.5
2026-04-16 15:00:00+05:30,7378.5,38.3,22.0,13.6,135.8
2026-04-16 16:00:00+05:30,7345.3,38.0,22.0,11.4,105.0
2026-04-16 17:00:00+05:30,7164.8,37.9,18.0,9.9,38.0
2026-04-16 18:00:00+05:30,6852.8,37.4,24.0,14.9,9.0
2026-04-16 19:00:00+05:30,6767.6,36.9,25.0,13.7,0.0
2026-04-16 20:00:00+05:30,6674.1,35.1,31.0,8.6,0.0
2026-04-16 21:00:00+05:30,6295.8,34.0,25.0,10.0,0.0
2026-04-16 22:00:00+05:30,5595.7,32.1,30.0,8.0,0.0
2026-04-16 23:00:00+05:30,5017.8,30.2,31.0,5.5,0.0
2026-04-17 00:00:00+05:30,4592.4,28.4,32.0,5.0,0.0
2026-04-17 01:00:00+05:30,4231.6,26.8,37.0,4.4,0.0
2026-04-17 02:00:00+05:30,3978.1,26.0,37.0,4.0,0.0
2026-04-17 03:00:00+05:30,3826.2,25.2,34.0,4.1,0.0
2026-04-17 04:00:00+05:30,3715.7,24.7,33.0,7.5,0.0
2026-04-17 05:00:00+05:30,3786.1,25.1,34.0,3.3,0.0
2026-04-17 06:00:00+05:30,4125.1,25.8,38.0,9.1,12.5
2026-04-17 07:00:00+05:30,4524.5,26.7,35.0,6.2,48.5
2026-04-17 08:00:00+05:30,4937.5,27.6,31.0,6.3,90.8
2026-04-17 09:00:00+05:30,5319.0,28.7,31.0,8.2,162.5
2026-04-17 10:00:00+05:30,5937.7,30.7,32.0,3.6,161.6
2026-04-17 11:00:00+05:30,6342.4,32.9,31.0,7.0,207.4
2026-04-17 12:00:00+05:30,6729.7,34.6,24.0,11.7,200.3
2026-04-17 13:00:00+05:30,7076.2,36.2,24.0,17.7,206.7
2026-04-17 14:00:00+05:30,7283.3,36.7,24.0,15.3,155.3
2026-04-17 15:00:00+05:30,7505.1,37.5,24.0,11.5,155.0
2026-04-17 16:00:00+05:30,7655.7,37.9,26.0,17.2,85.3
2026-04-17 17:00:00+05:30,7371.6,38.0,24.0,11.4,43.7
2026-04-17 18:00:00+05:30,6951.0,37.0,24.0,13.7,7.0
2026-04-17 19:00:00+05:30,6822.3,36.4,23.0,10.3,0.0
2026-04-17 20:00:00+05:30,6691.4,34.5,28.0,13.6,0.0
2026-04-17 21:00:00+05:30,6221.7,32.9,29.0,7.2,0.0
2026-04-17 22:00:00+05:30,5621.0,31.4,30.0,8.3,0.0
2026-04-17 23:00:00+05:30,5152.0,29.6,38.0,1.7,0.0
2026-04-18 00:00:00+05:30,4316.7,27.7,39.0,5.1,0.0
2026-04-18 01:00:00+05:30,3818.2,25.7,34.0,1.9,0.0
2026-04-18 02:00:00+05:30,3614.2,24.8,38.0,3.5,0.0
2026-04-18 03:00:00+05:30,3472.8,24.4,38.0,3.7,0.0
2026-04-18 04:00:00+05:30,3405.4,24.2,34.0,0.0,0.0
2026-04-18 05:00:00+05:30,3484.9,24.0,35.0,8.1,0.0
2026-04-18 06:00:00+05:30,3857.7,25.3,38.0,2.7,10.4
2026-04-18 07:00:00+05:30,4240.4,26.0,38.0,0.0,50.3
2026-04-18 08:00:00+05:30,4578.9,27.1,31.0,5.3,84.1
2026-04-18 09:00:00+05:30,5007.5,29.0,34.0,6.9,149.3
2026-04-18 10:00:00+05:30,5425.9,31.2,28.0,8.8,166.9
2026-04-18 11:00:00+05:30,5732.3,33.1,28.0,9.5,208.4
2026-04-18 12:00:00+05:30,6086.9,34.6,27.0,11.5,152.0
2026-04-18 13:00:00+05:30,6388.2,35.8,26.0,12.4,195.3
2026-04-18 14:00:00+05:30,6692.3,37.3,25.0,10.1,187.3
2026-04-18 15:00:00+05:30,6892.4,38.2,21.0,8.2,135.5
2026-04-18 16:00:00+05:30,6902.4,38.5,17.0,11.7,86.8
2026-04-18 17:00:00+05:30,6518.0,38.0,23.0,14.8,44.6
2026-04-18 18:00:00+05:30,6106.2,36.5,25.0,10.0,9.4
2026-04-18 19:00:00+05:30,6125.6,35.4,24.0,8.8,0.0
2026-04-18 20:00:00+05:30,6039.5,33.7,26.0,9.1,0.0
2026-04-18 21:00:00+05:30,5453.1,31.6,29.0,3.7,0.0
2026-04-18 22:00:00+05:30,4898.5,29.6,30.0,11.3,0.0
2026-04-18 23:00:00+05:30,4439.4,27.8,31.0,9.3,0.0
2026-04-19 00:00:00+05:30,4093.2,26.1,37.0,8.2,0.0
2026-04-19 01:00:00+05:30,3901.7,25.1,35.0,4.2,0.0
2026-04-19 02:00:00+05:30,3671.2,24.2,35.0,3.8,0.0
2026-04-19 03:00:00+05:30,3537.6,23.9,43.0,0.1,0.0
2026-04-19 04:00:00+05:30,3325.2,23.4,39.0,2.8,0.0
2026-04-19 05:00:00+05:30,3395.8,24.2,41.0,9.1,0.0
2026-04-19 06:00:00+05:30,3625.7,25.0,37.0,2.3,10.3
2026-04-19 07:00:00+05:30,4026.7,25.8,37.0,3.6,41.3
2026-04-19 08:00:00+05:30,4457.9,27.4,36.0,9.1,106.2
2026-04-19 09:00:00+05:30,4929.3,29.4,33.0,4.2,117.3
2026-04-19 10:00:00+05:30,5383.6,31.0,32.0,9.6,193.3
2026-04-19 11:00:00+05:30,5550.5,32.8,35.0,6.1,188.4
2026-04-19 12:00:00+05:30,5939.7,34.1,27.0,10.4,166.3
2026-04-19 13:00:00+05:30,6353.1,35.9,25.0,9.2,195.6
2026-04-19 14:00:00+05:30,6621.6,37.0,27.0,11.0,149.3
2026-04-19 15:00:00+05:30,6855.0,37.6,25.0,10.5,105.1
2026-04-19 16:00:00+05:30,6751.5,37.8,27.0,10.0,105.0
2026-04-19 17:00:00+05:30,6466.7,37.2,25.0,8.3,44.6
2026-04-19 18:00:00+05:30,6085.3,36.0,30.0,13.6,9.2
2026-04-19 19:00:00+05:30,5879.8,34.7,30.0,8.0,0.0
2026-04-19 20:00:00+05:30,5732.2,33.6,24.0,10.1,0.0
2026-04-19 21:00:00+05:30,5386.8,31.9,32.0,11.0,0.0
2026-04-19 22:00:00+05:30,4747.1,30.1,37.0,8.2,0.0
2026-04-19 23:00:00+05:30,4263.4,27.8,31.0,8.4,0.0
2026-04-20 00:00:00+05:30,4199.7,26.5,34.0,7.9,0.0
2026-04-20 01:00:00+05:30,3927.7,24.8,29.0,9.2,0.0
2026-04-20 02:00:00+05:30,3645.6,23.1,37.0,5.1,0.0
2026-04-20 03:00:00+05:30,3596.2,22.4,43.0,8.1,0.0
2026-04-20 04:00:00+05:30,3514.2,22.1,41.0,9.6,0.0
2026-04-20 05:00:00+05:30,3517.0,22.0,39.0,3.1,0.0
2026-04-20 06:00:00+05:30,3722.6,22.6,44.0,3.0,11.1
2026-04-20 07:00:00+05:30,4011.6,23.7,41.0,9.2,44.5
2026-04-20 08:00:00+05:30,4395.1,25.4,38.0,1.7,81.0
2026-04-20 09:00:00+05:30,4791.8,27.0,39.0,6.1,100.3
2026-04-20 10:00:00+05:30,5142.1,29.0,38.0,6.7,199.8
2026-04-20 11:00:00+05:30,5565.2,30.7,28.0,7.9,168.6
2026-04-20 12:00:00+05:30,5804.6,32.2,33.0,11.3,202.0
2026-04-20 13:00:00+05:30,6119.2,33.0,32.0,5.4,154.2
2026-04-20 14:00:00+05:30,6298.6,33.9,29.0,12.3,152.6
2026-04-20 15:00:00+05:30,6359.2,34.3,28.0,12.8,148.1
2026-04-20 16:00:00+05:30,6154.0,33.6,27.0,9.7,79.1
2026-04-20 17:00:00+05:30,5827.9,33.4,33.0,10.9,50.0
2026-04-20 18:00:00+05:30,5564.6,32.7,30.0,13.5,6.8
2026-04-20 19:00:00+05:30,5515.3,31.4,38.0,12.4,0.0
2026-04-20 20:00:00+05:30,5320.6,29.9,36.0,7.8,0.0
2026-04-20 21:00:00+05:30,5054.3,28.8,37.0,11.4,0.0
2026-04-20 22:00:00+05:30,4560.8,26.9,36.0,13.5,0.0
2026-04-20 23:00:00+05:30,4166.4,25.5,36.0,6.5,0.0
2026-04-21 00:00:00+05:30,3633.8,23.4,40.0,10.2,0.0
2026-04-21 01:00:00+05:30,3299.7,21.9,39.0,6.2,0.0
2026-04-21 02:00:00+05:30,2986.0,21.1,41.0,7.2,0.0
2026-04-21 03:00:00+05:30,2830.8,20.2,47.0,2.3,0.0
2026-04-21 04:00:00+05:30,2775.0,19.9,43.0,4.6,0.0
2026-04-21 05:00:00+05:30,2943.4,20.7,44.0,4.6,0.0
2026-04-21 06:00:00+05:30,3243.2,21.9,43.0,7.1,11.9
2026-04-21 07:00:00+05:30,3480.1,22.8,41.0,6.4,55.0
2026-04-21 08:00:00+05:30,3690.5,24.1,41.0,2.6,96.7
2026-04-21 09:00:00+05:30,4129.5,25.9,38.0,8.8,146.1
2026-04-21 10:00:00+05:30,4564.4,28.0,38.0,7.1,189.2
2026-04-21 11:00:00+05:30,5174.6,30.2,36.0,9.3,183.0
2026-04-21 12:00:00+05:30,5438.6,31.6,35.0,12.0,210.4
2026-04-21 13:00:00+05:30,5895.6,33.1,33.0,10.4,175.6
2026-04-21 14:00:00+05:30,6163.5,34.2,26.0,17.1,176.8
2026-04-21 15:00:00+05:30,6292.2,35.4,30.0,10.1,126.0
2026-04-21 16:00:00+05:30,6433.7,36.4,23.0,12.2,72.4
2026-04-21 17:00:00+05:30,6048.7,35.2,29.0,13.0,41.0
2026-04-21 18:00:00+05:30,5770.5,34.1,27.0,10.0,8.6
2026-04-21 19:00:00+05:30,5549.9,33.1,32.0,13.6,0.0
2026-04-21 20:00:00+05:30,5431.2,31.5,34.0,10.1,0.0
2026-04-21 21:00:00+05:30,5002.5,29.7,37.0,9.2,0.0
2026-04-21 22:00:00+05:30,4499.0,28.2,37.0,7.1,0.0
2026-04-21 23:00:00+05:30,4153.3,26.5,33.0,11.6,0.0
2026-04-22 00:00:00+05:30,3769.0,24.8,38.0,8.6,0.0
2026-04-22 01:00:00+05:30,3406.3,23.4,38.0,8.9,0.0
2026-04-22 02:00:00+05:30,3239.4,22.5,35.0,8.2,0.0
2026-04-22 03:00:00+05:30,3064.9,21.8,46.0,3.4,0.0
2026-04-22 04:00:00+05:30,3068.2,21.4,44.0,5.9,0.0
2026-04-22 05:00:00+05:30,3154.1,21.4,44.0,7.2,0.0
2026-04-22 06:00:00+05:30,3484.1,22.6,36.0,3.4,9.1
2026-04-22 07:00:00+05:30,3941.4,24.1,40.0,5.8,40.6
2026-04-22 08:00:00+05:30,4413.1,25.6,32.0,4.6,80.2
2026-04-22 09:00:00+05:30,4927.3,27.6,34.0,7.5,134.6
2026-04-22 10:00:00+05:30,5360.6,29.8,28.0,8.7,153.6
2026-04-22 11:00:00+05:30,5751.5,31.4,34.0,9.6,185.9
2026-04-22 12:00:00+05:30,6112.6,33.1,27.0,10.4,222.0
2026-04-22 13:00:00+05:30,6220.5,34.2,30.0,14.5,196.5
2026-04-22 14:00:00+05:30,6528.5,34.8,35.0,10.4,148.2
2026-04-22 15:00:00+05:30,6635.1,35.8,29.0,14.6,127.6
2026-04-22 16:00:00+05:30,6668.8,36.0,23.0,16.6,81.2
2026-04-22 17:00:00+05:30,6261.5,35.7,28.0,11.9,44.9
2026-04-22 18:00:00+05:30,5857.7,34.3,36.0,8.6,10.0
2026-04-22 19:00:00+05:30,5757.1,33.4,33.0,12.1,0.0
2026-04-22 20:00:00+05:30,5725.0,32.1,33.0,14.3,0.0
2026-04-22 21:00:00+05:30,5269.0,30.4,32.0,9.0,0.0
2026-04-22 22:00:00+05:30,4675.9,28.4,32.0,10.2,0.0
2026-04-22 23:00:00+05:30,4112.6,26.5,33.0,8.8,0.0
2026-04-23 00:00:00+05:30,3747.2,24.9,36.0,3.1,0.0
2026-04-23 01:00:00+05:30,3440.2,23.6,44.0,5.3,0.0
2026-04-23 02:00:00+05:30,3283.0,22.9,43.0,0.0,0.0
2026-04-23 03:00:00+05:30,3115.6,22.6,37.0,5.0,0.0
2026-04-23 04:00:00+05:30,3073.5,22.1,40.0,2.2,0.0
2026-04-23 05:00:00+05:30,3220.4,22.8,40.0,1.9,0.0
2026-04-23 06:00:00+05:30,3547.3,23.6,40.0,6.1,10.9
2026-04-23 07:00:00+05:30,3876.6,24.7,37.0,2.1,45.7
2026-04-23 08:00:00+05:30,4221.5,26.0,40.0,5.8,104.6
2026-04-23 09:00:00+05:30,4634.6,27.6,34.0,6.1,151.9
2026-04-23 10:00:00+05:30,5153.7,29.4,33.0,5.9,197.9
2026-04-23 11:00:00+05:30,5697.2,31.9,37.0,11.4,177.9
2026-04-23 12:00:00+05:30,6146.4,33.9,27.0,5.3,160.3
2026-04-23 13:00:00+05:30,6342.8,34.6,29.0,10.4,151.8
2026-04-23 14:00:00+05:30,6651.9,36.0,28.0,10.5,128.8
2026-04-23 15:00:00+05:30,6939.9,36.9,32.0,15.2,132.7
2026-04-23 16:00:00+05:30,6998.5,37.4,25.0,11.3,85.2
2026-04-23 17:00:00+05:30,6724.9,36.5,20.0,13.0,37.7
2026-04-23 18:00:00+05:30,6341.6,35.8,30.0,10.2,9.6
2026-04-23 19:00:00+05:30,6200.5,34.9,34.0,12.0,0.0
2026-04-23 20:00:00+05:30,6109.3,33.4,36.0,13.0,0.0
2026-04-23 21:00:00+05:30,5659.8,31.7,31.0,10.4,0.0
2026-04-23 22:00:00+05:30,5154.1,29.8,32.0,15.5,0.0
2026-04-23 23:00:00+05:30,4637.3,27.7,35.0,9.4,0.0
2026-04-24 00:00:00+05:30,4255.6,26.1,36.0,5.6,0.0
2026-04-24 01:00:00+05:30,3900.2,24.5,39.0,7.7,0.0
2026-04-24 02:00:00+05:30,3685.9,23.6,39.0,5.9,0.0
2026-04-24 03:00:00+05:30,3511.1,23.2,41.0,0.0,0.0
2026-04-24 04:00:00+05:30,3549.6,23.6,40.0,4.4,0.0
2026-04-24 05:00:00+05:30,3605.7,23.8,35.0,6.6,0.0
2026-04-24 06:00:00+05:30,4066.2,25.7,40.0,2.6,12.5
2026-04-24 07:00:00+05:30,4462.7,26.5,38.0,3.0,50.2
2026-04-24 08:00:00+05:30,4944.9,27.7,30.0,2.8,95.0
2026-04-24 09:00:00+05:30,5370.1,29.4,32.0,8.5,120.2
2026-04-24 10:00:00+05:30,5750.1,30.8,35.0,4.9,151.8
2026-04-24 11:00:00+05:30,6094.5,32.8,29.0,13.5,184.0
2026-04-24 12:00:00+05:30,6664.1,35.2,26.0,8.6,212.4
2026-04-24 13:00:00+05:30,6990.1,36.3,29.0,13.0,154.9
2026-04-24 14:00:00+05:30,7090.3,36.7,26.0,13.8,175.7
2026-04-24 15:00:00+05:30,7255.6,36.9,26.0,12.8,116.8
2026-04-24 16:00:00+05:30,7299.1,37.5,25.0,10.8,83.3
2026-04-24 17:00:00+05:30,7006.3,37.4,26.0,13.8,35.1
2026-04-24 18:00:00+05:30,6650.0,36.6,31.0,14.0,9.6
2026-04-24 19:00:00+05:30,6543.5,35.4,25.0,13.1,0.0
2026-04-24 20:00:00+05:30,6278.6,33.8,34.0,11.4,0.0
2026-04-24 21:00:00+05:30,5811.0,32.1,32.0,8.0,0.0
2026-04-24 22:00:00+05:30,5215.7,30.1,31.0,9.6,0.0
2026-04-24 23:00:00+05:30,4800.1,28.5,36.0,1.7,0.0
2026-04-25 00:00:00+05:30,4159.8,27.2,38.0,4.5,0.0
2026-04-25 01:00:00+05:30,3926.2,26.1,38.0,3.2,0.0
2026-04-25 02:00:00+05:30,3767.5,25.6,37.0,2.3,0.0
2026-04-25 03:00:00+05:30,3643.5,25.2,41.0,5.6,0.0
2026-04-25 04:00:00+05:30,3555.7,25.0,41.0,0.0,0.0
2026-04-25 05:00:00+05:30,3663.2,24.7,38.0,3.4,0.0
2026-04-25 06:00:00+05:30,3905.8,25.8,36.0,3.5,11.7
2026-04-25 07:00:00+05:30,4417.2,27.4,34.0,4.3,47.1
2026-04-25 08:00:00+05:30,4839.6,28.4,33.0,5.9,98.9
2026-04-25 09:00:00+05:30,5372.2,30.8,34.0,4.4,139.7
2026-04-25 10:00:00+05:30,5731.6,32.2,31.0,9.0,193.3
2026-04-25 11:00:00+05:30,6065.0,34.4,24.0,12.0,191.1
2026-04-25 12:00:00+05:30,6400.1,36.2,24.0,10.4,173.3
2026-04-25 13:00:00+05:30,6725.0,38.0,24.0,12.3,184.6
2026-04-25 14:00:00+05:30,6988.5,38.9,23.0,10.4,153.3
2026-04-25 15:00:00+05:30,7278.3,39.4,20.0,11.5,148.9
2026-04-25 16:00:00+05:30,7242.2,39.1,23.0,13.3,87.9
2026-04-25 17:00:00+05:30,6981.1,39.0,24.0,16.9,50.0
2026-04-25 18:00:00+05:30,6531.0,37.6,21.0,14.9,7.6
2026-04-25 19:00:00+05:30,6442.5,36.8,26.0,15.4,0.0
2026-04-25 20:00:00+05:30,6257.5,35.2,27.0,12.8,0.0
2026-04-25 21:00:00+05:30,5932.8,34.1,30.0,7.9,0.0
2026-04-25 22:00:00+05:30,5434.2,32.3,23.0,5.0,0.0
2026-04-25 23:00:00+05:30,4897.0,29.8,31.0,8.6,0.0
2026-04-26 00:00:00+05:30,4394.4,27.5,35.0,5.6,0.0
2026-04-26 01:00:00+05:30,4023.6,25.8,38.0,4.0,0.0
2026-04-26 02:00:00+05:30,3757.7,24.9,36.0,5.7,0.0
2026-04-26 03:00:00+05:30,3546.7,24.2,39.0,7.2,0.0
2026-04-26 04:00:00+05:30,3540.5,23.9,42.0,0.0,0.0
2026-04-26 05:00:00+05:30,3748.2,24.3,34.0,3.4,0.0
2026-04-26 06:00:00+05:30,4018.1,25.3,33.0,3.1,10.5
2026-04-26 07:00:00+05:30,4441.2,26.6,37.0,5.3,45.3
2026-04-26 08:00:00+05:30,4788.9,28.1,36.0,7.6,105.9
2026-04-26 09:00:00+05:30,5287.3,30.6,31.0,2.4,137.3
2026-04-26 10:00:00+05:30,5765.0,32.3,32.0,6.1,161.5
2026-04-26 11:00:00+05:30,6012.7,33.7,32.0,12.1,183.8
2026-04-26 12:00:00+05:30,6436.0,35.6,31.0,14.8,172.7
2026-04-26 13:00:00+05:30,6764.7,36.8,30.0,9.7,163.3
2026-04-26 14:00:00+05:30,7021.2,38.2,20.0,13.7,142.1
2026-04-26 15:00:00+05:30,7181.8,38.7,22.0,8.8,136.8
2026-04-26 16:00:00+05:30,7217.9,39.5,28.0,13.1,80.1
2026-04-26 17:00:00+05:30,6889.8,39.0,20.0,13.4,47.3
2026-04-26 18:00:00+05:30,6623.2,38.5,28.0,11.3,10.0
2026-04-26 19:00:00+05:30,6546.4,37.7,27.0,15.1,0.0
2026-04-26 20:00:00+05:30,6388.7,35.7,28.0,14.0,0.0
2026-04-26 21:00:00+05:30,5892.7,34.2,25.0,11.5,0.0
2026-04-26 22:00:00+05:30,5309.9,32.2,35.0,5.3,0.0
2026-04-26 23:00:00+05:30,4842.8,30.4,34.0,0.0,0.0
2026-04-27 00:00:00+05:30,4673.1,28.2,35.0,3.2,0.0
2026-04-27 01:00:00+05:30,4300.7,26.3,38.0,2.2,0.0
2026-04-27 02:00:00+05:30,4028.9,25.4,34.0,3.1,0.0
2026-04-27 03:00:00+05:30,3960.9,24.9,39.0,5.5,0.0
2026-04-27 04:00:00+05:30,3890.9,24.8,30.0,6.6,0.0
2026-04-27 05:00:00+05:30,3977.3,25.1,39.0,4.6,0.0
2026-04-27 06:00:00+05:30,4257.4,26.0,33.0,6.7,10.0
2026-04-27 07:00:00+05:30,4633.8,26.6,35.0,5.2,49.7
2026-04-27 08:00:00+05:30,5054.0,27.9,33.0,4.0,94.2
2026-04-27 09:00:00+05:30,5318.2,29.3,38.0,6.6,109.3
2026-04-27 10:00:00+05:30,5652.0,30.4,32.0,8.9,156.0
2026-04-27 11:00:00+05:30,6018.9,32.5,36.0,8.8,183.7
2026-04-27 12:00:00+05:30,6362.8,34.6,27.0,9.8,196.2
2026-04-27 13:00:00+05:30,6741.6,36.4,23.0,9.9,220.0
2026-04-27 14:00:00+05:30,7215.8,37.9,19.0,12.8,189.6
2026-04-27 15:00:00+05:30,7338.6,38.5,26.0,11.5,133.2
2026-04-27 16:00:00+05:30,7372.8,38.5,27.0,7.2,95.8
2026-04-27 17:00:00+05:30,7153.7,38.2,25.0,7.8,50.0
2026-04-27 18:00:00+05:30,6804.0,37.3,25.0,11.3,8.7
2026-04-27 19:00:00+05:30,6688.2,36.4,25.0,3.9,0.0
2026-04-27 20:00:00+05:30,6566.6,34.6,32.0,5.5,0.0
2026-04-27 21:00:00+05:30,6034.0,32.7,34.0,8.7,0.0
2026-04-27 22:00:00+05:30,5453.1,30.8,38.0,11.5,0.0
2026-04-27 23:00:00+05:30,4893.3,29.1,27.0,11.8,0.0
2026-04-28 00:00:00+05:30,4531.2,27.9,33.0,7.3,0.0
2026-04-28 01:00:00+05:30,4141.3,26.5,38.0,5.4,0.0
2026-04-28 02:00:00+05:30,3927.4,25.3,39.0,5.4,0.0
2026-04-28 03:00:00+05:30,3790.9,24.9,36.0,2.1,0.0
2026-04-28 04:00:00+05:30,3590.9,23.9,41.0,5.8,0.0
2026-04-28 05:00:00+05:30,3747.0,24.0,43.0,4.9,0.0
2026-04-28 06:00:00+05:30,4022.7,24.5,38.0,3.1,8.6
2026-04-28 07:00:00+05:30,4418.0,25.6,36.0,4.8,50.7
2026-04-28 08:00:00+05:30,4858.9,27.1,34.0,2.0,87.6
2026-04-28 09:00:00+05:30,5282.5,28.9,37.0,2.0,135.3
2026-04-28 10:00:00+05:30,5732.9,30.4,38.0,10.3,166.3
2026-04-28 11:00:00+05:30,6044.6,32.4,32.0,8.6,169.4
2026-04-28 12:00:00+05:30,6475.9,34.6,30.0,9.9,186.2
2026-04-28 13:00:00+05:30,6857.6,36.5,29.0,14.5,193.6
2026-04-28 14:00:00+05:30,7138.2,37.7,31.0,12.7,176.8
2026-04-28 15:00:00+05:30,7327.8,38.4,24.0,12.3,142.3
2026-04-28 16:00:00+05:30,7328.7,38.3,28.0,8.7,83.0
2026-04-28 17:00:00+05:30,7028.4,38.0,24.0,13.0,46.1
2026-04-28 18:00:00+05:30,6751.1,37.3,26.0,11.2,8.2
2026-04-28 19:00:00+05:30,6570.6,36.3,31.0,8.1,0.0
2026-04-28 20:00:00+05:30,6483.7,35.1,31.0,8.0,0.0
2026-04-28 21:00:00+05:30,5949.1,33.0,34.0,6.0,0.0
2026-04-28 22:00:00+05:30,5451.7,31.5,35.0,9.7,0.0
2026-04-28 23:00:00+05:30,4992.6,29.4,34.0,4.7,0.0
2026-04-29 00:00:00+05:30,4672.2,28.5,31.0,3.7,0.0
2026-04-29 01:00:00+05:30,4261.4,26.8,35.0,10.2,0.0
2026-04-29 02:00:00+05:30,3988.2,25.6,32.0,1.4,0.0
2026-04-29 03:00:00+05:30,3767.6,25.1,41.0,7.0,0.0
2026-04-29 04:00:00+05:30,3728.0,25.1,42.0,6.4,0.0
2026-04-29 05:00:00+05:30,3809.2,25.5,32.0,5.7,0.0
2026-04-29 06:00:00+05:30,4165.8,26.4,34.0,4.6,10.7
2026-04-29 07:00:00+05:30,4671.6,27.6,33.0,12.1,47.5
2026-04-29 08:00:00+05:30,5154.0,28.9,30.0,3.2,99.2
2026-04-29 09:00:00+05:30,5517.7,29.9,33.0,7.9,128.3
2026-04-29 10:00:00+05:30,6107.4,32.3,28.0,4.3,169.6
2026-04-29 11:00:00+05:30,6361.9,33.8,28.0,9.8,184.4
2026-04-29 12:00:00+05:30,6646.7,35.3,31.0,13.0,192.2
2026-04-29 13:00:00+05:30,6968.5,36.9,26.0,13.6,196.1
2026-04-29 14:00:00+05:30,7314.6,37.9,29.0,13.3,151.9
2026-04-29 15:00:00+05:30,7487.1,38.8,24.0,7.4,129.8
2026-04-29 16:00:00+05:30,7485.1,39.6,25.0,8.1,104.9
2026-04-29 17:00:00+05:30,7244.5,39.0,28.0,7.6,35.7
2026-04-29 18:00:00+05:30,6943.7,37.8,25.0,8.5,7.1
2026-04-29 19:00:00+05:30,6830.2,37.0,27.0,3.7,0.0
2026-04-29 20:00:00+05:30,6864.1,36.1,27.0,7.6,0.0
2026-04-29 21:00:00+05:30,6519.3,34.7,28.0,6.7,0.0
2026-04-29 22:00:00+05:30,6004.2,33.2,31.0,8.8,0.0
2026-04-29 23:00:00+05:30,5355.4,30.8,26.0,6.3,0.0
2026-04-30 00:00:00+05:30,4831.9,28.9,30.0,7.2,0.0
2026-04-30 01:00:00+05:30,4437.0,27.5,28.0,8.1,0.0
2026-04-30 02:00:00+05:30,4191.5,26.7,32.0,3.3,0.0
2026-04-30 03:00:00+05:30,3968.3,26.2,36.0,4.4,0.0
2026-04-30 04:00:00+05:30,3877.4,25.9,40.0,0.1,0.0
2026-04-30 05:00:00+05:30,4146.0,26.8,32.0,3.3,0.0
2026-04-30 06:00:00+05:30,4414.6,27.7,33.0,0.0,10.3
2026-04-30 07:00:00+05:30,4744.0,28.4,34.0,6.9,50.8
2026-04-30 08:00:00+05:30,5327.4,29.8,33.0,9.1,96.3
2026-04-30 09:00:00+05:30,5814.5,31.4,36.0,8.1,144.5
2026-04-30 10:00:00+05:30,6433.7,33.5,26.0,11.2,160.2
2026-04-30 11:00:00+05:30,6703.2,35.0,32.0,11.7,164.5
2026-04-30 12:00:00+05:30,7060.0,36.4,27.0,12.9,197.5
2026-04-30 13:00:00+05:30,7411.7,37.5,25.0,11.0,173.8
2026-04-30 14:00:00+05:30,7666.2,38.6,25.0,11.3,194.5
2026-04-30 15:00:00+05:30,7952.8,39.4,18.0,12.1,148.1
2026-04-30 16:00:00+05:30,7844.0,39.4,24.0,9.9,102.2
2026-04-30 17:00:00+05:30,7579.0,39.4,30.0,6.3,37.3
2026-04-30 18:00:00+05:30,7181.4,38.6,27.0,10.3,7.8
2026-04-30 19:00:00+05:30,7035.6,37.1,28.0,13.9,0.0
2026-04-30 20:00:00+05:30,6924.1,35.4,26.0,14.2,0.0
2026-04-30 21:00:00+05:30,6574.3,34.1,35.0,10.1,0.0
2026-04-30 22:00:00+05:30,5837.5,32.1,32.0,6.3,0.0
2026-04-30 23:00:00+05:30,5325.0,30.4,31.0,8.2,0.0
2026-05-01 00:00:00+05:30,4462.0,29.0,35.0,3.6,0.0
2026-05-01 01:00:00+05:30,4177.6,27.4,34.0,7.3,0.0
2026-05-01 02:00:00+05:30,3884.6,26.1,37.0,3.9,0.0
2026-05-01 03:00:00+05:30,3699.4,25.3,33.0,5.3,0.0
2026-05-01 04:00:00+05:30,3619.9,25.6,35.0,0.0,0.0
2026-05-01 05:00:00+05:30,3649.6,25.5,37.0,5.3,0.0
2026-05-01 06:00:00+05:30,3855.9,26.2,36.0,0.2,12.5
2026-05-01 07:00:00+05:30,4268.7,28.0,34.0,4.7,32.7
2026-05-01 08:00:00+05:30,4637.9,29.6,39.0,3.5,95.5
2026-05-01 09:00:00+05:30,5141.6,31.3,26.0,8.6,148.5
2026-05-01 10:00:00+05:30,5525.6,33.0,29.0,8.4,179.8
2026-05-01 11:00:00+05:30,5826.1,34.8,27.0,9.5,211.4
2026-05-01 12:00:00+05:30,6060.0,36.5,30.0,6.6,166.2
2026-05-01 13:00:00+05:30,6419.0,37.8,30.0,12.9,151.4
2026-05-01 14:00:00+05:30,6757.7,38.6,26.0,8.9,156.4
2026-05-01 15:00:00+05:30,6904.3,39.4,24.0,13.6,115.8
2026-05-01 16:00:00+05:30,6904.4,39.8,25.0,13.3,88.2
2026-05-01 17:00:00+05:30,6845.0,39.8,26.0,10.9,48.7
2026-05-01 18:00:00+05:30,6591.3,39.1,21.0,15.4,9.7
2026-05-01 19:00:00+05:30,6528.2,38.3,25.0,9.5,0.0
2026-05-01 20:00:00+05:30,6394.5,36.5,27.0,10.4,0.0
2026-05-01 21:00:00+05:30,6115.7,35.0,30.0,7.7,0.0
2026-05-01 22:00:00+05:30,5430.2,32.7,28.0,12.5,0.0
2026-05-01 23:00:00+05:30,5035.2,30.7,33.0,11.6,0.0
2026-05-02 00:00:00+05:30,4697.0,29.0,35.0,6.2,0.0
2026-05-02 01:00:00+05:30,4432.4,27.4,34.0,0.0,0.0
2026-05-02 02:00:00+05:30,4137.9,25.6,35.0,3.1,0.0
2026-05-02 03:00:00+05:30,3974.0,25.5,35.0,1.3,0.0
2026-05-02 04:00:00+05:30,3794.1,25.0,33.0,7.2,0.0
2026-05-02 05:00:00+05:30,3778.9,25.2,40.0,0.5,0.0
2026-05-02 06:00:00+05:30,4093.6,25.7,39.0,6.5,10.0
2026-05-02 07:00:00+05:30,4389.5,25.8,36.0,3.4,45.7
2026-05-02 08:00:00+05:30,4827.2,27.4,34.0,4.8,112.5
2026-05-02 09:00:00+05:30,5262.3,29.6,31.0,8.1,124.4
2026-05-02 10:00:00+05:30,5658.2,31.4,32.0,6.1,185.2
2026-05-02 11:00:00+05:30,5876.3,32.7,25.0,11.0,213.6
2026-05-02 12:00:00+05:30,6220.9,34.8,26.0,12.3,205.2
2026-05-02 13:00:00+05:30,6590.2,36.2,33.0,9.9,192.2
2026-05-02 14:00:00+05:30,6882.0,37.4,26.0,14.6,180.7
2026-05-02 15:00:00+05:30,7140.0,38.5,27.0,13.2,129.6
2026-05-02 16:00:00+05:30,7154.2,39.2,27.0,16.2,105.0
2026-05-02 17:00:00+05:30,6884.7,38.9,26.0,9.9,42.7
2026-05-02 18:00:00+05:30,6460.2,37.8,25.0,11.0,10.0
2026-05-02 19:00:00+05:30,6317.3,36.5,30.0,10.0,0.0
2026-05-02 20:00:00+05:30,6166.3,34.8,33.0,9.7,0.0
2026-05-02 21:00:00+05:30,5738.6,33.4,37.0,9.0,0.0
2026-05-02 22:00:00+05:30,5189.3,31.8,33.0,8.9,0.0
2026-05-02 23:00:00+05:30,4715.2,29.8,34.0,6.7,0.0
2026-05-03 00:00:00+05:30,4305.0,28.5,37.0,7.2,0.0
2026-05-03 01:00:00+05:30,3994.1,27.0,31.0,0.7,0.0
2026-05-03 02:00:00+05:30,3616.2,25.4,37.0,9.1,0.0
2026-05-03 03:00:00+05:30,3388.9,24.1,39.0,0.8,0.0
2026-05-03 04:00:00+05:30,3367.8,24.0,31.0,1.8,0.0
2026-05-03 05:00:00+05:30,3539.3,23.9,38.0,4.5,0.0
2026-05-03 06:00:00+05:30,3870.9,24.5,40.0,13.7,9.3
2026-05-03 07:00:00+05:30,4333.0,26.3,29.0,8.4,38.3
2026-05-03 08:00:00+05:30,4728.9,27.4,34.0,7.7,100.3
2026-05-03 09:00:00+05:30,5003.7,28.8,37.0,8.7,149.7
2026-05-03 10:00:00+05:30,5585.1,31.4,35.0,10.6,194.4
2026-05-03 11:00:00+05:30,5881.6,33.2,29.0,8.2,172.5
2026-05-03 12:00:00+05:30,6091.0,34.7,29.0,8.5,205.4
2026-05-03 13:00:00+05:30,6336.2,35.6,28.0,15.2,220.0
2026-05-03 14:00:00+05:30,6564.6,36.7,26.0,14.4,193.9
2026-05-03 15:00:00+05:30,6711.1,37.6,24.0,13.4,139.5
2026-05-03 16:00:00+05:30,6601.3,37.6,27.0,8.7,90.0
2026-05-03 17:00:00+05:30,6333.6,37.2,32.0,14.5,44.3
2026-05-03 18:00:00+05:30,5952.4,36.6,34.0,13.1,8.1
2026-05-03 19:00:00+05:30,5923.8,35.2,29.0,12.6,0.0
2026-05-03 20:00:00+05:30,5824.0,34.0,24.0,14.1,0.0
2026-05-03 21:00:00+05:30,5377.4,31.5,34.0,3.8,0.0
2026-05-03 22:00:00+05:30,4849.5,30.4,35.0,4.0,0.0
2026-05-03 23:00:00+05:30,4453.7,28.6,36.0,7.7,0.0
2026-05-04 00:00:00+05:30,4255.8,26.6,41.0,3.6,0.0
2026-05-04 01:00:00+05:30,3874.5,25.8,35.0,8.6,0.0
2026-05-04 02:00:00+05:30,3725.1,25.3,32.0,3.6,0.0
2026-05-04 03:00:00+05:30,3561.7,24.2,42.0,4.0,0.0
2026-05-04 04:00:00+05:30,3579.8,23.7,39.0,3.3,0.0
2026-05-04 05:00:00+05:30,3632.8,23.7,36.0,1.2,0.0
2026-05-04 06:00:00+05:30,3865.4,24.0,34.0,3.1,11.8
2026-05-04 07:00:00+05:30,4296.3,25.2,38.0,0.0,49.1
2026-05-04 08:00:00+05:30,4813.6,26.9,38.0,6.1,106.8
2026-05-04 09:00:00+05:30,5297.5,28.7,32.0,5.6,132.8
2026-05-04 10:00:00+05:30,5603.8,30.4,36.0,10.6,179.6
2026-05-04 11:00:00+05:30,5954.4,32.5,34.0,9.0,197.8
2026-05-04 12:00:00+05:30,6443.5,34.5,27.0,11.9,225.0
2026-05-04 13:00:00+05:30,6807.9,36.2,24.0,17.6,186.9
2026-05-04 14:00:00+05:30,6941.7,37.2,24.0,11.8,182.2
2026-05-04 15:00:00+05:30,7288.6,37.7,33.0,8.9,121.7
2026-05-04 16:00:00+05:30,7345.1,38.4,26.0,13.1,88.3
2026-05-04 17:00:00+05:30,7048.7,38.0,30.0,12.4,42.1
2026-05-04 18:00:00+05:30,6733.1,37.2,17.0,15.9,9.9
2026-05-04 19:00:00+05:30,6652.2,36.2,32.0,14.7,0.0
2026-05-04 20:00:00+05:30,6676.4,35.2,33.0,10.7,0.0
2026-05-04 21:00:00+05:30,6192.3,33.1,28.0,10.1,0.0
2026-05-04 22:00:00+05:30,5531.4,31.5,34.0,8.2,0.0
2026-05-04 23:00:00+05:30,5053.1,29.5,34.0,11.6,0.0
2026-05-05 00:00:00+05:30,4626.8,27.7,40.0,5.0,0.0
2026-05-05 01:00:00+05:30,4166.6,25.6,39.0,2.9,0.0
2026-05-05 02:00:00+05:30,3906.8,24.3,38.0,7.0,0.0
2026-05-05 03:00:00+05:30,3754.5,23.7,38.0,4.1,0.0
2026-05-05 04:00:00+05:30,3702.3,24.2,36.0,6.4,0.0
2026-05-05 05:00:00+05:30,3885.1,24.8,45.0,7.1,0.0
2026-05-05 06:00:00+05:30,4129.7,25.6,40.0,0.0,11.4
2026-05-05 07:00:00+05:30,4513.9,26.3,40.0,5.8,46.3
2026-05-05 08:00:00+05:30,5006.0,28.0,30.0,7.4,71.4
2026-05-05 09:00:00+05:30,5351.2,28.8,37.0,5.8,106.0
2026-05-05 10:00:00+05:30,5836.6,30.5,30.0,6.8,144.1
2026-05-05 11:00:00+05:30,6238.2,32.8,30.0,12.2,207.1
2026-05-05 12:00:00+05:30,6623.4,35.0,26.0,7.2,199.3
2026-05-05 13:00:00+05:30,6927.1,36.2,31.0,11.6,178.5
2026-05-05 14:00:00+05:30,7057.9,36.9,30.0,10.1,178.1
2026-05-05 15:00:00+05:30,7389.0,38.3,30.0,12.8,132.0
2026-05-05 16:00:00+05:30,7233.5,38.1,27.0,15.2,95.4
2026-05-05 17:00:00+05:30,7188.1,38.6,28.0,8.0,44.7
2026-05-05 18:00:00+05:30,6942.5,38.3,23.0,10.0,10.0
2026-05-05 19:00:00+05:30,6664.9,37.2,28.0,5.3,0.0
2026-05-05 20:00:00+05:30,6545.9,35.7,28.0,6.6,0.0
2026-05-05 21:00:00+05:30,6057.6,34.1,25.0,10.5,0.0
2026-05-05 22:00:00+05:30,5558.0,32.4,33.0,9.5,0.0
2026-05-05 23:00:00+05:30,5248.1,31.0,32.0,6.7,0.0
2026-05-06 00:00:00+05:30,4867.0,28.8,35.0,2.3,0.0
2026-05-06 01:00:00+05:30,4667.1,27.7,32.0,8.1,0.0
2026-05-06 02:00:00+05:30,4291.9,26.3,31.0,1.9,0.0
2026-05-06 03:00:00+05:30,4079.6,25.4,36.0,4.4,0.0
2026-05-06 04:00:00+05:30,4040.2,25.0,35.0,3.2,0.0
2026-05-06 05:00:00+05:30,4163.8,25.5,43.0,5.0,0.0
2026-05-06 06:00:00+05:30,4425.6,26.3,37.0,7.0,8.8
2026-05-06 07:00:00+05:30,4842.0,27.6,38.0,5.6,46.8
2026-05-06 08:00:00+05:30,5413.7,29.6,35.0,4.1,112.5
2026-05-06 09:00:00+05:30,5866.4,31.0,35.0,9.3,162.5
2026-05-06 10:00:00+05:30,6278.9,32.7,30.0,7.0,133.8
2026-05-06 11:00:00+05:30,6637.8,34.3,31.0,9.5,152.6
2026-05-06 12:00:00+05:30,6822.2,35.5,29.0,7.1,201.8
2026-05-06 13:00:00+05:30,7042.5,36.6,25.0,12.9,174.9
2026-05-06 14:00:00+05:30,7223.0,37.3,29.0,7.5,147.0
2026-05-06 15:00:00+05:30,7374.3,38.1,29.0,13.6,149.5
2026-05-06 16:00:00+05:30,7459.5,38.6,29.0,11.8,82.0
2026-05-06 17:00:00+05:30,7175.6,38.3,29.0,10.9,42.9
2026-05-06 18:00:00+05:30,6827.2,37.5,27.0,10.6,8.2
2026-05-06 19:00:00+05:30,6755.9,36.6,29.0,6.6,0.0
2026-05-06 20:00:00+05:30,6733.7,35.2,27.0,8.1,0.0
2026-05-06 21:00:00+05:30,6317.0,33.9,30.0,8.6,0.0
2026-05-06 22:00:00+05:30,5694.2,32.2,38.0,8.6,0.0
2026-05-06 23:00:00+05:30,5150.2,30.3,39.0,6.0,0.0
2026-05-07 00:00:00+05:30,4749.3,28.8,30.0,7.9,0.0
2026-05-07 01:00:00+05:30,4338.6,26.7,34.0,4.7,0.0
2026-05-07 02:00:00+05:30,4006.0,25.3,37.0,4.2,0.0
2026-05-07 03:00:00+05:30,3798.2,24.2,42.0,2.1,0.0
2026-05-07 04:00:00+05:30,3720.4,23.4,40.0,6.7,0.0
2026-05-07 05:00:00+05:30,3784.9,23.5,39.0,3.7,0.0
2026-05-07 06:00:00+05:30,4061.9,24.0,40.0,2.9,9.9
2026-05-07 07:00:00+05:30,4460.8,25.2,35.0,5.6,40.6
2026-05-07 08:00:00+05:30,5031.3,27.5,39.0,7.8,102.4
2026-05-07 09:00:00+05:30,5446.7,29.0,38.0,7.7,147.4
2026-05-07 10:00:00+05:30,5929.5,30.8,33.0,7.8,194.2
2026-05-07 11:00:00+05:30,6197.2,32.6,36.0,13.9,209.7
2026-05-07 12:00:00+05:30,6618.2,34.6,31.0,13.4,161.5
2026-05-07 13:00:00+05:30,7001.0,36.6,25.0,8.8,156.4
2026-05-07 14:00:00+05:30,7336.1,38.1,26.0,10.5,181.0
2026-05-07 15:00:00+05:30,7465.5,38.4,30.0,16.0,121.0
2026-05-07 16:00:00+05:30,7675.3,39.3,14.0,15.3,91.1
2026-05-07 17:00:00+05:30,7502.9,39.7,23.0,9.5,39.5
2026-05-07 18:00:00+05:30,7246.5,39.5,21.0,12.7,9.6
2026-05-07 19:00:00+05:30,7013.8,38.4,27.0,7.1,0.0
2026-05-07 20:00:00+05:30,6933.8,36.6,32.0,12.0,0.0
2026-05-07 21:00:00+05:30,6511.4,35.2,26.0,8.5,0.0
2026-05-07 22:00:00+05:30,5884.4,33.2,28.0,5.6,0.0
2026-05-07 23:00:00+05:30,5363.7,30.9,30.0,8.0,0.0
2026-05-08 00:00:00+05:30,4908.3,29.4,34.0,8.9,0.0
2026-05-08 01:00:00+05:30,4430.0,28.2,35.0,4.5,0.0
2026-05-08 02:00:00+05:30,4162.4,27.2,31.0,5.9,0.0
2026-05-08 03:00:00+05:30,4062.2,26.7,36.0,1.1,0.0
2026-05-08 04:00:00+05:30,4003.4,26.5,37.0,1.9,0.0
2026-05-08 05:00:00+05:30,4138.2,26.6,35.0,6.0,0.0
2026-05-08 06:00:00+05:30,4497.7,27.3,32.0,5.4,10.6
2026-05-08 07:00:00+05:30,5034.2,28.7,34.0,9.9,48.8
2026-05-08 08:00:00+05:30,5531.6,30.6,30.0,6.2,111.7
2026-05-08 09:00:00+05:30,6013.5,32.4,35.0,6.3,121.2
2026-05-08 10:00:00+05:30,6538.8,33.9,30.0,8.7,188.4
2026-05-08 11:00:00+05:30,6927.9,35.4,35.0,5.2,181.4
2026-05-08 12:00:00+05:30,7134.2,36.7,28.0,13.0,204.5
2026-05-08 13:00:00+05:30,7487.6,37.9,24.0,11.3,180.7
2026-05-08 14:00:00+05:30,7774.2,39.2,26.0,7.1,164.8
2026-05-08 15:00:00+05:30,7944.9,39.7,21.0,17.0,118.3
2026-05-08 16:00:00+05:30,7888.3,39.9,25.0,9.3,88.9
2026-05-08 17:00:00+05:30,7697.1,39.9,22.0,15.2,50.0
2026-05-08 18:00:00+05:30,7356.5,39.6,24.0,11.0,7.2
2026-05-08 19:00:00+05:30,7226.4,38.6,22.0,12.8,0.0
2026-05-08 20:00:00+05:30,7225.2,37.2,25.0,10.9,0.0
2026-05-08 21:00:00+05:30,6658.7,35.3,31.0,8.8,0.0
2026-05-08 22:00:00+05:30,5960.7,33.7,28.0,9.6,0.0
2026-05-08 23:00:00+05:30,5389.5,31.8,32.0,6.9,0.0
2026-05-09 00:00:00+05:30,4607.2,29.8,36.0,5.1,0.0
2026-05-09 01:00:00+05:30,4121.8,27.5,38.0,3.3,0.0
2026-05-09 02:00:00+05:30,3915.2,26.6,39.0,9.4,0.0
2026-05-09 03:00:00+05:30,3747.5,26.2,37.0,1.0,0.0
2026-05-09 04:00:00+05:30,3728.6,26.4,36.0,3.8,0.0
2026-05-09 05:00:00+05:30,3802.5,26.1,34.0,4.3,0.0
2026-05-09 06:00:00+05:30,4162.0,27.1,39.0,7.7,11.4
2026-05-09 07:00:00+05:30,4581.4,28.6,32.0,6.6,36.0
2026-05-09 08:00:00+05:30,4932.6,29.7,38.0,7.4,90.1
2026-05-09 09:00:00+05:30,5341.6,30.9,35.0,6.2,162.5
2026-05-09 10:00:00+05:30,5851.5,33.2,30.0,6.0,160.0
2026-05-09 11:00:00+05:30,6243.1,35.0,30.0,7.8,220.0
2026-05-09 12:00:00+05:30,6791.8,37.3,32.0,11.7,184.6
2026-05-09 13:00:00+05:30,7112.5,38.7,24.0,11.6,186.8
2026-05-09 14:00:00+05:30,7409.4,39.6,22.0,9.0,133.1
2026-05-09 15:00:00+05:30,7614.3,40.5,22.0,12.8,142.0
2026-05-09 16:00:00+05:30,7624.4,41.0,23.0,9.0,96.4
2026-05-09 17:00:00+05:30,7212.1,40.2,23.0,15.2,45.5
2026-05-09 18:00:00+05:30,6985.9,39.7,23.0,10.8,8.2
2026-05-09 19:00:00+05:30,6900.1,38.6,31.0,10.8,0.0
2026-05-09 20:00:00+05:30,6903.5,37.2,25.0,12.0,0.0
2026-05-09 21:00:00+05:30,6380.4,35.1,27.0,9.6,0.0
2026-05-09 22:00:00+05:30,5934.5,34.0,23.0,8.8,0.0
2026-05-09 23:00:00+05:30,5256.3,31.9,29.0,9.1,0.0
2026-05-10 00:00:00+05:30,4888.7,30.4,29.0,7.4,0.0
2026-05-10 01:00:00+05:30,4422.9,28.8,33.0,6.7,0.0
2026-05-10 02:00:00+05:30,4336.6,28.2,31.0,3.2,0.0
2026-05-10 03:00:00+05:30,3952.7,26.5,33.0,2.3,0.0
2026-05-10 04:00:00+05:30,3768.3,26.0,37.0,1.5,0.0
2026-05-10 05:00:00+05:30,4025.4,26.2,40.0,4.7,0.0
2026-05-10 06:00:00+05:30,4259.4,27.2,33.0,8.0,12.0
2026-05-10 07:00:00+05:30,4668.3,28.3,30.0,3.4,38.0
2026-05-10 08:00:00+05:30,5172.4,29.9,32.0,7.6,74.0
2026-05-10 09:00:00+05:30,5581.0,31.7,32.0,0.4,137.9
2026-05-10 10:00:00+05:30,6097.0,33.5,28.0,7.0,157.6
2026-05-10 11:00:00+05:30,6479.3,35.7,23.0,6.7,179.7
2026-05-10 12:00:00+05:30,6716.3,37.1,28.0,10.9,183.9
2026-05-10 13:00:00+05:30,7114.2,38.6,24.0,10.2,193.0
2026-05-10 14:00:00+05:30,7488.2,39.3,20.0,12.8,131.9
2026-05-10 15:00:00+05:30,7466.9,39.2,21.0,11.9,143.7
2026-05-10 16:00:00+05:30,7303.7,38.5,29.0,7.8,71.2
2026-05-10 17:00:00+05:30,7056.4,38.2,28.0,13.9,42.5
2026-05-10 18:00:00+05:30,6592.1,37.5,31.0,13.2,8.5
2026-05-10 19:00:00+05:30,6506.9,36.6,24.0,10.1,0.0
2026-05-10 20:00:00+05:30,6439.8,34.9,29.0,10.7,0.0
2026-05-10 21:00:00+05:30,5853.3,33.3,29.0,6.4,0.0
2026-05-10 22:00:00+05:30,5228.1,31.1,33.0,10.7,0.0
2026-05-10 23:00:00+05:30,4666.7,29.0,37.0,10.2,0.0
2026-05-11 00:00:00+05:30,4556.0,26.9,42.0,11.0,0.0
2026-05-11 01:00:00+05:30,4198.2,25.4,38.0,5.3,0.0
2026-05-11 02:00:00+05:30,3851.6,23.7,39.0,5.7,0.0
2026-05-11 03:00:00+05:30,3726.2,23.4,38.0,4.8,0.0
2026-05-11 04:00:00+05:30,3649.3,23.0,37.0,6.6,0.0
2026-05-11 05:00:00+05:30,3668.7,23.3,38.0,2.2,0.0
2026-05-11 06:00:00+05:30,3953.5,24.2,38.0,10.6,8.6
2026-05-11 07:00:00+05:30,4344.4,25.5,41.0,5.7,53.0
2026-05-11 08:00:00+05:30,4919.9,27.1,38.0,4.6,91.5
2026-05-11 09:00:00+05:30,5422.1,29.0,30.0,3.7,158.9
2026-05-11 10:00:00+05:30,5804.4,30.3,35.0,12.1,153.5
2026-05-11 11:00:00+05:30,6065.0,32.1,37.0,9.6,152.0
2026-05-11 12:00:00+05:30,6424.1,34.0,30.0,9.6,185.8
2026-05-11 13:00:00+05:30,6830.1,35.1,30.0,11.1,196.9
2026-05-11 14:00:00+05:30,7118.9,36.3,28.0,10.5,180.4
2026-05-11 15:00:00+05:30,7220.2,36.7,25.0,15.2,121.7
2026-05-11 16:00:00+05:30,7262.9,37.5,25.0,15.0,86.7
2026-05-11 17:00:00+05:30,6937.9,37.1,31.0,11.6,39.7
2026-05-11 18:00:00+05:30,6596.2,36.3,30.0,8.2,8.3
2026-05-11 19:00:00+05:30,6480.9,35.6,33.0,11.4,0.0
2026-05-11 20:00:00+05:30,6521.8,34.4,35.0,10.6,0.0
2026-05-11 21:00:00+05:30,6051.0,32.8,33.0,6.0,0.0
2026-05-11 22:00:00+05:30,5484.6,31.1,38.0,9.2,0.0
2026-05-11 23:00:00+05:30,4956.6,29.7,34.0,2.2,0.0
2026-05-12 00:00:00+05:30,4664.8,28.8,34.0,7.9,0.0
2026-05-12 01:00:00+05:30,4319.3,27.5,37.0,5.8,0.0
2026-05-12 02:00:00+05:30,4110.5,26.4,39.0,2.5,0.0
2026-05-12 03:00:00+05:30,3845.7,25.5,31.0,0.0,0.0
2026-05-12 04:00:00+05:30,3773.7,25.6,31.0,6.3,0.0
2026-05-12 05:00:00+05:30,3947.5,25.7,37.0,6.3,0.0
2026-05-12 06:00:00+05:30,4259.1,26.4,36.0,5.8,11.6
2026-05-12 07:00:00+05:30,4590.3,27.2,39.0,4.8,55.0
2026-05-12 08:00:00+05:30,5114.4,28.4,35.0,2.2,84.3
2026-05-12 09:00:00+05:30,5568.7,30.4,35.0,8.6,117.0
2026-05-12 10:00:00+05:30,6030.4,32.2,31.0,10.7,188.5
2026-05-12 11:00:00+05:30,6391.7,33.8,33.0,9.1,168.0
2026-05-12 12:00:00+05:30,6845.1,35.6,28.0,9.3,190.6
2026-05-12 13:00:00+05:30,7189.4,37.3,27.0,11.1,147.8
2026-05-12 14:00:00+05:30,7453.5,38.4,28.0,13.0,179.1
2026-05-12 15:00:00+05:30,7734.6,39.1,25.0,12.3,127.0
2026-05-12 16:00:00+05:30,7742.5,39.3,32.0,12.5,69.0
2026-05-12 17:00:00+05:30,7377.0,39.0,31.0,11.5,44.7
2026-05-12 18:00:00+05:30,6921.6,38.1,27.0,12.3,9.3
2026-05-12 19:00:00+05:30,6788.6,36.8,27.0,12.3,0.0
2026-05-12 20:00:00+05:30,6766.1,35.9,28.0,7.2,0.0
2026-05-12 21:00:00+05:30,6273.7,34.6,26.0,3.3,0.0
2026-05-12 22:00:00+05:30,5740.2,32.7,31.0,5.5,0.0
2026-05-12 23:00:00+05:30,5264.4,31.4,28.0,7.3,0.0
2026-05-13 00:00:00+05:30,4927.7,30.2,32.0,8.2,0.0
2026-05-13 01:00:00+05:30,4529.8,28.2,37.0,9.1,0.0
2026-05-13 02:00:00+05:30,4211.7,27.1,38.0,5.9,0.0
2026-05-13 03:00:00+05:30,4136.5,26.4,39.0,7.7,0.0
2026-05-13 04:00:00+05:30,4085.7,26.5,40.0,2.5,0.0
2026-05-13 05:00:00+05:30,4121.2,26.9,33.0,5.5,0.0
2026-05-13 06:00:00+05:30,4430.5,27.6,32.0,6.6,10.6
2026-05-13 07:00:00+05:30,4869.7,28.5,34.0,0.0,53.4
2026-05-13 08:00:00+05:30,5470.5,30.6,36.0,11.1,87.3
2026-05-13 09:00:00+05:30,5911.4,31.9,29.0,5.7,125.4
2026-05-13 10:00:00+05:30,6426.3,33.6,32.0,6.7,154.8
2026-05-13 11:00:00+05:30,6700.7,35.3,31.0,9.6,184.5
2026-05-13 12:00:00+05:30,6981.8,36.5,29.0,10.2,169.6
2026-05-13 13:00:00+05:30,7310.7,37.8,25.0,11.8,154.3
2026-05-13 14:00:00+05:30,7736.8,39.2,24.0,12.5,186.0
2026-05-13 15:00:00+05:30,8029.7,39.7,31.0,13.1,134.5
2026-05-13 16:00:00+05:30,8124.9,40.4,26.0,13.8,97.6
2026-05-13 17:00:00+05:30,7875.9,40.1,20.0,8.8,30.7
2026-05-13 18:00:00+05:30,7456.7,39.2,27.0,13.7,8.5
2026-05-13 19:00:00+05:30,7249.6,37.2,27.0,10.8,0.0
2026-05-13 20:00:00+05:30,7232.3,35.7,29.0,8.9,0.0
2026-05-13 21:00:00+05:30,6660.7,34.1,34.0,7.0,0.0
2026-05-13 22:00:00+05:30,6013.1,32.8,30.0,7.0,0.0
2026-05-13 23:00:00+05:30,5457.7,30.5,36.0,3.1,0.0
2026-05-14 00:00:00+05:30,4943.5,28.7,34.0,6.0,0.0
2026-05-14 01:00:00+05:30,4583.6,27.8,32.0,5.2,0.0
2026-05-14 02:00:00+05:30,4092.2,26.2,30.0,4.9,0.0
2026-05-14 03:00:00+05:30,3888.5,26.2,34.0,1.4,0.0
2026-05-14 04:00:00+05:30,3897.0,26.0,37.0,4.9,0.0
2026-05-14 05:00:00+05:30,4113.0,26.3,39.0,1.4,0.0
2026-05-14 06:00:00+05:30,4429.4,27.0,37.0,5.4,9.6
2026-05-14 07:00:00+05:30,4852.5,27.8,35.0,5.7,46.1
2026-05-14 08:00:00+05:30,5372.1,29.6,33.0,5.6,104.1
2026-05-14 09:00:00+05:30,5712.7,30.8,30.0,7.6,133.0
2026-05-14 10:00:00+05:30,6186.1,32.5,33.0,4.5,175.8
2026-05-14 11:00:00+05:30,6396.8,34.1,28.0,8.5,196.0
2026-05-14 12:00:00+05:30,6853.5,35.7,29.0,10.7,159.7
2026-05-14 13:00:00+05:30,7136.0,37.0,29.0,10.9,182.1
2026-05-14 14:00:00+05:30,7400.5,38.1,31.0,11.3,151.2
2026-05-14 15:00:00+05:30,7529.4,38.8,24.0,13.6,132.2
2026-05-14 16:00:00+05:30,7516.1,39.3,27.0,10.2,93.3
2026-05-14 17:00:00+05:30,7311.6,39.4,25.0,13.3,40.7
2026-05-14 18:00:00+05:30,6919.5,38.2,30.0,9.2,7.1
2026-05-14 19:00:00+05:30,6786.6,37.3,32.0,13.6,0.0
2026-05-14 20:00:00+05:30,6769.3,36.1,30.0,10.9,0.0
2026-05-14 21:00:00+05:30,6252.9,34.4,29.0,9.8,0.0
2026-05-14 22:00:00+05:30,5612.7,32.5,31.0,13.2,0.0
2026-05-14 23:00:00+05:30,5200.0,30.6,31.0,4.0,0.0
2026-05-15 00:00:00+05:30,4819.7,29.2,37.0,6.2,0.0
2026-05-15 01:00:00+05:30,4488.2,27.7,36.0,7.3,0.0
2026-05-15 02:00:00+05:30,4106.8,26.4,40.0,9.3,0.0
2026-05-15 03:00:00+05:30,4087.8,25.8,36.0,3.6,0.0
2026-05-15 04:00:00+05:30,3934.4,25.3,44.0,7.5,0.0
2026-05-15 05:00:00+05:30,4111.9,25.8,39.0,4.8,0.0
2026-05-15 06:00:00+05:30,4392.2,26.5,35.0,8.3,11.2
2026-05-15 07:00:00+05:30,4800.6,27.1,38.0,7.4,36.4
2026-05-15 08:00:00+05:30,5180.5,28.0,37.0,7.3,89.4
2026-05-15 09:00:00+05:30,5749.2,29.8,37.0,14.7,124.0
2026-05-15 10:00:00+05:30,6210.2,31.7,32.0,5.6,185.3
2026-05-15 11:00:00+05:30,6615.2,33.6,32.0,7.3,212.0
2026-05-15 12:00:00+05:30,6987.8,35.3,27.0,12.0,182.5
2026-05-15 13:00:00+05:30,7309.5,36.7,30.0,5.9,167.6
2026-05-15 14:00:00+05:30,7601.3,37.8,29.0,11.5,154.8
2026-05-15 15:00:00+05:30,7729.7,38.3,24.0,9.8,93.5
2026-05-15 16:00:00+05:30,7772.1,38.7,27.0,16.0,89.7
2026-05-15 17:00:00+05:30,7416.5,38.3,31.0,11.2,45.9
2026-05-15 18:00:00+05:30,7111.5,38.3,31.0,15.3,8.3
2026-05-15 19:00:00+05:30,6974.5,37.5,25.0,11.3,0.0
2026-05-15 20:00:00+05:30,6878.2,36.2,30.0,7.5,0.0
2026-05-15 21:00:00+05:30,6470.1,34.7,32.0,9.0,0.0
2026-05-15 22:00:00+05:30,5832.5,32.5,37.0,10.6,0.0
2026-05-15 23:00:00+05:30,5300.2,31.0,31.0,5.8,0.0
2026-05-16 00:00:00+05:30,4631.3,29.8,35.0,4.2,0.0
2026-05-16 01:00:00+05:30,4178.5,28.3,35.0,8.6,0.0
2026-05-16 02:00:00+05:30,3905.3,27.3,38.0,6.3,0.0
2026-05-16 03:00:00+05:30,3873.4,26.6,36.0,3.1,0.0
2026-05-16 04:00:00+05:30,3842.9,27.0,36.0,0.0,0.0
2026-05-16 05:00:00+05:30,3902.1,26.8,36.0,3.6,0.0
2026-05-16 06:00:00+05:30,4280.2,28.0,39.0,6.1,10.8
2026-05-16 07:00:00+05:30,4614.1,29.0,31.0,0.8,51.4
2026-05-16 08:00:00+05:30,5103.3,30.4,26.0,5.7,77.1
2026-05-16 09:00:00+05:30,5560.4,32.2,29.0,7.3,141.6
2026-05-16 10:00:00+05:30,5984.8,34.2,25.0,8.1,169.7
2026-05-16 11:00:00+05:30,6408.8,36.1,29.0,7.1,195.9
2026-05-16 12:00:00+05:30,6764.5,37.5,28.0,12.7,155.9
2026-05-16 13:00:00+05:30,7153.2,39.4,23.0,7.9,169.8
2026-05-16 14:00:00+05:30,7570.6,40.7,26.0,7.0,136.3
2026-05-16 15:00:00+05:30,7578.1,41.0,24.0,15.7,143.2
2026-05-16 16:00:00+05:30,7611.5,41.0,27.0,9.0,85.4
2026-05-16 17:00:00+05:30,7403.0,41.0,22.0,13.2,40.9
2026-05-16 18:00:00+05:30,7178.9,40.4,30.0,10.6,9.1
2026-05-16 19:00:00+05:30,7094.1,39.1,24.0,9.6,0.0
2026-05-16 20:00:00+05:30,7027.8,37.5,24.0,4.5,0.0
2026-05-16 21:00:00+05:30,6631.4,36.1,27.0,3.9,0.0
2026-05-16 22:00:00+05:30,5939.9,34.3,28.0,6.3,0.0
2026-05-16 23:00:00+05:30,5474.6,32.3,24.0,3.4,0.0
2026-05-17 00:00:00+05:30,5100.7,30.5,35.0,4.1,0.0
2026-05-17 01:00:00+05:30,4642.0,29.0,37.0,8.2,0.0
2026-05-17 02:00:00+05:30,4273.4,28.2,38.0,11.7,0.0
2026-05-17 03:00:00+05:30,4126.2,27.3,39.0,6.6,0.0
2026-05-17 04:00:00+05:30,4007.0,26.4,38.0,1.1,0.0
2026-05-17 05:00:00+05:30,4191.8,26.1,36.0,6.6,0.0
2026-05-17 06:00:00+05:30,4421.8,26.7,39.0,6.3,10.4
2026-05-17 07:00:00+05:30,4722.6,28.0,37.0,5.5,47.4
2026-05-17 08:00:00+05:30,5032.0,28.9,41.0,2.4,77.6
2026-05-17 09:00:00+05:30,5531.5,31.4,34.0,5.2,132.8
2026-05-17 10:00:00+05:30,6027.0,33.1,32.0,8.3,179.2
2026-05-17 11:00:00+05:30,6399.7,35.2,29.0,6.9,204.3
2026-05-17 12:00:00+05:30,6643.2,36.7,31.0,7.8,214.8
2026-05-17 13:00:00+05:30,6786.6,37.8,33.0,7.1,213.2
2026-05-17 14:00:00+05:30,7244.1,39.2,29.0,10.2,152.0
2026-05-17 15:00:00+05:30,7321.4,39.5,30.0,8.4,124.0
2026-05-17 16:00:00+05:30,7340.1,39.6,30.0,13.9,96.3
2026-05-17 17:00:00+05:30,7159.0,39.8,24.0,9.8,43.9
2026-05-17 18:00:00+05:30,6905.1,39.4,29.0,11.1,8.9
2026-05-17 19:00:00+05:30,6734.2,38.2,30.0,9.6,0.0
2026-05-17 20:00:00+05:30,6520.8,36.3,25.0,11.6,0.0
2026-05-17 21:00:00+05:30,6066.8,34.7,34.0,13.9,0.0
2026-05-17 22:00:00+05:30,5515.7,33.1,34.0,7.5,0.0
2026-05-17 23:00:00+05:30,5179.3,31.9,35.0,7.8,0.0
2026-05-18 00:00:00+05:30,5155.2,30.9,33.0,8.5,0.0
2026-05-18 01:00:00+05:30,4770.6,29.5,36.0,3.2,0.0
2026-05-18 02:00:00+05:30,4388.0,27.9,36.0,5.3,0.0
2026-05-18 03:00:00+05:30,4240.8,27.4,39.0,5.3,0.0
2026-05-18 04:00:00+05:30,4061.0,26.8,39.0,7.2,0.0
2026-05-18 05:00:00+05:30,4136.9,26.4,42.0,3.2,0.0
2026-05-18 06:00:00+05:30,4372.6,26.9,41.0,1.6,11.5
2026-05-18 07:00:00+05:30,4884.0,28.1,34.0,8.9,41.2
2026-05-18 08:00:00+05:30,5552.0,30.1,35.0,8.5,97.4
2026-05-18 09:00:00+05:30,6164.0,31.6,37.0,5.1,140.9
2026-05-18 10:00:00+05:30,6721.8,33.6,28.0,7.1,146.0
2026-05-18 11:00:00+05:30,7136.2,35.6,33.0,5.5,142.5
2026-05-18 12:00:00+05:30,7632.8,37.7,28.0,11.3,166.6
2026-05-18 13:00:00+05:30,7929.0,39.3,26.0,10.5,197.4
2026-05-18 14:00:00+05:30,8099.5,40.1,29.0,11.0,189.7
2026-05-18 15:00:00+05:30,8204.5,40.6,24.0,14.6,105.4
2026-05-18 16:00:00+05:30,8235.8,41.3,30.0,13.2,92.3
2026-05-18 17:00:00+05:30,8099.6,41.7,23.0,9.7,45.0
2026-05-18 18:00:00+05:30,7799.0,40.9,22.0,14.1,9.0
2026-05-18 19:00:00+05:30,7645.1,40.4,27.0,9.2,0.0
2026-05-18 20:00:00+05:30,7465.1,38.7,26.0,13.1,0.0
2026-05-18 21:00:00+05:30,7047.4,37.2,26.0,10.6,0.0
2026-05-18 22:00:00+05:30,6522.4,35.6,27.0,9.6,0.0
2026-05-18 23:00:00+05:30,5918.4,34.0,29.0,7.7,0.0
2026-05-19 00:00:00+05:30,5368.7,31.8,29.0,3.2,0.0
2026-05-19 01:00:00+05:30,4918.4,30.0,33.0,7.6,0.0
2026-05-19 02:00:00+05:30,4570.7,28.5,40.0,0.0,0.0
2026-05-19 03:00:00+05:30,4457.7,28.1,38.0,3.4,0.0
2026-05-19 04:00:00+05:30,4409.0,28.0,37.0,2.7,0.0
2026-05-19 05:00:00+05:30,4613.1,28.5,36.0,11.5,0.0
2026-05-19 06:00:00+05:30,4992.1,29.9,41.0,4.0,12.5
2026-05-19 07:00:00+05:30,5505.1,30.9,39.0,5.7,41.0
2026-05-19 08:00:00+05:30,6017.1,32.3,33.0,5.2,99.7
2026-05-19 09:00:00+05:30,6542.5,34.4,31.0,9.4,114.3
2026-05-19 10:00:00+05:30,7066.1,36.3,28.0,10.3,155.7
2026-05-19 11:00:00+05:30,7513.1,38.1,27.0,11.8,180.1
2026-05-19 12:00:00+05:30,7806.1,39.3,24.0,9.5,225.0
2026-05-19 13:00:00+05:30,8164.1,40.9,24.0,14.2,220.0
2026-05-19 14:00:00+05:30,8536.0,41.6,21.0,10.4,180.7
2026-05-19 15:00:00+05:30,8705.0,42.1,24.0,12.2,141.1
2026-05-19 16:00:00+05:30,8729.7,42.3,27.0,8.8,91.2
2026-05-19 17:00:00+05:30,8307.4,41.5,27.0,7.3,43.1
2026-05-19 18:00:00+05:30,7921.7,40.5,18.0,13.6,10.0
2026-05-19 19:00:00+05:30,7888.8,39.8,28.0,11.5,0.0
2026-05-19 20:00:00+05:30,7901.7,39.0,30.0,11.0,0.0
2026-05-19 21:00:00+05:30,7439.3,37.7,32.0,11.3,0.0
2026-05-19 22:00:00+05:30,6806.6,36.2,28.0,7.8,0.0
2026-05-19 23:00:00+05:30,6113.0,33.9,32.0,11.3,0.0
2026-05-20 00:00:00+05:30,5592.9,31.6,32.0,1.9,0.0
2026-05-20 01:00:00+05:30,5198.2,30.0,36.0,6.8,0.0
2026-05-20 02:00:00+05:30,5041.1,29.6,41.0,6.7,0.0
2026-05-20 03:00:00+05:30,4822.6,28.4,39.0,6.7,0.0
2026-05-20 04:00:00+05:30,4686.4,28.3,34.0,8.2,0.0
2026-05-20 05:00:00+05:30,4819.1,28.2,36.0,5.7,0.0
2026-05-20 06:00:00+05:30,5195.5,29.5,34.0,4.0,11.7
2026-05-20 07:00:00+05:30,5606.0,30.7,33.0,3.8,35.9
2026-05-20 08:00:00+05:30,6028.1,32.0,35.0,6.4,94.7
2026-05-20 09:00:00+05:30,6394.4,33.6,29.0,7.5,135.1
2026-05-20 10:00:00+05:30,6851.2,35.2,27.0,8.1,131.6
2026-05-20 11:00:00+05:30,7312.7,37.4,36.0,10.5,209.8
2026-05-20 12:00:00+05:30,7745.2,39.0,29.0,8.7,193.8
2026-05-20 13:00:00+05:30,8196.4,40.9,23.0,10.7,161.5
2026-05-20 14:00:00+05:30,8349.2,41.7,24.0,9.1,194.4
2026-05-20 15:00:00+05:30,8499.1,41.6,28.0,11.7,130.8
2026-05-20 16:00:00+05:30,8564.4,42.1,25.0,10.6,104.2
2026-05-20 17:00:00+05:30,8251.6,41.6,26.0,13.5,41.9
2026-05-20 18:00:00+05:30,7700.4,40.4,19.0,9.2,7.9
2026-05-20 19:00:00+05:30,7566.7,39.3,29.0,10.1,0.0
2026-05-20 20:00:00+05:30,7533.2,37.5,26.0,6.4,0.0
2026-05-20 21:00:00+05:30,7184.5,36.3,34.0,6.6,0.0
2026-05-20 22:00:00+05:30,6728.4,35.1,33.0,8.8,0.0
2026-05-20 23:00:00+05:30,6049.9,33.1,33.0,8.9,0.0
2026-05-21 00:00:00+05:30,5610.8,31.7,31.0,7.0,0.0
2026-05-21 01:00:00+05:30,5155.6,29.8,38.0,4.1,0.0
2026-05-21 02:00:00+05:30,4726.7,28.5,30.0,3.8,0.0
2026-05-21 03:00:00+05:30,4598.2,28.2,39.0,2.9,0.0
2026-05-21 04:00:00+05:30,4467.4,28.4,31.0,7.5,0.0
2026-05-21 05:00:00+05:30,4491.8,28.4,37.0,4.0,0.0
2026-05-21 06:00:00+05:30,4912.7,29.3,38.0,4.8,12.5
2026-05-21 07:00:00+05:30,5371.5,30.1,35.0,6.4,41.0
2026-05-21 08:00:00+05:30,5816.7,31.5,34.0,4.9,111.0
2026-05-21 09:00:00+05:30,6405.8,33.7,30.0,5.8,146.6
2026-05-21 10:00:00+05:30,6925.3,35.3,31.0,8.1,133.7
2026-05-21 11:00:00+05:30,7225.3,36.5,33.0,10.2,210.3
2026-05-21 12:00:00+05:30,7514.8,37.9,27.0,9.5,168.5
2026-05-21 13:00:00+05:30,7865.1,39.4,25.0,11.8,174.8
2026-05-21 14:00:00+05:30,8161.5,40.8,27.0,12.6,150.5
2026-05-21 15:00:00+05:30,8265.6,41.5,27.0,10.9,141.8
2026-05-21 16:00:00+05:30,8337.7,41.9,26.0,13.2,88.0
2026-05-21 17:00:00+05:30,8177.6,41.9,23.0,11.8,41.7
2026-05-21 18:00:00+05:30,7658.5,40.5,28.0,15.2,7.3
2026-05-21 19:00:00+05:30,7501.2,39.4,28.0,11.4,0.0
2026-05-21 20:00:00+05:30,7516.0,38.0,30.0,11.7,0.0
2026-05-21 21:00:00+05:30,7181.8,36.9,32.0,8.2,0.0
2026-05-21 22:00:00+05:30,6495.6,35.4,31.0,13.1,0.0
2026-05-21 23:00:00+05:30,5935.2,33.1,32.0,9.4,0.0
2026-05-22 00:00:00+05:30,5518.3,31.4,40.0,6.5,0.0
2026-05-22 01:00:00+05:30,5135.0,30.5,36.0,4.1,0.0
2026-05-22 02:00:00+05:30,4828.7,29.0,36.0,6.9,0.0
2026-05-22 03:00:00+05:30,4618.2,28.5,39.0,5.0,0.0
2026-05-22 04:00:00+05:30,4633.3,28.8,39.0,5.5,0.0
2026-05-22 05:00:00+05:30,4901.6,28.7,37.0,2.1,0.0
2026-05-22 06:00:00+05:30,5074.2,29.2,35.0,6.6,12.5
2026-05-22 07:00:00+05:30,5479.2,30.1,40.0,2.7,47.0
2026-05-22 08:00:00+05:30,5937.5,31.4,31.0,7.3,107.1
2026-05-22 09:00:00+05:30,6444.3,33.6,28.0,7.8,120.5
2026-05-22 10:00:00+05:30,6880.0,35.0,31.0,7.4,154.1
2026-05-22 11:00:00+05:30,7278.6,36.7,31.0,7.4,202.4
2026-05-22 12:00:00+05:30,7508.0,38.0,32.0,5.0,187.0
2026-05-22 13:00:00+05:30,8025.3,39.7,26.0,17.5,151.8
2026-05-22 14:00:00+05:30,8234.5,41.3,28.0,11.2,191.5
2026-05-22 15:00:00+05:30,8410.8,41.8,22.0,13.2,113.4
2026-05-22 16:00:00+05:30,8366.1,41.6,32.0,13.1,84.0
2026-05-22 17:00:00+05:30,8125.4,41.9,26.0,12.6,44.6
2026-05-22 18:00:00+05:30,7724.7,40.8,29.0,10.8,7.7
2026-05-22 19:00:00+05:30,7700.6,40.1,30.0,11.2,0.0
2026-05-22 20:00:00+05:30,7627.7,38.4,32.0,16.0,0.0
2026-05-22 21:00:00+05:30,7110.7,36.6,32.0,12.5,0.0
2026-05-22 22:00:00+05:30,6377.9,33.9,34.0,10.8,0.0
2026-05-22 23:00:00+05:30,5844.1,32.1,36.0,3.9,0.0
2026-05-23 00:00:00+05:30,4932.2,30.2,43.0,10.7,0.0
2026-05-23 01:00:00+05:30,4454.4,28.3,37.0,4.5,0.0
2026-05-23 02:00:00+05:30,4303.7,27.2,42.0,8.5,0.0
2026-05-23 03:00:00+05:30,4098.5,27.0,41.0,5.1,0.0
2026-05-23 04:00:00+05:30,4018.1,27.0,41.0,1.2,0.0
2026-05-23 05:00:00+05:30,4142.2,27.3,36.0,3.4,0.0
2026-05-23 06:00:00+05:30,4393.9,28.5,35.0,5.0,8.7
2026-05-23 07:00:00+05:30,4750.8,29.1,40.0,7.5,43.0
2026-05-23 08:00:00+05:30,5238.6,30.7,39.0,7.0,92.2
2026-05-23 09:00:00+05:30,5652.1,32.0,38.0,7.2,138.0
2026-05-23 10:00:00+05:30,6034.9,33.6,29.0,2.4,180.0
2026-05-23 11:00:00+05:30,6300.2,34.9,36.0,13.3,182.1
2026-05-23 12:00:00+05:30,6539.4,36.3,33.0,10.0,195.5
2026-05-23 13:00:00+05:30,6984.0,38.1,28.0,10.5,196.7
2026-05-23 14:00:00+05:30,7203.6,39.3,33.0,7.9,183.7
2026-05-23 15:00:00+05:30,7373.3,39.8,29.0,11.4,131.6
2026-05-23 16:00:00+05:30,7338.6,39.4,29.0,10.7,79.1
2026-05-23 17:00:00+05:30,7061.4,38.9,33.0,10.5,49.2
2026-05-23 18:00:00+05:30,6915.6,38.9,31.0,10.1,9.1
2026-05-23 19:00:00+05:30,6773.6,38.1,32.0,12.8,0.0
2026-05-23 20:00:00+05:30,6675.9,36.8,33.0,10.9,0.0
2026-05-23 21:00:00+05:30,6224.9,35.3,34.0,8.3,0.0
2026-05-23 22:00:00+05:30,5677.8,33.8,33.0,7.9,0.0
2026-05-23 23:00:00+05:30,5280.7,32.6,33.0,4.2,0.0
2026-05-24 00:00:00+05:30,5018.0,31.4,35.0,4.2,0.0
2026-05-24 01:00:00+05:30,4743.8,30.0,37.0,5.3,0.0
2026-05-24 02:00:00+05:30,4394.9,29.0,46.0,2.7,0.0
2026-05-24 03:00:00+05:30,4154.9,28.0,39.0,8.0,0.0
2026-05-24 04:00:00+05:30,3955.3,27.1,41.0,1.6,0.0
2026-05-24 05:00:00+05:30,4171.6,27.3,40.0,4.6,0.0
2026-05-24 06:00:00+05:30,4362.3,28.1,37.0,2.8,10.3
2026-05-24 07:00:00+05:30,4892.9,29.9,38.0,4.7,45.7
2026-05-24 08:00:00+05:30,5336.3,31.2,33.0,5.6,112.5
2026-05-24 09:00:00+05:30,5797.3,32.7,35.0,7.0,150.2
2026-05-24 10:00:00+05:30,6380.2,34.8,38.0,2.8,170.3
2026-05-24 11:00:00+05:30,6653.3,36.2,33.0,9.4,147.1
2026-05-24 12:00:00+05:30,6797.0,37.3,26.0,8.7,225.0
2026-05-24 13:00:00+05:30,7167.7,38.9,28.0,12.5,158.6
2026-05-24 14:00:00+05:30,7618.0,40.8,30.0,10.8,164.7
2026-05-24 15:00:00+05:30,7723.2,41.0,29.0,10.3,109.7
2026-05-24 16:00:00+05:30,7698.7,41.6,19.0,12.0,81.4
2026-05-24 17:00:00+05:30,7345.0,41.5,27.0,12.7,41.4
2026-05-24 18:00:00+05:30,7084.4,41.0,30.0,15.5,9.3
2026-05-24 19:00:00+05:30,6968.5,40.2,34.0,9.3,0.0
2026-05-24 20:00:00+05:30,6794.8,38.2,31.0,10.0,0.0
2026-05-24 21:00:00+05:30,6331.0,35.5,31.0,7.4,0.0
2026-05-24 22:00:00+05:30,5762.3,33.7,37.0,6.3,0.0
2026-05-24 23:00:00+05:30,5324.8,31.8,35.0,7.0,0.0
2026-05-25 00:00:00+05:30,5242.6,30.6,32.0,11.9,0.0
2026-05-25 01:00:00+05:30,4889.7,29.2,37.0,2.8,0.0
2026-05-25 02:00:00+05:30,4728.4,28.6,40.0,4.2,0.0
2026-05-25 03:00:00+05:30,4568.2,27.5,38.0,8.0,0.0
2026-05-25 04:00:00+05:30,4495.0,26.9,41.0,1.1,0.0
2026-05-25 05:00:00+05:30,4865.7,27.9,43.0,1.9,0.0
2026-05-25 06:00:00+05:30,5126.9,28.5,41.0,3.5,11.9
2026-05-25 07:00:00+05:30,5589.5,29.9,37.0,5.8,40.7
2026-05-25 08:00:00+05:30,5922.4,31.3,34.0,11.5,112.5
2026-05-25 09:00:00+05:30,6397.2,33.0,30.0,7.7,112.0
2026-05-25 10:00:00+05:30,6886.7,34.7,38.0,10.1,152.9
2026-05-25 11:00:00+05:30,7142.7,36.1,34.0,11.1,187.0
2026-05-25 12:00:00+05:30,7466.4,37.2,36.0,9.5,210.2
2026-05-25 13:00:00+05:30,7778.5,38.4,34.0,13.0,180.6
2026-05-25 14:00:00+05:30,8121.9,39.5,38.0,10.3,186.8
2026-05-25 15:00:00+05:30,8138.2,39.9,25.0,10.6,113.7
2026-05-25 16:00:00+05:30,8114.9,40.2,30.0,16.7,89.0
2026-05-25 17:00:00+05:30,7824.9,39.9,28.0,12.5,41.2
2026-05-25 18:00:00+05:30,7599.2,39.9,25.0,11.3,7.9
2026-05-25 19:00:00+05:30,7268.7,37.8,34.0,12.8,0.0
2026-05-25 20:00:00+05:30,7156.5,36.5,34.0,9.7,0.0
2026-05-25 21:00:00+05:30,6797.2,35.7,33.0,10.4,0.0
2026-05-25 22:00:00+05:30,6217.8,33.7,41.0,6.9,0.0
2026-05-25 23:00:00+05:30,5773.1,32.4,35.0,5.8,0.0
2026-05-26 00:00:00+05:30,5231.0,30.3,43.0,7.6,0.0
2026-05-26 01:00:00+05:30,4899.7,29.2,41.0,6.1,0.0
2026-05-26 02:00:00+05:30,4536.9,27.7,44.0,2.3,0.0
2026-05-26 03:00:00+05:30,4482.3,27.4,47.0,4.6,0.0
2026-05-26 04:00:00+05:30,4351.6,26.8,45.0,9.0,0.0
2026-05-26 05:00:00+05:30,4518.9,27.3,40.0,0.0,0.0
2026-05-26 06:00:00+05:30,4717.9,27.8,38.0,5.9,12.0
2026-05-26 07:00:00+05:30,5045.1,28.0,39.0,2.9,55.0
2026-05-26 08:00:00+05:30,5666.8,29.7,41.0,3.1,99.6
2026-05-26 09:00:00+05:30,6211.7,31.8,37.0,11.0,117.8
2026-05-26 10:00:00+05:30,6687.2,34.0,36.0,7.9,189.4
2026-05-26 11:00:00+05:30,7098.3,36.5,31.0,12.2,213.1
2026-05-26 12:00:00+05:30,7523.3,38.3,28.0,7.8,193.6
2026-05-26 13:00:00+05:30,8013.6,39.9,30.0,13.4,161.3
2026-05-26 14:00:00+05:30,8166.8,40.8,27.0,6.2,153.3
2026-05-26 15:00:00+05:30,8186.9,40.9,29.0,10.7,142.7
2026-05-26 16:00:00+05:30,8343.4,41.6,25.0,13.6,77.3
2026-05-26 17:00:00+05:30,8204.1,41.8,30.0,11.3,41.4
2026-05-26 18:00:00+05:30,7773.0,40.6,30.0,10.2,6.8
2026-05-26 19:00:00+05:30,7678.4,39.6,29.0,12.9,0.0
2026-05-26 20:00:00+05:30,7718.5,38.3,31.0,9.2,0.0
2026-05-26 21:00:00+05:30,7280.2,36.4,36.0,5.8,0.0
2026-05-26 22:00:00+05:30,6573.4,34.2,33.0,5.2,0.0
2026-05-26 23:00:00+05:30,5926.2,32.1,37.0,11.4,0.0
2026-05-27 00:00:00+05:30,5031.5,31.1,35.0,0.3,0.0
2026-05-27 01:00:00+05:30,4714.0,29.6,38.0,7.3,0.0
2026-05-27 02:00:00+05:30,4578.5,28.4,39.0,5.9,0.0
2026-05-27 03:00:00+05:30,4381.0,28.2,37.0,2.6,0.0
2026-05-27 04:00:00+05:30,4323.7,28.6,43.0,4.2,0.0
2026-05-27 05:00:00+05:30,4396.4,28.5,41.0,4.3,0.0
2026-05-27 06:00:00+05:30,4647.0,29.0,40.0,5.1,11.9
2026-05-27 07:00:00+05:30,5015.7,29.6,39.0,12.8,44.9
2026-05-27 08:00:00+05:30,5347.6,30.8,41.0,2.8,105.6
2026-05-27 09:00:00+05:30,5743.0,32.9,33.0,5.8,162.5
2026-05-27 10:00:00+05:30,6250.9,35.3,33.0,4.2,164.4
2026-05-27 11:00:00+05:30,6441.6,36.5,36.0,11.2,158.3
2026-05-27 12:00:00+05:30,6713.5,37.6,36.0,8.2,199.3
2026-05-27 13:00:00+05:30,7090.5,39.4,36.0,11.0,207.7
2026-05-27 14:00:00+05:30,7296.5,39.9,33.0,8.1,182.8
2026-05-27 15:00:00+05:30,7402.7,40.5,34.0,10.7,118.3
2026-05-27 16:00:00+05:30,7386.6,40.5,31.0,8.3,93.8
2026-05-27 17:00:00+05:30,7106.5,40.2,32.0,11.6,34.7
2026-05-27 18:00:00+05:30,6710.4,39.3,30.0,11.0,7.2
2026-05-27 19:00:00+05:30,6619.0,38.1,37.0,11.1,0.0
2026-05-27 20:00:00+05:30,6593.0,37.0,34.0,9.2,0.0
2026-05-27 21:00:00+05:30,6152.0,35.6,29.0,6.3,0.0
2026-05-27 22:00:00+05:30,5769.4,34.5,34.0,8.5,0.0
2026-05-27 23:00:00+05:30,5279.7,32.9,36.0,7.8,0.0
2026-05-28 00:00:00+05:30,5451.5,31.4,40.0,4.7,0.0
2026-05-28 01:00:00+05:30,5046.0,30.3,39.0,4.7,0.0
2026-05-28 02:00:00+05:30,4820.8,29.6,40.0,5.3,0.0
2026-05-28 03:00:00+05:30,4816.3,28.9,39.0,4.3,0.0
2026-05-28 04:00:00+05:30,4693.3,28.7,44.0,4.8,0.0
2026-05-28 05:00:00+05:30,4732.9,28.9,38.0,6.7,0.0
2026-05-28 06:00:00+05:30,5008.6,29.3,35.0,6.5,12.5
2026-05-28 07:00:00+05:30,5488.3,30.6,42.0,6.6,41.1
2026-05-28 08:00:00+05:30,5919.0,32.0,42.0,5.8,82.4
2026-05-28 09:00:00+05:30,6266.1,33.0,39.0,5.1,141.2
2026-05-28 10:00:00+05:30,6665.0,34.6,37.0,10.1,168.9
2026-05-28 11:00:00+05:30,7095.2,36.3,30.0,10.0,187.0
2026-05-28 12:00:00+05:30,7363.4,37.6,33.0,11.9,191.6
2026-05-28 13:00:00+05:30,7717.9,39.2,36.0,12.7,145.3
2026-05-28 14:00:00+05:30,8167.0,40.7,27.0,13.3,155.0
2026-05-28 15:00:00+05:30,8425.2,41.6,26.0,11.4,122.2
2026-05-28 16:00:00+05:30,8341.4,41.2,30.0,7.4,86.4
2026-05-28 17:00:00+05:30,8040.1,40.8,32.0,12.2,35.8
2026-05-28 18:00:00+05:30,7561.8,39.8,30.0,8.0,9.3
2026-05-28 19:00:00+05:30,7497.7,38.5,31.0,8.6,0.0
2026-05-28 20:00:00+05:30,7410.2,37.1,32.0,12.0,0.0
2026-05-28 21:00:00+05:30,6870.3,35.2,42.0,13.9,0.0
2026-05-28 22:00:00+05:30,6218.6,33.5,38.0,4.4,0.0
2026-05-28 23:00:00+05:30,5745.1,31.7,36.0,10.4,0.0
2026-05-29 00:00:00+05:30,5339.6,29.6,43.0,4.4,0.0
2026-05-29 01:00:00+05:30,4899.6,28.9,40.0,4.0,0.0
2026-05-29 02:00:00+05:30,4586.1,27.8,42.0,6.5,0.0
2026-05-29 03:00:00+05:30,4387.2,27.1,43.0,7.0,0.0
2026-05-29 04:00:00+05:30,4275.9,26.5,46.0,5.9,0.0
2026-05-29 05:00:00+05:30,4350.8,26.7,48.0,5.7,0.0
2026-05-29 06:00:00+05:30,4580.6,27.5,45.0,2.7,10.6
2026-05-29 07:00:00+05:30,5096.6,28.9,37.0,10.5,50.7
2026-05-29 08:00:00+05:30,5407.1,29.2,42.0,6.6,112.5
2026-05-29 09:00:00+05:30,5915.7,31.2,43.0,8.2,156.2
2026-05-29 10:00:00+05:30,6392.5,33.1,40.0,4.7,184.3
2026-05-29 11:00:00+05:30,6746.1,35.2,38.0,8.6,195.0
2026-05-29 12:00:00+05:30,7166.0,37.2,33.0,7.6,194.5
2026-05-29 13:00:00+05:30,7528.8,38.4,32.0,9.1,165.9
2026-05-29 14:00:00+05:30,7830.6,39.4,37.0,10.6,164.3
2026-05-29 15:00:00+05:30,8079.0,40.2,36.0,12.8,140.3
2026-05-29 16:00:00+05:30,7985.1,40.4,31.0,10.3,86.2
2026-05-29 17:00:00+05:30,7786.3,40.3,36.0,12.1,43.9
2026-05-29 18:00:00+05:30,7546.9,40.1,33.0,15.3,8.6
2026-05-29 19:00:00+05:30,7513.0,39.6,30.0,8.4,0.0
2026-05-29 20:00:00+05:30,7391.1,38.3,32.0,10.5,0.0
2026-05-29 21:00:00+05:30,6978.0,37.0,33.0,7.7,0.0
2026-05-29 22:00:00+05:30,6361.3,35.4,35.0,7.8,0.0
2026-05-29 23:00:00+05:30,5958.4,34.2,39.0,3.9,0.0
2026-05-30 00:00:00+05:30,5139.0,32.4,36.0,6.2,0.0
2026-05-30 01:00:00+05:30,4660.5,30.9,33.0,3.9,0.0
2026-05-30 02:00:00+05:30,4346.9,29.2,37.0,5.4,0.0
2026-05-30 03:00:00+05:30,4305.4,28.8,42.0,3.4,0.0
2026-05-30 04:00:00+05:30,4118.1,28.2,42.0,2.6,0.0
2026-05-30 05:00:00+05:30,4270.0,28.5,42.0,3.3,0.0
2026-05-30 06:00:00+05:30,4510.4,29.3,38.0,5.9,9.5
2026-05-30 07:00:00+05:30,5005.7,30.5,41.0,4.7,49.1
2026-05-30 08:00:00+05:30,5511.8,31.9,43.0,11.0,95.8
2026-05-30 09:00:00+05:30,6081.7,33.6,40.0,8.4,152.5
2026-05-30 10:00:00+05:30,6460.9,35.1,37.0,9.8,196.9
2026-05-30 11:00:00+05:30,6631.7,36.4,32.0,4.6,195.5
2026-05-30 12:00:00+05:30,6977.4,37.7,33.0,12.5,177.6
2026-05-30 13:00:00+05:30,7399.4,39.2,30.0,8.8,183.5
2026-05-30 14:00:00+05:30,7984.0,40.9,30.0,7.9,175.6
2026-05-30 15:00:00+05:30,8007.7,41.6,31.0,12.0,115.2
2026-05-30 16:00:00+05:30,7907.0,41.4,29.0,10.4,98.2
2026-05-30 17:00:00+05:30,7609.6,40.6,29.0,11.1,44.6
2026-05-30 18:00:00+05:30,7364.3,39.7,34.0,4.7,8.3
2026-05-30 19:00:00+05:30,7098.4,39.1,35.0,13.4,0.0
2026-05-30 20:00:00+05:30,6984.6,37.6,34.0,7.5,0.0
2026-05-30 21:00:00+05:30,6552.1,36.2,33.0,11.9,0.0
2026-05-30 22:00:00+05:30,6013.1,34.6,40.0,10.7,0.0
2026-05-30 23:00:00+05:30,5559.7,33.4,36.0,5.6,0.0
2026-05-31 00:00:00+05:30,5139.5,31.9,42.0,10.4,0.0
2026-05-31 01:00:00+05:30,4793.9,30.9,47.0,9.2,0.0
2026-05-31 02:00:00+05:30,4504.3,30.1,40.0,2.8,0.0
2026-05-31 03:00:00+05:30,4417.0,29.2,40.0,6.4,0.0
2026-05-31 04:00:00+05:30,4325.6,28.7,44.0,1.3,0.0
2026-05-31 05:00:00+05:30,4284.8,28.4,38.0,2.1,0.0
2026-05-31 06:00:00+05:30,4784.4,29.9,44.0,7.4,11.0
2026-05-31 07:00:00+05:30,5258.0,31.1,38.0,6.9,37.7
2026-05-31 08:00:00+05:30,5814.8,32.7,46.0,0.0,87.6
2026-05-31 09:00:00+05:30,6182.0,34.1,39.0,2.5,162.5
2026-05-31 10:00:00+05:30,6665.9,35.4,39.0,7.3,149.4
2026-05-31 11:00:00+05:30,7064.7,37.5,35.0,5.9,188.7
2026-05-31 12:00:00+05:30,7405.1,38.7,33.0,14.2,180.9
2026-05-31 13:00:00+05:30,7670.3,39.9,32.0,8.9,172.5
2026-05-31 14:00:00+05:30,7912.8,40.7,31.0,3.4,139.4
2026-05-31 15:00:00+05:30,8235.2,41.5,30.0,12.6,137.6
2026-05-31 16:00:00+05:30,8277.4,41.7,27.0,15.8,90.2
2026-05-31 17:00:00+05:30,7923.8,41.3,28.0,8.2,48.6
2026-05-31 18:00:00+05:30,7630.6,40.1,32.0,9.5,6.2
2026-05-31 19:00:00+05:30,7362.8,38.6,37.0,12.2,0.0
2026-05-31 20:00:00+05:30,7250.8,37.2,37.0,15.0,0.0
2026-05-31 21:00:00+05:30,6694.1,35.7,34.0,11.4,0.0
2026-05-31 22:00:00+05:30,6040.3,34.3,38.0,8.8,0.0
2026-05-31 23:00:00+05:30,5489.6,32.2,40.0,11.5,0.0
2026-06-01 00:00:00+05:30,5273.3,30.3,39.0,11.5,0.0
2026-06-01 01:00:00+05:30,4860.0,28.9,44.0,3.9,0.0
2026-06-01 02:00:00+05:30,4583.4,27.8,41.0,7.8,0.0
2026-06-01 03:00:00+05:30,4490.4,27.6,46.0,4.7,0.0
2026-06-01 04:00:00+05:30,4400.1,27.7,49.0,5.5,0.0
2026-06-01 05:00:00+05:30,4425.2,27.4,44.0,0.4,0.0
2026-06-01 06:00:00+05:30,4805.5,28.7,46.0,1.0,10.8
2026-06-01 07:00:00+05:30,5261.2,29.4,42.0,4.3,55.0
2026-06-01 08:00:00+05:30,5774.7,30.4,42.0,6.5,80.4
2026-06-01 09:00:00+05:30,6053.5,31.5,43.0,6.9,135.4
2026-06-01 10:00:00+05:30,6487.3,33.0,42.0,8.9,183.8
2026-06-01 11:00:00+05:30,6856.1,35.4,43.0,9.7,207.7
2026-06-01 12:00:00+05:30,7216.4,37.2,39.0,9.5,195.5
2026-06-01 13:00:00+05:30,7677.4,38.9,28.0,11.0,197.3
2026-06-01 14:00:00+05:30,7983.0,40.3,31.0,6.6,180.8
2026-06-01 15:00:00+05:30,8167.5,40.8,33.0,10.6,124.4
2026-06-01 16:00:00+05:30,8184.0,41.3,33.0,13.7,93.0
2026-06-01 17:00:00+05:30,8000.2,41.4,36.0,11.7,40.3
2026-06-01 18:00:00+05:30,7511.1,40.2,35.0,13.5,8.9
2026-06-01 19:00:00+05:30,7469.2,39.4,31.0,8.9,0.0
2026-06-01 20:00:00+05:30,7478.2,38.5,39.0,11.3,0.0
2026-06-01 21:00:00+05:30,6970.2,37.2,40.0,11.0,0.0
2026-06-01 22:00:00+05:30,6380.7,35.3,39.0,4.2,0.0
2026-06-01 23:00:00+05:30,5782.2,33.8,38.0,11.0,0.0
2026-06-02 00:00:00+05:30,5438.7,32.5,42.0,6.6,0.0
2026-06-02 01:00:00+05:30,5104.0,31.2,49.0,3.4,0.0
2026-06-02 02:00:00+05:30,4651.5,29.8,44.0,3.0,0.0
2026-06-02 03:00:00+05:30,4442.5,29.4,47.0,2.8,0.0
2026-06-02 04:00:00+05:30,4331.9,29.2,44.0,2.1,0.0
2026-06-02 05:00:00+05:30,4491.5,29.1,45.0,7.5,0.0
2026-06-02 06:00:00+05:30,4802.1,29.7,38.0,3.1,9.6
2026-06-02 07:00:00+05:30,5252.3,30.4,41.0,2.1,39.6
2026-06-02 08:00:00+05:30,5822.2,31.5,37.0,5.4,67.8
2026-06-02 09:00:00+05:30,6381.0,33.4,41.0,3.6,125.3
2026-06-02 10:00:00+05:30,6755.0,35.2,39.0,12.7,170.6
2026-06-02 11:00:00+05:30,7107.7,36.8,33.0,7.0,206.2
2026-06-02 12:00:00+05:30,7586.2,37.9,37.0,10.8,225.0
2026-06-02 13:00:00+05:30,7918.6,39.1,31.0,12.2,220.0
2026-06-02 14:00:00+05:30,8282.9,39.6,36.0,10.5,129.3
2026-06-02 15:00:00+05:30,8282.6,39.9,29.0,5.9,144.4
2026-06-02 16:00:00+05:30,8283.6,39.8,33.0,10.3,71.6
2026-06-02 17:00:00+05:30,7978.9,39.5,39.0,12.3,36.9
2026-06-02 18:00:00+05:30,7643.9,38.4,37.0,8.9,9.2
2026-06-02 19:00:00+05:30,7559.5,38.0,35.0,9.3,0.0
2026-06-02 20:00:00+05:30,7512.8,36.8,34.0,10.5,0.0
2026-06-02 21:00:00+05:30,6948.0,35.1,41.0,9.1,0.0
2026-06-02 22:00:00+05:30,6402.5,33.6,40.0,8.9,0.0
2026-06-02 23:00:00+05:30,5988.1,32.6,42.0,6.0,0.0
2026-06-03 00:00:00+05:30,5483.5,31.1,40.0,5.2,0.0
2026-06-03 01:00:00+05:30,5020.9,29.5,43.0,5.1,0.0
2026-06-03 02:00:00+05:30,4705.2,28.4,40.0,4.1,0.0
2026-06-03 03:00:00+05:30,4621.9,28.1,47.0,2.8,0.0
2026-06-03 04:00:00+05:30,4547.1,27.4,51.0,5.3,0.0
2026-06-03 05:00:00+05:30,4533.4,27.4,44.0,7.6,0.0
2026-06-03 06:00:00+05:30,4690.3,28.0,42.0,3.6,9.2
2026-06-03 07:00:00+05:30,5063.0,28.4,46.0,0.4,48.4
2026-06-03 08:00:00+05:30,5486.9,29.3,42.0,6.5,77.8
2026-06-03 09:00:00+05:30,6108.6,31.1,47.0,5.9,136.1
2026-06-03 10:00:00+05:30,6473.2,32.7,45.0,8.9,182.9
2026-06-03 11:00:00+05:30,6834.8,34.3,33.0,7.5,189.6
2026-06-03 12:00:00+05:30,7142.4,35.7,37.0,12.6,194.4
2026-06-03 13:00:00+05:30,7378.1,37.0,36.0,13.4,204.8
2026-06-03 14:00:00+05:30,7592.0,37.7,41.0,9.4,170.9
2026-06-03 15:00:00+05:30,7725.9,38.0,36.0,9.0,139.4
2026-06-03 16:00:00+05:30,7742.6,38.3,36.0,6.6,86.5
2026-06-03 17:00:00+05:30,7389.2,38.2,40.0,12.4,43.0
2026-06-03 18:00:00+05:30,6918.6,37.1,37.0,11.5,7.5
2026-06-03 19:00:00+05:30,6844.8,36.4,33.0,14.0,0.0
2026-06-03 20:00:00+05:30,6822.6,35.3,43.0,9.7,0.0
2026-06-03 21:00:00+05:30,6381.8,34.0,41.0,8.4,0.0
2026-06-03 22:00:00+05:30,5826.8,32.8,41.0,4.8,0.0
2026-06-03 23:00:00+05:30,5372.2,31.5,40.0,3.4,0.0
2026-06-04 00:00:00+05:30,5002.9,30.0,46.0,4.4,0.0
2026-06-04 01:00:00+05:30,4665.4,28.8,42.0,5.3,0.0
2026-06-04 02:00:00+05:30,4424.1,27.7,47.0,10.2,0.0
2026-06-04 03:00:00+05:30,4321.6,27.9,43.0,7.1,0.0
2026-06-04 04:00:00+05:30,4238.3,28.3,46.0,0.0,0.0
2026-06-04 05:00:00+05:30,4359.6,28.0,41.0,6.6,0.0
2026-06-04 06:00:00+05:30,4555.1,28.2,44.0,3.8,11.8
2026-06-04 07:00:00+05:30,4979.6,29.4,46.0,7.4,47.5
2026-06-04 08:00:00+05:30,5534.6,31.0,41.0,5.3,109.5
2026-06-04 09:00:00+05:30,6020.6,32.6,45.0,4.9,151.2
2026-06-04 10:00:00+05:30,6386.0,34.3,36.0,6.9,200.0
2026-06-04 11:00:00+05:30,6803.3,36.1,36.0,11.9,148.6
2026-06-04 12:00:00+05:30,7092.2,37.3,41.0,10.9,207.9
2026-06-04 13:00:00+05:30,7439.9,38.7,38.0,11.2,204.6
2026-06-04 14:00:00+05:30,7830.7,39.7,40.0,8.1,136.3
2026-06-04 15:00:00+05:30,7895.4,39.6,39.0,11.3,130.3
2026-06-04 16:00:00+05:30,7743.4,39.8,35.0,14.5,78.5
2026-06-04 17:00:00+05:30,7347.6,39.0,37.0,12.8,41.1
2026-06-04 18:00:00+05:30,6961.9,38.5,39.0,10.7,7.5
2026-06-04 19:00:00+05:30,6753.7,37.2,36.0,8.8,0.0
2026-06-04 20:00:00+05:30,6814.4,36.0,45.0,12.5,0.0
2026-06-04 21:00:00+05:30,6319.6,34.6,42.0,11.3,0.0
2026-06-04 22:00:00+05:30,5852.9,33.2,44.0,7.7,0.0
2026-06-04 23:00:00+05:30,5095.3,30.6,40.0,5.2,0.0
2026-06-05 00:00:00+05:30,4871.0,29.6,39.0,5.5,0.0
2026-06-05 01:00:00+05:30,4616.5,28.5,45.0,10.5,0.0
2026-06-05 02:00:00+05:30,4443.8,27.4,47.0,6.0,0.0
2026-06-05 03:00:00+05:30,4276.1,26.9,44.0,6.5,0.0
2026-06-05 04:00:00+05:30,4065.9,26.0,50.0,6.1,0.0
2026-06-05 05:00:00+05:30,4202.7,26.6,50.0,6.0,0.0
2026-06-05 06:00:00+05:30,4443.8,26.9,49.0,4.6,12.0
2026-06-05 07:00:00+05:30,4963.3,28.1,46.0,6.8,51.0
2026-06-05 08:00:00+05:30,5358.5,29.2,44.0,4.7,97.2
2026-06-05 09:00:00+05:30,5915.3,31.2,46.0,5.4,142.5
2026-06-05 10:00:00+05:30,6339.0,32.7,42.0,8.3,180.9
2026-06-05 11:00:00+05:30,6601.9,34.3,44.0,9.2,188.4
2026-06-05 12:00:00+05:30,6792.3,35.5,42.0,10.9,193.1
2026-06-05 13:00:00+05:30,7087.0,36.4,35.0,11.6,179.2
2026-06-05 14:00:00+05:30,7228.4,36.7,39.0,16.1,118.1
2026-06-05 15:00:00+05:30,7422.2,37.5,40.0,13.3,155.0
2026-06-05 16:00:00+05:30,7549.6,38.3,38.0,8.1,98.4
2026-06-05 17:00:00+05:30,7350.1,38.6,39.0,11.3,37.6
2026-06-05 18:00:00+05:30,6911.3,37.6,35.0,8.4,7.5
2026-06-05 19:00:00+05:30,6762.9,36.7,40.0,8.9,0.0
2026-06-05 20:00:00+05:30,6846.0,35.6,45.0,6.0,0.0
2026-06-05 21:00:00+05:30,6458.1,34.2,43.0,10.2,0.0
2026-06-05 22:00:00+05:30,5771.1,32.2,39.0,3.6,0.0
2026-06-05 23:00:00+05:30,5336.7,30.4,49.0,8.0,0.0
2026-06-06 00:00:00+05:30,4582.2,29.1,40.0,7.6,0.0
2026-06-06 01:00:00+05:30,4269.7,28.1,52.0,3.4,0.0
2026-06-06 02:00:00+05:30,3961.0,27.4,46.0,0.0,0.0
2026-06-06 03:00:00+05:30,3782.2,26.7,48.0,2.8,0.0
2026-06-06 04:00:00+05:30,3833.0,26.1,53.0,4.5,0.0
2026-06-06 05:00:00+05:30,3818.3,25.9,50.0,3.0,0.0
2026-06-06 06:00:00+05:30,3984.9,26.4,47.0,0.0,12.2
2026-06-06 07:00:00+05:30,4329.3,27.3,46.0,4.5,42.4
2026-06-06 08:00:00+05:30,4847.5,28.3,49.0,1.7,111.0
2026-06-06 09:00:00+05:30,5348.5,29.8,48.0,2.0,142.9
2026-06-06 10:00:00+05:30,5830.6,31.9,44.0,6.9,196.8
2026-06-06 11:00:00+05:30,6066.2,33.7,40.0,12.7,169.0
2026-06-06 12:00:00+05:30,6616.0,35.6,42.0,4.3,202.0
2026-06-06 13:00:00+05:30,7047.1,37.5,35.0,6.1,176.2
2026-06-06 14:00:00+05:30,7322.8,38.8,41.0,14.3,136.1
2026-06-06 15:00:00+05:30,7430.3,39.2,34.0,10.6,126.8
2026-06-06 16:00:00+05:30,7501.0,39.6,37.0,11.7,86.5
2026-06-06 17:00:00+05:30,7178.6,39.2,38.0,17.0,40.9
2026-06-06 18:00:00+05:30,6839.9,38.8,40.0,5.4,8.3
2026-06-06 19:00:00+05:30,6777.8,38.3,36.0,10.0,0.0
2026-06-06 20:00:00+05:30,6751.2,37.1,42.0,10.3,0.0
2026-06-06 21:00:00+05:30,6182.9,35.7,38.0,7.0,0.0
2026-06-06 22:00:00+05:30,5554.2,34.0,37.0,7.4,0.0
2026-06-06 23:00:00+05:30,5117.7,32.2,44.0,5.0,0.0
2026-06-07 00:00:00+05:30,4818.7,30.8,43.0,8.1,0.0
2026-06-07 01:00:00+05:30,4524.6,29.3,45.0,6.8,0.0
2026-06-07 02:00:00+05:30,4337.7,28.2,45.0,0.8,0.0
2026-06-07 03:00:00+05:30,4163.1,28.0,42.0,3.4,0.0
2026-06-07 04:00:00+05:30,4231.7,28.2,46.0,4.7,0.0
2026-06-07 05:00:00+05:30,4388.4,28.9,50.0,2.7,0.0
2026-06-07 06:00:00+05:30,4677.9,29.9,44.0,1.1,9.1
2026-06-07 07:00:00+05:30,5112.5,30.7,41.0,4.3,45.8
2026-06-07 08:00:00+05:30,5571.5,31.9,43.0,7.3,68.1
2026-06-07 09:00:00+05:30,6009.3,33.4,41.0,6.6,133.4
2026-06-07 10:00:00+05:30,6493.7,35.5,37.0,11.9,188.0
2026-06-07 11:00:00+05:30,6826.6,37.3,35.0,9.4,195.5
2026-06-07 12:00:00+05:30,7077.7,38.9,38.0,8.8,159.8
2026-06-07 13:00:00+05:30,7390.7,40.0,36.0,12.6,151.6
2026-06-07 14:00:00+05:30,7752.5,41.4,37.0,6.3,153.0
2026-06-07 15:00:00+05:30,7896.0,42.0,32.0,10.6,148.3
2026-06-07 16:00:00+05:30,7864.9,42.3,37.0,10.9,105.0
2026-06-07 17:00:00+05:30,7657.6,41.7,35.0,9.0,35.7
2026-06-07 18:00:00+05:30,7434.7,41.5,30.0,10.2,7.6
2026-06-07 19:00:00+05:30,7367.0,40.8,31.0,6.9,0.0
2026-06-07 20:00:00+05:30,7308.0,39.4,35.0,9.6,0.0
2026-06-07 21:00:00+05:30,6785.4,37.8,33.0,8.4,0.0
2026-06-07 22:00:00+05:30,6080.9,35.8,41.0,5.9,0.0
2026-06-07 23:00:00+05:30,5552.5,33.9,42.0,9.7,0.0
2026-06-08 00:00:00+05:30,5602.0,32.7,40.0,5.4,0.0
2026-06-08 01:00:00+05:30,5253.4,31.4,42.0,6.9,0.0
2026-06-08 02:00:00+05:30,4981.6,29.7,46.0,5.1,0.0
2026-06-08 03:00:00+05:30,4792.4,28.8,40.0,4.0,0.0
2026-06-08 04:00:00+05:30,4679.3,28.9,48.0,2.6,0.0
2026-06-08 05:00:00+05:30,4829.0,29.2,42.0,0.8,0.0
2026-06-08 06:00:00+05:30,5104.5,29.7,47.0,7.4,12.5
2026-06-08 07:00:00+05:30,5550.6,29.8,44.0,8.1,43.7
2026-06-08 08:00:00+05:30,5996.0,31.4,44.0,2.3,89.2
2026-06-08 09:00:00+05:30,6443.9,32.8,45.0,8.1,155.1
2026-06-08 10:00:00+05:30,7077.7,34.3,49.0,8.8,191.6
2026-06-08 11:00:00+05:30,7383.7,35.8,38.0,6.9,165.3
2026-06-08 12:00:00+05:30,7593.6,37.4,40.0,8.8,207.8
2026-06-08 13:00:00+05:30,7892.4,38.7,38.0,13.8,157.6
2026-06-08 14:00:00+05:30,8102.7,39.6,40.0,5.0,195.0
2026-06-08 15:00:00+05:30,8278.2,40.4,37.0,10.9,130.0
2026-06-08 16:00:00+05:30,8233.9,41.2,36.0,11.7,79.4
2026-06-08 17:00:00+05:30,7913.3,40.9,32.0,8.8,50.0
2026-06-08 18:00:00+05:30,7601.7,40.5,30.0,15.5,9.5
2026-06-08 19:00:00+05:30,7411.4,39.8,39.0,8.8,0.0
2026-06-08 20:00:00+05:30,7350.4,38.6,32.0,13.1,0.0
2026-06-08 21:00:00+05:30,6825.8,36.8,42.0,11.0,0.0
2026-06-08 22:00:00+05:30,6165.6,34.6,38.0,7.8,0.0
2026-06-08 23:00:00+05:30,5675.8,32.4,38.0,9.4,0.0
2026-06-09 00:00:00+05:30,5240.0,30.2,47.0,6.0,0.0
2026-06-09 01:00:00+05:30,4808.1,28.8,46.0,4.4,0.0
2026-06-09 02:00:00+05:30,4591.9,27.7,50.0,1.9,0.0
2026-06-09 03:00:00+05:30,4587.0,27.4,56.0,5.2,0.0
2026-06-09 04:00:00+05:30,4508.1,27.7,43.0,6.8,0.0
2026-06-09 05:00:00+05:30,4610.6,28.0,49.0,6.5,0.0
2026-06-09 06:00:00+05:30,4942.5,29.4,40.0,10.7,7.9
2026-06-09 07:00:00+05:30,5340.5,30.1,47.0,5.1,45.5
2026-06-09 08:00:00+05:30,5901.9,31.7,49.0,7.9,93.1
2026-06-09 09:00:00+05:30,6236.0,33.0,39.0,9.0,113.5
2026-06-09 10:00:00+05:30,6769.7,34.9,44.0,11.0,182.2
2026-06-09 11:00:00+05:30,7162.2,36.9,31.0,5.2,158.8
2026-06-09 12:00:00+05:30,7462.0,38.2,33.0,7.0,225.0
2026-06-09 13:00:00+05:30,7853.4,39.7,35.0,12.6,220.0
2026-06-09 14:00:00+05:30,8283.6,40.9,36.0,9.8,158.9
2026-06-09 15:00:00+05:30,8371.5,41.2,32.0,13.0,137.1
2026-06-09 16:00:00+05:30,8219.7,40.9,37.0,13.8,98.2
2026-06-09 17:00:00+05:30,8121.7,41.4,32.0,9.4,28.5
2026-06-09 18:00:00+05:30,7896.6,41.3,34.0,9.4,8.8
2026-06-09 19:00:00+05:30,7759.7,40.5,29.0,10.3,0.0
2026-06-09 20:00:00+05:30,7763.3,39.4,37.0,7.9,0.0
2026-06-09 21:00:00+05:30,7263.4,38.0,37.0,10.6,0.0
2026-06-09 22:00:00+05:30,6586.7,36.6,38.0,8.3,0.0
2026-06-09 23:00:00+05:30,6212.7,35.7,42.0,8.0,0.0
2026-06-10 00:00:00+05:30,5757.1,34.4,41.0,5.1,0.0
2026-06-10 01:00:00+05:30,5469.8,33.0,51.0,9.4,0.0
2026-06-10 02:00:00+05:30,5102.7,31.6,44.0,6.9,0.0
2026-06-10 03:00:00+05:30,4996.7,30.6,44.0,0.0,0.0
2026-06-10 04:00:00+05:30,4795.7,30.2,43.0,2.6,0.0
2026-06-10 05:00:00+05:30,5099.0,30.0,48.0,4.3,0.0
2026-06-10 06:00:00+05:30,5451.0,30.8,54.0,5.6,11.6
2026-06-10 07:00:00+05:30,5853.8,31.6,45.0,10.0,41.3
2026-06-10 08:00:00+05:30,6404.5,32.6,48.0,6.9,89.7
2026-06-10 09:00:00+05:30,6860.4,34.4,43.0,9.9,155.9
2026-06-10 10:00:00+05:30,7367.1,36.1,43.0,7.6,167.2
2026-06-10 11:00:00+05:30,7589.7,37.4,35.0,9.7,191.8
2026-06-10 12:00:00+05:30,8027.3,39.1,42.0,9.8,203.4
2026-06-10 13:00:00+05:30,8271.2,40.5,35.0,14.2,178.3
2026-06-10 14:00:00+05:30,8575.1,41.5,34.0,11.7,167.6
2026-06-10 15:00:00+05:30,8726.2,41.7,37.0,14.3,142.0
2026-06-10 16:00:00+05:30,8446.1,41.6,28.0,18.7,100.7
2026-06-10 17:00:00+05:30,8056.8,41.4,34.0,11.2,39.5
2026-06-10 18:00:00+05:30,7722.4,41.0,38.0,13.0,6.8
2026-06-10 19:00:00+05:30,7639.7,39.7,40.0,6.5,0.0
2026-06-10 20:00:00+05:30,7676.8,38.8,41.0,10.7,0.0
2026-06-10 21:00:00+05:30,7264.6,37.9,39.0,11.9,0.0
2026-06-10 22:00:00+05:30,6604.2,36.3,37.0,12.0,0.0
2026-06-10 23:00:00+05:30,6098.5,34.2,47.0,8.4,0.0
2026-06-11 00:00:00+05:30,5690.4,32.3,46.0,7.0,0.0
2026-06-11 01:00:00+05:30,5224.6,31.1,42.0,5.7,0.0
2026-06-11 02:00:00+05:30,4947.1,30.3,45.0,2.8,0.0
2026-06-11 03:00:00+05:30,4713.5,29.6,46.0,7.5,0.0
2026-06-11 04:00:00+05:30,4833.7,30.0,51.0,7.3,0.0
2026-06-11 05:00:00+05:30,4941.0,30.3,47.0,7.0,0.0
2026-06-11 06:00:00+05:30,5284.9,31.3,49.0,6.7,9.6
2026-06-11 07:00:00+05:30,5759.3,32.2,44.0,6.6,48.1
2026-06-11 08:00:00+05:30,6266.3,33.3,44.0,3.6,101.3
2026-06-11 09:00:00+05:30,6774.2,35.0,39.0,4.5,136.9
2026-06-11 10:00:00+05:30,7223.0,36.7,39.0,5.3,169.5
2026-06-11 11:00:00+05:30,7643.9,39.0,35.0,6.4,183.6
2026-06-11 12:00:00+05:30,8090.2,40.1,38.0,10.9,165.6
2026-06-11 13:00:00+05:30,8443.9,41.4,38.0,15.4,189.0
2026-06-11 14:00:00+05:30,8792.2,42.6,33.0,15.7,163.5
2026-06-11 15:00:00+05:30,8915.5,43.3,29.0,11.7,108.8
2026-06-11 16:00:00+05:30,8859.2,43.2,34.0,14.3,71.5
2026-06-11 17:00:00+05:30,8564.6,43.0,34.0,9.4,45.3
2026-06-11 18:00:00+05:30,8192.6,42.4,30.0,11.9,7.1
2026-06-11 19:00:00+05:30,8105.4,41.4,34.0,11.4,0.0
2026-06-11 20:00:00+05:30,8155.9,40.5,39.0,10.2,0.0
2026-06-11 21:00:00+05:30,7558.0,39.0,39.0,11.7,0.0
2026-06-11 22:00:00+05:30,7053.2,37.8,41.0,5.0,0.0
2026-06-11 23:00:00+05:30,6470.3,36.5,40.0,7.0,0.0
2026-06-12 00:00:00+05:30,6111.0,35.3,41.0,3.6,0.0
2026-06-12 01:00:00+05:30,5794.5,34.4,41.0,5.8,0.0
2026-06-12 02:00:00+05:30,5494.3,33.6,39.0,2.4,0.0
2026-06-12 03:00:00+05:30,5358.7,32.6,40.0,3.5,0.0
2026-06-12 04:00:00+05:30,5367.7,32.0,46.0,0.9,0.0
2026-06-12 05:00:00+05:30,5491.0,32.0,44.0,4.2,0.0
2026-06-12 06:00:00+05:30,5754.6,32.7,45.0,10.9,11.3
2026-06-12 07:00:00+05:30,6117.5,33.6,42.0,5.6,46.0
2026-06-12 08:00:00+05:30,6526.2,34.7,39.0,4.0,85.5
2026-06-12 09:00:00+05:30,7158.6,36.7,41.0,4.3,156.0
2026-06-12 10:00:00+05:30,7610.1,38.3,39.0,13.1,174.4
2026-06-12 11:00:00+05:30,7884.7,39.3,37.0,8.6,220.0
2026-06-12 12:00:00+05:30,8312.2,41.1,36.0,11.4,225.0
2026-06-12 13:00:00+05:30,8666.8,41.8,34.0,7.5,208.3
2026-06-12 14:00:00+05:30,8984.2,42.2,33.0,10.0,142.3
2026-06-12 15:00:00+05:30,9075.8,42.3,37.0,12.6,116.7
2026-06-12 16:00:00+05:30,9066.3,42.3,31.0,12.1,101.9
2026-06-12 17:00:00+05:30,8715.7,41.8,33.0,7.7,47.5
2026-06-12 18:00:00+05:30,8239.1,40.5,36.0,11.9,9.1
2026-06-12 19:00:00+05:30,8102.3,39.5,41.0,7.7,0.0
2026-06-12 20:00:00+05:30,8053.6,38.6,38.0,12.3,0.0
2026-06-12 21:00:00+05:30,7483.7,37.0,39.0,7.3,0.0
2026-06-12 22:00:00+05:30,7038.2,35.4,50.0,2.7,0.0
2026-06-12 23:00:00+05:30,6362.1,34.3,45.0,9.8,0.0
2026-06-13 00:00:00+05:30,5606.7,32.5,48.0,8.0,0.0
2026-06-13 01:00:00+05:30,5192.3,31.5,49.0,3.7,0.0
2026-06-13 02:00:00+05:30,4922.4,30.1,48.0,4.1,0.0
2026-06-13 03:00:00+05:30,4705.9,29.5,48.0,1.8,0.0
2026-06-13 04:00:00+05:30,4508.2,29.5,48.0,4.1,0.0
2026-06-13 05:00:00+05:30,4733.3,29.9,46.0,7.9,0.0
2026-06-13 06:00:00+05:30,5000.1,30.3,42.0,3.3,11.0
2026-06-13 07:00:00+05:30,5403.8,31.1,50.0,5.3,47.1
2026-06-13 08:00:00+05:30,5723.8,32.5,42.0,6.1,100.1
2026-06-13 09:00:00+05:30,6283.3,34.8,44.0,8.8,130.9
2026-06-13 10:00:00+05:30,6654.1,36.2,37.0,10.6,167.5
2026-06-13 11:00:00+05:30,6916.5,37.7,43.0,8.7,195.3
2026-06-13 12:00:00+05:30,7184.2,39.1,38.0,8.9,156.5
2026-06-13 13:00:00+05:30,7528.4,40.8,39.0,10.4,175.1
2026-06-13 14:00:00+05:30,7721.1,41.1,38.0,11.9,191.6
2026-06-13 15:00:00+05:30,7934.3,41.8,36.0,9.9,155.0
2026-06-13 16:00:00+05:30,7935.0,42.3,33.0,10.2,91.6
2026-06-13 17:00:00+05:30,7662.2,41.5,35.0,11.5,31.3
2026-06-13 18:00:00+05:30,7305.8,40.8,35.0,14.8,8.3
2026-06-13 19:00:00+05:30,7100.7,39.3,39.0,11.6,0.0
2026-06-13 20:00:00+05:30,7148.6,38.5,37.0,11.3,0.0
2026-06-13 21:00:00+05:30,6860.7,37.9,40.0,9.3,0.0
2026-06-13 22:00:00+05:30,6267.0,36.4,41.0,6.7,0.0
2026-06-13 23:00:00+05:30,5660.1,34.6,41.0,9.5,0.0
2026-06-14 00:00:00+05:30,5323.0,32.9,43.0,6.6,0.0
2026-06-14 01:00:00+05:30,5012.4,32.3,43.0,1.2,0.0
2026-06-14 02:00:00+05:30,4803.8,31.5,42.0,4.9,0.0
2026-06-14 03:00:00+05:30,4713.9,31.1,49.0,0.0,0.0
2026-06-14 04:00:00+05:30,4619.8,31.4,42.0,3.9,0.0
2026-06-14 05:00:00+05:30,4922.5,31.9,50.0,6.7,0.0
2026-06-14 06:00:00+05:30,5189.2,32.2,46.0,9.3,11.8
2026-06-14 07:00:00+05:30,5691.8,33.1,48.0,3.8,49.4
2026-06-14 08:00:00+05:30,5998.4,33.8,43.0,7.7,83.0
2026-06-14 09:00:00+05:30,6432.9,34.7,46.0,10.5,140.9
2026-06-14 10:00:00+05:30,6860.6,36.1,45.0,5.2,189.8
2026-06-14 11:00:00+05:30,7274.4,37.9,39.0,11.2,180.5
2026-06-14 12:00:00+05:30,7603.5,39.5,36.0,10.5,181.2
2026-06-14 13:00:00+05:30,7863.7,40.7,38.0,15.4,220.0
2026-06-14 14:00:00+05:30,8207.6,41.7,42.0,9.6,179.8
2026-06-14 15:00:00+05:30,8240.6,42.2,38.0,13.3,141.0
2026-06-14 16:00:00+05:30,8261.2,42.2,37.0,11.6,99.5
2026-06-14 17:00:00+05:30,8081.3,41.8,43.0,13.6,33.2
2026-06-14 18:00:00+05:30,7595.1,40.8,38.0,15.7,8.1
2026-06-14 19:00:00+05:30,7501.1,40.0,34.0,9.6,0.0
2026-06-14 20:00:00+05:30,7426.0,38.4,42.0,9.3,0.0
2026-06-14 21:00:00+05:30,6945.8,36.7,44.0,11.1,0.0
2026-06-14 22:00:00+05:30,6537.7,35.4,45.0,6.7,0.0
2026-06-14 23:00:00+05:30,5972.2,33.8,45.0,5.3,0.0
2026-06-15 00:00:00+05:30,5898.2,32.7,49.0,3.4,0.0
2026-06-15 01:00:00+05:30,5594.9,32.1,46.0,8.1,0.0
2026-06-15 02:00:00+05:30,5433.9,31.1,47.0,0.0,0.0
2026-06-15 03:00:00+05:30,5107.0,29.9,48.0,0.9,0.0
2026-06-15 04:00:00+05:30,4980.4,29.6,46.0,4.9,0.0
2026-06-15 05:00:00+05:30,5128.3,29.9,48.0,4.0,0.0
2026-06-15 06:00:00+05:30,5330.1,30.3,48.0,3.6,10.3
2026-06-15 07:00:00+05:30,5783.4,31.1,47.0,6.5,47.9
2026-06-15 08:00:00+05:30,6305.4,32.8,44.0,3.4,105.9
2026-06-15 09:00:00+05:30,7077.6,34.5,46.0,7.5,134.1
2026-06-15 10:00:00+05:30,7536.6,36.6,40.0,7.6,184.1
2026-06-15 11:00:00+05:30,7757.7,37.6,41.0,7.1,220.0
2026-06-15 12:00:00+05:30,8032.9,38.9,41.0,11.3,197.4
2026-06-15 13:00:00+05:30,8258.7,40.3,37.0,11.7,220.0
2026-06-15 14:00:00+05:30,8593.4,41.3,33.0,14.9,182.3
2026-06-15 15:00:00+05:30,8839.7,41.6,37.0,10.2,155.0
2026-06-15 16:00:00+05:30,8662.8,41.2,36.0,15.1,82.4
2026-06-15 17:00:00+05:30,8332.9,41.1,41.0,13.4,48.9
2026-06-15 18:00:00+05:30,7995.0,40.7,41.0,12.2,7.8
2026-06-15 19:00:00+05:30,7813.0,39.4,42.0,10.1,0.0
2026-06-15 20:00:00+05:30,7837.6,38.3,46.0,10.3,0.0
2026-06-15 21:00:00+05:30,7288.5,37.1,39.0,4.4,0.0
2026-06-15 22:00:00+05:30,6778.6,36.0,41.0,6.4,0.0
2026-06-15 23:00:00+05:30,6274.4,34.9,45.0,6.2,0.0
2026-06-16 00:00:00+05:30,5771.5,33.1,44.0,7.5,0.0
2026-06-16 01:00:00+05:30,5357.7,31.6,47.0,6.8,0.0
2026-06-16 02:00:00+05:30,4970.6,30.4,47.0,3.1,0.0
2026-06-16 03:00:00+05:30,4853.8,30.2,50.0,3.3,0.0
2026-06-16 04:00:00+05:30,4718.1,30.2,47.0,3.4,0.0
2026-06-16 05:00:00+05:30,4873.7,29.8,54.0,6.7,0.0
2026-06-16 06:00:00+05:30,5164.4,30.3,48.0,0.6,12.2
2026-06-16 07:00:00+05:30,5591.6,31.2,52.0,6.3,47.8
2026-06-16 08:00:00+05:30,6168.6,32.4,44.0,6.2,64.5
2026-06-16 09:00:00+05:30,6672.6,33.7,50.0,1.9,117.3
2026-06-16 10:00:00+05:30,6903.8,34.6,41.0,8.2,185.2
2026-06-16 11:00:00+05:30,7256.9,36.2,45.0,6.0,203.5
2026-06-16 12:00:00+05:30,7685.0,38.2,41.0,12.8,180.9
2026-06-16 13:00:00+05:30,8044.8,39.3,42.0,11.4,174.2
2026-06-16 14:00:00+05:30,8295.9,40.9,37.0,12.7,169.7
2026-06-16 15:00:00+05:30,8573.6,42.1,31.0,7.3,140.5
2026-06-16 16:00:00+05:30,8618.2,42.3,37.0,14.5,87.8
2026-06-16 17:00:00+05:30,8358.5,42.6,39.0,13.3,46.3
2026-06-16 18:00:00+05:30,7968.7,42.1,37.0,13.5,9.5
2026-06-16 19:00:00+05:30,8001.8,41.8,33.0,8.4,0.0
2026-06-16 20:00:00+05:30,8003.6,40.6,43.0,12.7,0.0
2026-06-16 21:00:00+05:30,7484.1,38.4,45.0,7.7,0.0
2026-06-16 22:00:00+05:30,6695.4,36.7,41.0,9.9,0.0
2026-06-16 23:00:00+05:30,6239.8,34.8,47.0,11.3,0.0
2026-06-17 00:00:00+05:30,5746.4,33.4,47.0,2.3,0.0
2026-06-17 01:00:00+05:30,5225.3,31.8,46.0,6.3,0.0
2026-06-17 02:00:00+05:30,4969.2,30.0,51.0,7.9,0.0
2026-06-17 03:00:00+05:30,4866.3,30.1,49.0,0.0,0.0
2026-06-17 04:00:00+05:30,4935.7,29.6,50.0,7.7,0.0
2026-06-17 05:00:00+05:30,5150.1,29.8,52.0,3.2,0.0
2026-06-17 06:00:00+05:30,5259.9,29.7,50.0,4.3,10.9
2026-06-17 07:00:00+05:30,5850.6,30.7,51.0,5.0,46.2
2026-06-17 08:00:00+05:30,6382.8,32.0,48.0,5.3,101.4
2026-06-17 09:00:00+05:30,6762.9,33.2,49.0,3.8,123.7
2026-06-17 10:00:00+05:30,7098.3,34.4,45.0,9.5,174.9
2026-06-17 11:00:00+05:30,7427.2,36.1,47.0,7.7,201.1
2026-06-17 12:00:00+05:30,7755.1,37.6,43.0,9.0,155.6
2026-06-17 13:00:00+05:30,8199.9,39.0,44.0,11.5,191.1
2026-06-17 14:00:00+05:30,8419.8,39.8,42.0,14.6,135.0
2026-06-17 15:00:00+05:30,8721.9,41.1,45.0,9.2,130.3
2026-06-17 16:00:00+05:30,8459.5,40.7,40.0,12.5,105.0
2026-06-17 17:00:00+05:30,8084.0,40.5,37.0,12.6,47.6
2026-06-17 18:00:00+05:30,7741.3,39.9,44.0,14.6,8.9
2026-06-17 19:00:00+05:30,7431.6,38.4,37.0,10.4,0.0
2026-06-17 20:00:00+05:30,7489.6,37.8,43.0,12.0,0.0
2026-06-17 21:00:00+05:30,6919.1,36.5,40.0,11.5,0.0
2026-06-17 22:00:00+05:30,6353.4,34.8,41.0,8.8,0.0
2026-06-17 23:00:00+05:30,5780.1,32.5,49.0,9.4,0.0
2026-06-18 00:00:00+05:30,5366.9,31.2,48.0,4.7,0.0
2026-06-18 01:00:00+05:30,5088.1,30.7,54.0,7.7,0.0
2026-06-18 02:00:00+05:30,4761.7,30.0,49.0,6.0,0.0
2026-06-18 03:00:00+05:30,4741.4,29.6,56.0,3.5,0.0
2026-06-18 04:00:00+05:30,4619.9,29.5,51.0,4.7,0.0
2026-06-18 05:00:00+05:30,4862.4,29.8,55.0,2.8,0.0
2026-06-18 06:00:00+05:30,5225.2,30.3,54.0,5.6,11.5
2026-06-18 07:00:00+05:30,5630.9,31.3,53.0,8.0,47.4
2026-06-18 08:00:00+05:30,6099.3,32.2,55.0,7.8,99.4
2026-06-18 09:00:00+05:30,6454.8,33.4,51.0,12.1,140.7
2026-06-18 10:00:00+05:30,6790.5,34.8,48.0,6.9,125.7
2026-06-18 11:00:00+05:30,7009.5,36.4,44.0,9.9,178.9
2026-06-18 12:00:00+05:30,7477.5,38.0,46.0,11.6,197.5
2026-06-18 13:00:00+05:30,7784.8,39.2,43.0,12.0,215.5
2026-06-18 14:00:00+05:30,8007.7,39.9,39.0,12.5,168.2
2026-06-18 15:00:00+05:30,8224.3,40.5,37.0,8.9,121.8
2026-06-18 16:00:00+05:30,8064.5,40.2,43.0,8.9,105.0
2026-06-18 17:00:00+05:30,7762.8,39.8,41.0,10.7,40.0
2026-06-18 18:00:00+05:30,7468.8,39.1,42.0,12.2,8.9
2026-06-18 19:00:00+05:30,7285.9,37.6,42.0,9.8,0.0
2026-06-18 20:00:00+05:30,7251.2,36.0,47.0,7.1,0.0
2026-06-18 21:00:00+05:30,6803.0,34.9,49.0,7.4,0.0
2026-06-18 22:00:00+05:30,6164.8,33.3,49.0,10.4,0.0
2026-06-18 23:00:00+05:30,5791.7,32.4,52.0,4.4,0.0
2026-06-19 00:00:00+05:30,5388.2,31.4,53.0,5.2,0.0
2026-06-19 01:00:00+05:30,4958.1,30.1,51.0,0.0,0.0
2026-06-19 02:00:00+05:30,4761.0,29.1,49.0,0.0,0.0
2026-06-19 03:00:00+05:30,4695.1,28.8,55.0,1.3,0.0
2026-06-19 04:00:00+05:30,4679.0,28.8,58.0,5.9,0.0
2026-06-19 05:00:00+05:30,4776.8,29.2,55.0,8.7,0.0
2026-06-19 06:00:00+05:30,5018.8,30.3,49.0,3.8,12.5
2026-06-19 07:00:00+05:30,5531.6,30.9,58.0,7.3,41.9
2026-06-19 08:00:00+05:30,5968.1,32.0,48.0,6.5,73.8
2026-06-19 09:00:00+05:30,6537.8,33.0,58.0,5.4,136.6
2026-06-19 10:00:00+05:30,6829.6,34.0,52.0,2.0,200.0
2026-06-19 11:00:00+05:30,7043.9,35.2,45.0,7.8,191.8
2026-06-19 12:00:00+05:30,7261.4,36.1,44.0,7.7,173.1
2026-06-19 13:00:00+05:30,7719.2,37.9,46.0,6.9,204.2
2026-06-19 14:00:00+05:30,7869.4,39.4,37.0,11.6,190.9
2026-06-19 15:00:00+05:30,8158.3,40.6,40.0,14.6,126.0
2026-06-19 16:00:00+05:30,8116.9,40.6,41.0,8.4,86.9
2026-06-19 17:00:00+05:30,7822.0,40.2,43.0,11.2,50.0
2026-06-19 18:00:00+05:30,7546.5,39.5,47.0,9.9,8.6
2026-06-19 19:00:00+05:30,7387.8,38.5,46.0,11.8,0.0
2026-06-19 20:00:00+05:30,7496.9,37.7,50.0,9.0,0.0
2026-06-19 21:00:00+05:30,6927.9,35.6,51.0,10.5,0.0
2026-06-19 22:00:00+05:30,6458.9,34.3,50.0,10.5,0.0
2026-06-19 23:00:00+05:30,5852.5,32.8,51.0,6.9,0.0
2026-06-20 00:00:00+05:30,5072.4,30.7,52.0,8.2,0.0
2026-06-20 01:00:00+05:30,4783.9,29.4,52.0,7.2,0.0
2026-06-20 02:00:00+05:30,4478.1,28.7,56.0,4.1,0.0
2026-06-20 03:00:00+05:30,4273.3,28.3,57.0,3.0,0.0
2026-06-20 04:00:00+05:30,4158.5,28.6,51.0,1.2,0.0
2026-06-20 05:00:00+05:30,4473.7,29.4,54.0,10.8,0.0
2026-06-20 06:00:00+05:30,4766.5,29.5,54.0,7.2,11.0
2026-06-20 07:00:00+05:30,5170.3,29.8,51.0,4.5,39.5
2026-06-20 08:00:00+05:30,5626.3,30.8,55.0,8.3,80.3
2026-06-20 09:00:00+05:30,5915.4,32.1,53.0,4.4,152.6
2026-06-20 10:00:00+05:30,6392.1,34.0,53.0,7.1,169.1
2026-06-20 11:00:00+05:30,6608.3,34.9,51.0,8.5,198.9
2026-06-20 12:00:00+05:30,6977.6,36.8,46.0,7.7,156.3
2026-06-20 13:00:00+05:30,7165.0,37.7,43.0,7.8,220.0
2026-06-20 14:00:00+05:30,7447.5,38.8,49.0,9.0,195.0
2026-06-20 15:00:00+05:30,7338.2,38.9,40.0,9.7,115.3
2026-06-20 16:00:00+05:30,7368.8,39.6,41.0,13.5,77.9
2026-06-20 17:00:00+05:30,7182.5,39.5,42.0,11.1,36.8
2026-06-20 18:00:00+05:30,6897.0,38.6,46.0,12.3,8.8
2026-06-20 19:00:00+05:30,6791.9,37.9,50.0,11.7,0.0
2026-06-20 20:00:00+05:30,6747.3,36.4,46.0,6.3,0.0
2026-06-20 21:00:00+05:30,6319.2,35.1,49.0,5.3,0.0
2026-06-20 22:00:00+05:30,5810.4,33.4,50.0,8.5,0.0
2026-06-20 23:00:00+05:30,5296.5,32.4,49.0,4.3,0.0
2026-06-21 00:00:00+05:30,5101.3,30.9,57.0,6.1,0.0
2026-06-21 01:00:00+05:30,4640.9,29.5,56.0,5.5,0.0
2026-06-21 02:00:00+05:30,4382.6,28.4,57.0,1.8,0.0
2026-06-21 03:00:00+05:30,4185.3,27.5,59.0,2.4,0.0
2026-06-21 04:00:00+05:30,4041.9,27.2,52.0,8.9,0.0
2026-06-21 05:00:00+05:30,4090.2,26.8,55.0,0.4,0.0
2026-06-21 06:00:00+05:30,4395.3,27.7,59.0,8.2,11.0
2026-06-21 07:00:00+05:30,4828.5,28.9,62.0,8.8,38.4
2026-06-21 08:00:00+05:30,5345.2,30.0,57.0,8.9,103.3
2026-06-21 09:00:00+05:30,5747.3,32.0,52.0,5.2,138.8
2026-06-21 10:00:00+05:30,6106.6,33.8,51.0,8.7,148.8
2026-06-21 11:00:00+05:30,6492.6,35.0,58.0,8.1,166.2
2026-06-21 12:00:00+05:30,6686.0,36.5,46.0,9.4,193.4
2026-06-21 13:00:00+05:30,6918.7,37.5,45.0,13.8,207.3
2026-06-21 14:00:00+05:30,7245.2,38.1,49.0,10.5,160.4
2026-06-21 15:00:00+05:30,7350.9,38.7,44.0,8.6,124.0
2026-06-21 16:00:00+05:30,7337.8,38.9,50.0,14.9,93.0
2026-06-21 17:00:00+05:30,7079.6,38.7,50.0,15.5,49.7
2026-06-21 18:00:00+05:30,6715.7,37.4,53.0,11.3,9.7
2026-06-21 19:00:00+05:30,6507.0,36.3,52.0,7.4,0.0
2026-06-21 20:00:00+05:30,6498.6,35.5,44.0,10.8,0.0
2026-06-21 21:00:00+05:30,6147.6,34.0,51.0,11.9,0.0
2026-06-21 22:00:00+05:30,5468.2,32.0,52.0,9.5,0.0
2026-06-21 23:00:00+05:30,5018.7,30.9,49.0,9.7,0.0
2026-06-22 00:00:00+05:30,5070.3,29.9,53.0,4.9,0.0
2026-06-22 01:00:00+05:30,4753.1,28.8,64.0,1.6,0.0
2026-06-22 02:00:00+05:30,4397.7,27.5,62.0,0.0,0.0
2026-06-22 03:00:00+05:30,4203.1,26.9,62.0,3.4,0.0
2026-06-22 04:00:00+05:30,4214.2,26.8,66.0,3.0,0.0
2026-06-22 05:00:00+05:30,4345.8,26.9,63.0,6.5,0.0
2026-06-22 06:00:00+05:30,4639.7,27.6,62.0,6.7,11.5
2026-06-22 07:00:00+05:30,5012.2,28.2,54.0,8.3,41.5
2026-06-22 08:00:00+05:30,5484.9,29.1,60.0,8.3,86.8
2026-06-22 09:00:00+05:30,5866.1,30.4,56.0,5.8,141.9
2026-06-22 10:00:00+05:30,6091.0,31.3,51.0,7.8,170.9
2026-06-22 11:00:00+05:30,6562.4,33.4,53.0,8.5,186.8
2026-06-22 12:00:00+05:30,6845.7,34.5,56.0,7.5,221.4
2026-06-22 13:00:00+05:30,7219.5,35.9,52.0,11.2,186.7
2026-06-22 14:00:00+05:30,7431.1,36.3,50.0,5.6,195.0
2026-06-22 15:00:00+05:30,7534.6,37.0,48.0,12.3,131.6
2026-06-22 16:00:00+05:30,7522.7,38.1,47.0,8.0,82.2
2026-06-22 17:00:00+05:30,7307.5,38.0,47.0,12.2,30.1
2026-06-22 18:00:00+05:30,7051.7,37.3,50.0,11.9,8.3
2026-06-22 19:00:00+05:30,6851.6,36.4,47.0,12.5,0.0
2026-06-22 20:00:00+05:30,7048.9,36.2,52.0,10.1,0.0
2026-06-22 21:00:00+05:30,6673.5,35.2,52.0,9.6,0.0
2026-06-22 22:00:00+05:30,6026.9,33.4,50.0,12.9,0.0
2026-06-22 23:00:00+05:30,5632.3,31.9,58.0,9.1,0.0
2026-06-23 00:00:00+05:30,5210.2,30.5,58.0,7.6,0.0
2026-06-23 01:00:00+05:30,4764.4,29.2,56.0,4.2,0.0
2026-06-23 02:00:00+05:30,4499.2,28.4,59.0,4.4,0.0
2026-06-23 03:00:00+05:30,4308.8,27.9,59.0,5.2,0.0
2026-06-23 04:00:00+05:30,4213.3,27.4,60.0,7.1,0.0
2026-06-23 05:00:00+05:30,4335.0,27.6,56.0,4.5,0.0
2026-06-23 06:00:00+05:30,4703.4,28.9,52.0,7.7,9.7
2026-06-23 07:00:00+05:30,5067.3,29.2,54.0,2.6,46.8
2026-06-23 08:00:00+05:30,5463.8,30.1,54.0,8.4,91.4
2026-06-23 09:00:00+05:30,5839.3,30.9,62.0,9.0,149.5
2026-06-23 10:00:00+05:30,6283.5,32.1,55.0,9.3,162.0
2026-06-23 11:00:00+05:30,6654.5,33.6,59.0,5.2,203.6
2026-06-23 12:00:00+05:30,6998.8,35.0,54.0,7.6,173.5
2026-06-23 13:00:00+05:30,7309.1,35.9,52.0,10.6,179.4
2026-06-23 14:00:00+05:30,7358.2,36.6,48.0,7.9,181.1
2026-06-23 15:00:00+05:30,7616.6,36.9,56.0,12.5,150.9
2026-06-23 16:00:00+05:30,7729.3,37.4,49.0,9.5,83.9
2026-06-23 17:00:00+05:30,7467.3,37.2,53.0,12.9,31.1
2026-06-23 18:00:00+05:30,7094.3,36.3,50.0,7.9,9.0
2026-06-23 19:00:00+05:30,6943.8,34.6,57.0,10.6,0.0
2026-06-23 20:00:00+05:30,6814.6,33.8,59.0,10.7,0.0
2026-06-23 21:00:00+05:30,6351.5,32.3,55.0,9.2,0.0
2026-06-23 22:00:00+05:30,5904.6,30.8,62.0,8.2,0.0
2026-06-23 23:00:00+05:30,5339.2,29.5,57.0,8.0,0.0
2026-06-24 00:00:00+05:30,4980.6,28.1,62.0,6.1,0.0
2026-06-24 01:00:00+05:30,4489.1,27.0,62.0,2.7,0.0
2026-06-24 02:00:00+05:30,4307.3,26.4,61.0,7.5,0.0
2026-06-24 03:00:00+05:30,4178.0,26.3,61.0,2.8,0.0
2026-06-24 04:00:00+05:30,4236.2,26.9,63.0,3.8,0.0
2026-06-24 05:00:00+05:30,4399.5,27.1,63.0,3.7,0.0
2026-06-24 06:00:00+05:30,4589.1,27.3,62.0,4.4,10.1
2026-06-24 07:00:00+05:30,4981.1,28.7,61.0,7.8,39.8
2026-06-24 08:00:00+05:30,5380.5,29.9,58.0,6.0,95.5
2026-06-24 09:00:00+05:30,5784.1,31.1,58.0,11.3,162.5
2026-06-24 10:00:00+05:30,6256.4,32.2,57.0,10.8,166.0
2026-06-24 11:00:00+05:30,6510.3,33.1,53.0,10.4,196.4
2026-06-24 12:00:00+05:30,6739.1,34.3,58.0,8.1,223.3
2026-06-24 13:00:00+05:30,6951.4,35.7,53.0,9.9,206.3
2026-06-24 14:00:00+05:30,7265.2,36.5,54.0,8.7,171.2
2026-06-24 15:00:00+05:30,7617.4,37.7,48.0,13.2,117.4
2026-06-24 16:00:00+05:30,7613.0,38.3,46.0,13.4,93.1
2026-06-24 17:00:00+05:30,7402.4,38.3,50.0,13.3,47.0
2026-06-24 18:00:00+05:30,7069.7,37.8,52.0,10.9,9.8
2026-06-24 19:00:00+05:30,7015.1,37.5,53.0,10.5,0.0
2026-06-24 20:00:00+05:30,6993.9,36.1,54.0,10.6,0.0
2026-06-24 21:00:00+05:30,6578.8,34.7,57.0,9.1,0.0
2026-06-24 22:00:00+05:30,6048.5,33.7,54.0,5.4,0.0
2026-06-24 23:00:00+05:30,5543.2,31.8,59.0,8.1,0.0
2026-06-25 00:00:00+05:30,5149.8,30.6,51.0,7.6,0.0
2026-06-25 01:00:00+05:30,4964.3,30.1,57.0,4.7,0.0
2026-06-25 02:00:00+05:30,4763.9,29.4,60.0,4.7,0.0
2026-06-25 03:00:00+05:30,4502.3,28.6,56.0,5.3,0.0
2026-06-25 04:00:00+05:30,4300.2,28.0,58.0,6.1,0.0
2026-06-25 05:00:00+05:30,4446.4,28.2,62.0,7.6,0.0
2026-06-25 06:00:00+05:30,4775.0,29.4,62.0,4.2,11.3
2026-06-25 07:00:00+05:30,5191.7,29.8,60.0,5.7,51.6
2026-06-25 08:00:00+05:30,5687.3,30.6,55.0,10.6,88.4
2026-06-25 09:00:00+05:30,6192.6,31.9,60.0,3.7,151.0
2026-06-25 10:00:00+05:30,6620.8,33.7,52.0,5.4,160.0
2026-06-25 11:00:00+05:30,7026.8,34.8,53.0,7.0,217.1
2026-06-25 12:00:00+05:30,7301.5,36.2,50.0,9.6,189.4
2026-06-25 13:00:00+05:30,7713.2,37.8,51.0,11.0,205.6
2026-06-25 14:00:00+05:30,7951.6,38.2,48.0,11.4,177.6
2026-06-25 15:00:00+05:30,8181.5,39.1,51.0,10.3,129.9
2026-06-25 16:00:00+05:30,8136.9,39.6,46.0,12.3,87.2
2026-06-25 17:00:00+05:30,7836.9,39.3,47.0,7.5,50.0
2026-06-25 18:00:00+05:30,7602.3,38.6,53.0,10.9,10.0
2026-06-25 19:00:00+05:30,7475.3,37.9,51.0,9.3,0.0
2026-06-25 20:00:00+05:30,7390.6,37.0,50.0,11.3,0.0
2026-06-25 21:00:00+05:30,6862.0,35.1,54.0,8.1,0.0
2026-06-25 22:00:00+05:30,6285.9,33.4,59.0,5.8,0.0
2026-06-25 23:00:00+05:30,5637.4,31.5,62.0,9.3,0.0
2026-06-26 00:00:00+05:30,4898.6,30.7,60.0,1.6,0.0
2026-06-26 01:00:00+05:30,4558.9,29.0,63.0,7.0,0.0
2026-06-26 02:00:00+05:30,4423.5,28.6,61.0,2.7,0.0
2026-06-26 03:00:00+05:30,4240.2,28.5,60.0,4.7,0.0
2026-06-26 04:00:00+05:30,4180.9,28.5,56.0,5.5,0.0
2026-06-26 05:00:00+05:30,4293.6,28.8,61.0,2.8,0.0
2026-06-26 06:00:00+05:30,4415.7,28.6,61.0,3.2,9.5
2026-06-26 07:00:00+05:30,4708.6,29.7,62.0,1.6,53.1
2026-06-26 08:00:00+05:30,5110.6,30.5,61.0,7.9,85.5
2026-06-26 09:00:00+05:30,5497.4,31.8,57.0,8.4,151.1
2026-06-26 10:00:00+05:30,5894.1,32.7,57.0,4.7,172.7
2026-06-26 11:00:00+05:30,6114.2,34.4,54.0,11.1,193.4
2026-06-26 12:00:00+05:30,6372.5,35.9,53.0,11.3,188.4
2026-06-26 13:00:00+05:30,6827.0,37.0,58.0,12.1,187.6
2026-06-26 14:00:00+05:30,7177.0,38.0,55.0,8.5,185.2
2026-06-26 15:00:00+05:30,7333.9,38.8,52.0,13.2,125.4
2026-06-26 16:00:00+05:30,7200.9,39.3,51.0,10.9,84.4
2026-06-26 17:00:00+05:30,6897.3,38.3,51.0,12.6,42.8
2026-06-26 18:00:00+05:30,6571.2,38.0,50.0,9.7,9.7
2026-06-26 19:00:00+05:30,6570.9,37.5,52.0,8.9,0.0
2026-06-26 20:00:00+05:30,6522.1,36.4,53.0,9.3,0.0
2026-06-26 21:00:00+05:30,6088.8,35.0,58.0,12.5,0.0
2026-06-26 22:00:00+05:30,5554.7,33.7,53.0,1.6,0.0
2026-06-26 23:00:00+05:30,5054.0,32.3,52.0,9.5,0.0
2026-06-27 00:00:00+05:30,5014.8,31.2,63.0,6.2,0.0
2026-06-27 01:00:00+05:30,4601.6,30.3,60.0,6.2,0.0
2026-06-27 02:00:00+05:30,4350.4,29.2,64.0,1.9,0.0
2026-06-27 03:00:00+05:30,4051.1,28.1,59.0,2.8,0.0
2026-06-27 04:00:00+05:30,3999.8,27.2,69.0,8.6,0.0
2026-06-27 05:00:00+05:30,4101.5,27.3,63.0,4.9,0.0
2026-06-27 06:00:00+05:30,4392.4,27.8,59.0,2.7,11.8
2026-06-27 07:00:00+05:30,4764.5,28.2,60.0,5.1,36.6
2026-06-27 08:00:00+05:30,5096.1,29.0,61.0,1.1,97.4
2026-06-27 09:00:00+05:30,5605.1,30.3,64.0,12.1,124.8
2026-06-27 10:00:00+05:30,5938.7,31.5,62.0,11.5,176.4
2026-06-27 11:00:00+05:30,6141.0,33.1,59.0,10.3,208.4
2026-06-27 12:00:00+05:30,6378.8,34.4,58.0,8.9,205.9
2026-06-27 13:00:00+05:30,6542.4,34.7,56.0,12.0,142.2
2026-06-27 14:00:00+05:30,6816.8,35.5,58.0,11.6,161.5
2026-06-27 15:00:00+05:30,7120.1,36.8,58.0,9.9,105.5
2026-06-27 16:00:00+05:30,7070.9,36.4,57.0,12.2,83.9
2026-06-27 17:00:00+05:30,6758.4,36.5,55.0,12.7,40.1
2026-06-27 18:00:00+05:30,6416.6,36.0,60.0,13.0,9.9
2026-06-27 19:00:00+05:30,6265.2,34.9,56.0,11.0,0.0
2026-06-27 20:00:00+05:30,6382.6,34.3,62.0,8.9,0.0
2026-06-27 21:00:00+05:30,5860.9,32.6,58.0,10.1,0.0
2026-06-27 22:00:00+05:30,5166.6,31.2,56.0,6.8,0.0
2026-06-27 23:00:00+05:30,4702.1,29.6,62.0,5.1,0.0
2026-06-28 00:00:00+05:30,4380.5,28.4,63.0,8.0,0.0
2026-06-28 01:00:00+05:30,4083.0,27.6,60.0,6.8,0.0
2026-06-28 02:00:00+05:30,3921.5,27.5,62.0,0.8,0.0
2026-06-28 03:00:00+05:30,3739.0,26.4,65.0,0.9,0.0
2026-06-28 04:00:00+05:30,3674.2,26.3,68.0,6.3,0.0
2026-06-28 05:00:00+05:30,3749.1,26.4,64.0,5.0,0.0
2026-06-28 06:00:00+05:30,3932.1,26.8,65.0,4.4,12.0
2026-06-28 07:00:00+05:30,4347.2,27.1,67.0,4.9,55.0
2026-06-28 08:00:00+05:30,4590.3,27.9,65.0,8.1,104.7
2026-06-28 09:00:00+05:30,5083.8,29.0,65.0,5.7,113.9
2026-06-28 10:00:00+05:30,5482.7,30.5,64.0,12.0,152.9
2026-06-28 11:00:00+05:30,5596.7,31.3,57.0,6.2,191.2
2026-06-28 12:00:00+05:30,6008.2,32.9,58.0,11.1,179.8
2026-06-28 13:00:00+05:30,6301.1,34.3,64.0,10.8,171.6
2026-06-28 14:00:00+05:30,6530.9,35.0,57.0,15.4,168.2
2026-06-28 15:00:00+05:30,6748.8,35.6,57.0,8.4,127.7
2026-06-28 16:00:00+05:30,6934.1,36.5,57.0,7.4,91.4
2026-06-28 17:00:00+05:30,6759.6,37.4,57.0,13.0,44.6
2026-06-28 18:00:00+05:30,6472.3,36.4,55.0,12.2,10.0
2026-06-28 19:00:00+05:30,6426.3,35.5,56.0,13.1,0.0
2026-06-28 20:00:00+05:30,6298.6,33.8,61.0,11.0,0.0
2026-06-28 21:00:00+05:30,5954.4,32.6,61.0,9.6,0.0
2026-06-28 22:00:00+05:30,5369.9,31.4,63.0,6.1,0.0
2026-06-28 23:00:00+05:30,5058.6,30.6,65.0,4.2,0.0
2026-06-29 00:00:00+05:30,5004.5,29.4,61.0,7.4,0.0
2026-06-29 01:00:00+05:30,4740.1,28.5,63.0,6.3,0.0
2026-06-29 02:00:00+05:30,4426.9,27.2,63.0,8.2,0.0
2026-06-29 03:00:00+05:30,4190.6,26.6,68.0,5.3,0.0
2026-06-29 04:00:00+05:30,4057.8,26.5,69.0,0.0,0.0
2026-06-29 05:00:00+05:30,4136.8,26.8,65.0,5.8,0.0
2026-06-29 06:00:00+05:30,4368.5,27.4,65.0,4.4,10.6
2026-06-29 07:00:00+05:30,4784.9,28.3,62.0,2.5,36.3
2026-06-29 08:00:00+05:30,5216.0,29.5,59.0,1.7,97.3
2026-06-29 09:00:00+05:30,5620.5,30.2,66.0,4.0,128.9
2026-06-29 10:00:00+05:30,6064.7,31.6,60.0,8.9,158.3
2026-06-29 11:00:00+05:30,6432.7,33.0,59.0,13.4,156.4
2026-06-29 12:00:00+05:30,6740.5,34.4,60.0,11.5,207.7
2026-06-29 13:00:00+05:30,6976.2,35.4,52.0,11.4,191.4
2026-06-29 14:00:00+05:30,7460.3,36.6,58.0,11.6,158.2
2026-06-29 15:00:00+05:30,7698.1,37.7,55.0,10.0,155.0
2026-06-29 16:00:00+05:30,7787.7,38.0,53.0,11.3,66.2
2026-06-29 17:00:00+05:30,7579.7,37.4,59.0,9.7,50.0
2026-06-29 18:00:00+05:30,7156.4,36.6,63.0,11.9,7.9
2026-06-29 19:00:00+05:30,6837.3,35.4,55.0,9.9,0.0
2026-06-29 20:00:00+05:30,6984.8,34.4,60.0,5.4,0.0
2026-06-29 21:00:00+05:30,6593.1,32.9,60.0,8.3,0.0
2026-06-29 22:00:00+05:30,6002.0,31.3,63.0,9.0,0.0
2026-06-29 23:00:00+05:30,5535.7,30.5,66.0,0.5,0.0
2026-06-30 00:00:00+05:30,5111.9,28.9,66.0,9.5,0.0
2026-06-30 01:00:00+05:30,4847.4,28.2,64.0,4.4,0.0
2026-06-30 02:00:00+05:30,4615.8,27.9,61.0,9.0,0.0
2026-06-30 03:00:00+05:30,4552.7,28.3,69.0,7.6,0.0
2026-06-30 04:00:00+05:30,4425.7,28.3,60.0,3.5,0.0
2026-06-30 05:00:00+05:30,4731.3,29.0,64.0,4.3,0.0
2026-06-30 06:00:00+05:30,4867.0,29.1,62.0,6.8,10.6
2026-06-30 07:00:00+05:30,5375.3,29.8,66.0,5.4,43.2
2026-06-30 08:00:00+05:30,5724.6,30.6,68.0,10.0,103.3
2026-06-30 09:00:00+05:30,6264.8,32.2,56.0,8.0,145.7
2026-06-30 10:00:00+05:30,6758.9,33.6,57.0,3.6,122.0
2026-06-30 11:00:00+05:30,7061.1,35.3,59.0,4.7,181.4
2026-06-30 12:00:00+05:30,7426.0,36.5,53.0,13.6,211.0
2026-06-30 13:00:00+05:30,7789.1,38.0,52.0,7.0,167.1
2026-06-30 14:00:00+05:30,8064.2,38.9,54.0,10.0,156.1
2026-06-30 15:00:00+05:30,8220.7,39.1,56.0,7.5,114.7
2026-06-30 16:00:00+05:30,7862.5,38.7,51.0,14.3,86.8
2026-06-30 17:00:00+05:30,7648.9,38.3,59.0,12.6,46.3
2026-06-30 18:00:00+05:30,7438.8,37.5,60.0,13.7,8.0
2026-06-30 19:00:00+05:30,7109.3,36.1,54.0,11.0,0.0
2026-06-30 20:00:00+05:30,7092.4,35.1,55.0,7.0,0.0
2026-06-30 21:00:00+05:30,6585.5,33.3,62.0,5.7,0.0
2026-06-30 22:00:00+05:30,6043.8,32.1,58.0,9.4,0.0
2026-06-30 23:00:00+05:30,5795.6,31.2,59.0,4.8,0.0
2026-07-01 00:00:00+05:30,5525.4,30.4,68.0,8.0,0.0
2026-07-01 01:00:00+05:30,5145.2,29.5,65.0,6.2,0.0
2026-07-01 02:00:00+05:30,4934.5,28.9,63.0,0.0,0.0
2026-07-01 03:00:00+05:30,4796.4,28.6,67.0,5.2,0.0
2026-07-01 04:00:00+05:30,4475.8,27.5,64.0,1.7,0.0
2026-07-01 05:00:00+05:30,4618.0,28.0,67.0,7.6,0.0
2026-07-01 06:00:00+05:30,4843.8,28.1,62.0,1.6,9.6
2026-07-01 07:00:00+05:30,5402.1,29.8,60.0,4.6,44.4
2026-07-01 08:00:00+05:30,5883.5,31.2,64.0,7.8,85.2
2026-07-01 09:00:00+05:30,6366.5,32.2,67.0,8.0,123.9
2026-07-01 10:00:00+05:30,6769.5,33.7,58.0,10.6,170.9
2026-07-01 11:00:00+05:30,7079.7,34.7,61.0,8.4,220.0
2026-07-01 12:00:00+05:30,7322.8,35.5,61.0,9.3,159.3
2026-07-01 13:00:00+05:30,7245.3,35.8,58.0,13.2,220.0
2026-07-01 14:00:00+05:30,7576.4,36.7,58.0,11.7,178.2
2026-07-01 15:00:00+05:30,7557.2,36.5,60.0,6.0,132.6
2026-07-01 16:00:00+05:30,7499.7,36.4,64.0,17.2,103.4
2026-07-01 17:00:00+05:30,7135.8,36.1,62.0,7.5,34.5
2026-07-01 18:00:00+05:30,6812.6,36.1,55.0,12.9,7.8
2026-07-01 19:00:00+05:30,6877.9,35.8,63.0,7.8,0.0
2026-07-01 20:00:00+05:30,6883.6,34.9,60.0,15.3,0.0
2026-07-01 21:00:00+05:30,6452.9,33.6,59.0,9.7,0.0
2026-07-01 22:00:00+05:30,6025.8,32.5,66.0,9.0,0.0
2026-07-01 23:00:00+05:30,5486.8,31.2,65.0,4.6,0.0
2026-07-02 00:00:00+05:30,5025.7,30.0,62.0,7.7,0.0
2026-07-02 01:00:00+05:30,4578.2,28.9,66.0,1.3,0.0
2026-07-02 02:00:00+05:30,4402.1,28.3,64.0,2.1,0.0
2026-07-02 03:00:00+05:30,4235.2,27.5,62.0,4.9,0.0
2026-07-02 04:00:00+05:30,4214.7,27.7,67.0,3.7,0.0
2026-07-02 05:00:00+05:30,4328.9,28.3,69.0,0.0,0.0
2026-07-02 06:00:00+05:30,4576.0,28.7,65.0,6.2,10.9
2026-07-02 07:00:00+05:30,4974.8,29.9,62.0,7.3,55.0
2026-07-02 08:00:00+05:30,5560.2,30.6,67.0,9.1,99.2
2026-07-02 09:00:00+05:30,6038.4,32.0,64.0,7.6,143.1
2026-07-02 10:00:00+05:30,6300.6,33.4,58.0,15.3,167.5
2026-07-02 11:00:00+05:30,6747.2,35.1,57.0,7.0,200.8
2026-07-02 12:00:00+05:30,7113.1,36.6,58.0,9.6,213.7
2026-07-02 13:00:00+05:30,7442.6,37.9,58.0,12.6,190.0
2026-07-02 14:00:00+05:30,7822.2,38.7,56.0,13.8,140.8
2026-07-02 15:00:00+05:30,7938.8,38.8,55.0,5.1,140.1
2026-07-02 16:00:00+05:30,7899.0,38.9,54.0,12.2,90.4
2026-07-02 17:00:00+05:30,7608.9,38.1,57.0,11.0,36.6
2026-07-02 18:00:00+05:30,7467.5,38.1,56.0,7.0,8.8
2026-07-02 19:00:00+05:30,7279.5,37.2,52.0,10.9,0.0
2026-07-02 20:00:00+05:30,7390.0,36.1,57.0,9.7,0.0
2026-07-02 21:00:00+05:30,6964.9,34.7,59.0,9.4,0.0
2026-07-02 22:00:00+05:30,6347.4,33.6,58.0,10.3,0.0
2026-07-02 23:00:00+05:30,5966.5,32.5,63.0,5.1,0.0
2026-07-03 00:00:00+05:30,5570.2,31.9,62.0,6.5,0.0
2026-07-03 01:00:00+05:30,5112.3,30.5,61.0,5.6,0.0
2026-07-03 02:00:00+05:30,4759.3,29.6,63.0,2.7,0.0
2026-07-03 03:00:00+05:30,4540.1,29.0,64.0,6.6,0.0
2026-07-03 04:00:00+05:30,4450.5,29.0,65.0,2.3,0.0
2026-07-03 05:00:00+05:30,4781.6,29.8,73.0,7.8,0.0
2026-07-03 06:00:00+05:30,5088.8,30.6,68.0,3.7,9.3
2026-07-03 07:00:00+05:30,5463.5,31.5,63.0,6.5,43.6
2026-07-03 08:00:00+05:30,5995.3,32.0,66.0,4.5,107.5
2026-07-03 09:00:00+05:30,6443.1,33.1,62.0,9.2,142.3
2026-07-03 10:00:00+05:30,6909.7,34.9,58.0,5.5,176.1
2026-07-03 11:00:00+05:30,7154.3,36.3,55.0,13.8,211.0
2026-07-03 12:00:00+05:30,7548.8,37.3,59.0,12.2,216.5
2026-07-03 13:00:00+05:30,7779.8,38.8,51.0,9.7,220.0
2026-07-03 14:00:00+05:30,8059.4,39.1,53.0,10.0,193.9
2026-07-03 15:00:00+05:30,8301.0,39.3,59.0,9.0,134.3
2026-07-03 16:00:00+05:30,8469.7,39.7,63.0,16.6,96.1
2026-07-03 17:00:00+05:30,8070.3,39.9,56.0,11.0,44.7
2026-07-03 18:00:00+05:30,7722.7,40.2,50.0,5.7,9.7
2026-07-03 19:00:00+05:30,7801.1,39.6,55.0,7.9,0.0
2026-07-03 20:00:00+05:30,7708.6,38.2,57.0,13.0,0.0
2026-07-03 21:00:00+05:30,7292.5,37.0,55.0,11.4,0.0
2026-07-03 22:00:00+05:30,6638.0,35.3,57.0,9.9,0.0
2026-07-03 23:00:00+05:30,6130.7,34.0,62.0,0.4,0.0
2026-07-04 00:00:00+05:30,5506.5,33.2,60.0,6.9,0.0
2026-07-04 01:00:00+05:30,5150.2,32.5,64.0,7.8,0.0
2026-07-04 02:00:00+05:30,4854.0,31.5,63.0,3.3,0.0
2026-07-04 03:00:00+05:30,4848.2,31.0,68.0,4.6,0.0
2026-07-04 04:00:00+05:30,4633.5,30.3,61.0,2.9,0.0
2026-07-04 05:00:00+05:30,5003.3,30.5,73.0,3.5,0.0
2026-07-04 06:00:00+05:30,5041.1,30.6,68.0,4.3,9.4
2026-07-04 07:00:00+05:30,5449.5,31.6,64.0,5.5,52.7
2026-07-04 08:00:00+05:30,5725.2,32.6,60.0,6.1,109.0
2026-07-04 09:00:00+05:30,6133.3,33.0,63.0,7.5,146.4
2026-07-04 10:00:00+05:30,6457.6,33.8,64.0,10.5,178.4
2026-07-04 11:00:00+05:30,6855.4,35.9,56.0,8.6,198.1
2026-07-04 12:00:00+05:30,7152.4,36.9,60.0,10.7,171.2
2026-07-04 13:00:00+05:30,7449.7,37.8,61.0,10.6,182.7
2026-07-04 14:00:00+05:30,7776.0,39.0,60.0,11.7,189.6
2026-07-04 15:00:00+05:30,7917.1,39.6,56.0,13.3,121.5
2026-07-04 16:00:00+05:30,7941.0,40.0,52.0,18.3,78.5
2026-07-04 17:00:00+05:30,7795.8,40.0,56.0,11.4,40.6
2026-07-04 18:00:00+05:30,7442.9,39.5,55.0,14.6,8.5
2026-07-04 19:00:00+05:30,7389.4,38.8,56.0,15.5,0.0
2026-07-04 20:00:00+05:30,7295.6,37.3,55.0,12.7,0.0
2026-07-04 21:00:00+05:30,6954.3,35.9,64.0,9.9,0.0
2026-07-04 22:00:00+05:30,6371.8,34.6,61.0,5.6,0.0
2026-07-04 23:00:00+05:30,5972.8,33.1,65.0,11.4,0.0
2026-07-05 00:00:00+05:30,5525.7,31.9,65.0,8.3,0.0
2026-07-05 01:00:00+05:30,5165.6,31.3,60.0,4.3,0.0
2026-07-05 02:00:00+05:30,4779.4,29.9,64.0,7.1,0.0
2026-07-05 03:00:00+05:30,4662.8,29.6,68.0,1.9,0.0
2026-07-05 04:00:00+05:30,4535.5,29.5,68.0,0.0,0.0
2026-07-05 05:00:00+05:30,4599.3,29.9,68.0,1.6,0.0
2026-07-05 06:00:00+05:30,4916.4,30.4,69.0,1.3,10.5
2026-07-05 07:00:00+05:30,5297.0,31.2,66.0,6.9,44.1
2026-07-05 08:00:00+05:30,5829.8,32.1,68.0,4.2,79.3
2026-07-05 09:00:00+05:30,6305.2,33.5,60.0,5.7,147.9
2026-07-05 10:00:00+05:30,6797.2,35.1,64.0,7.6,177.0
2026-07-05 11:00:00+05:30,7078.2,36.6,63.0,7.0,198.9
2026-07-05 12:00:00+05:30,7483.4,37.7,64.0,8.6,205.6
2026-07-05 13:00:00+05:30,7694.4,39.0,57.0,12.8,220.0
2026-07-05 14:00:00+05:30,7825.6,39.5,56.0,14.2,173.4
2026-07-05 15:00:00+05:30,8020.6,39.8,61.0,12.7,119.6
2026-07-05 16:00:00+05:30,7926.1,39.4,61.0,14.2,87.6
2026-07-05 17:00:00+05:30,7530.5,39.0,64.0,13.8,36.1
2026-07-05 18:00:00+05:30,7150.6,38.5,57.0,12.3,7.4
2026-07-05 19:00:00+05:30,7196.5,38.0,59.0,8.9,0.0
2026-07-05 20:00:00+05:30,7178.0,36.8,61.0,12.1,0.0
2026-07-05 21:00:00+05:30,6771.2,36.6,59.0,9.6,0.0
2026-07-05 22:00:00+05:30,6275.7,35.5,59.0,13.0,0.0
2026-07-05 23:00:00+05:30,5822.6,33.5,62.0,6.2,0.0
2026-07-06 00:00:00+05:30,5841.5,32.7,61.0,9.6,0.0
2026-07-06 01:00:00+05:30,5502.2,31.4,65.0,1.5,0.0
2026-07-06 02:00:00+05:30,5287.6,30.7,60.0,1.6,0.0
2026-07-06 03:00:00+05:30,5148.9,30.2,64.0,0.6,0.0
2026-07-06 04:00:00+05:30,5045.6,30.4,68.0,3.4,0.0
2026-07-06 05:00:00+05:30,5131.9,30.4,64.0,1.0,0.0
2026-07-06 06:00:00+05:30,5356.4,30.1,68.0,0.0,10.8
2026-07-06 07:00:00+05:30,5863.8,31.2,65.0,7.4,50.4
2026-07-06 08:00:00+05:30,6404.4,32.5,67.0,6.1,105.2
2026-07-06 09:00:00+05:30,6778.7,33.4,68.0,7.3,155.9
2026-07-06 10:00:00+05:30,7067.0,34.6,58.0,6.4,156.3
2026-07-06 11:00:00+05:30,7288.7,35.3,62.0,11.0,182.0
2026-07-06 12:00:00+05:30,7647.2,37.2,61.0,6.7,201.0
2026-07-06 13:00:00+05:30,7850.4,37.9,55.0,12.5,153.1
2026-07-06 14:00:00+05:30,8164.0,38.4,58.0,12.3,163.6
2026-07-06 15:00:00+05:30,8398.6,38.9,62.0,12.6,141.2
2026-07-06 16:00:00+05:30,8405.3,39.2,62.0,16.0,105.0
2026-07-06 17:00:00+05:30,7881.9,38.4,59.0,13.6,42.3
2026-07-06 18:00:00+05:30,7545.4,37.6,63.0,10.2,8.8
2026-07-06 19:00:00+05:30,7441.1,37.4,58.0,11.0,0.0
2026-07-06 20:00:00+05:30,7368.2,36.3,54.0,9.0,0.0
2026-07-06 21:00:00+05:30,7070.5,35.4,65.0,7.5,0.0
2026-07-06 22:00:00+05:30,6383.9,34.1,63.0,7.4,0.0
2026-07-06 23:00:00+05:30,5935.8,32.7,67.0,4.1,0.0
2026-07-07 00:00:00+05:30,5638.2,32.0,67.0,1.6,0.0
2026-07-07 01:00:00+05:30,5192.1,31.0,66.0,1.2,0.0
2026-07-07 02:00:00+05:30,5028.7,30.1,75.0,4.7,0.0
2026-07-07 03:00:00+05:30,4708.3,29.1,66.0,3.1,0.0
2026-07-07 04:00:00+05:30,4759.1,29.5,69.0,4.5,0.0
2026-07-07 05:00:00+05:30,4894.1,29.8,68.0,2.9,0.0
2026-07-07 06:00:00+05:30,5214.4,30.6,69.0,8.0,7.9
2026-07-07 07:00:00+05:30,5687.4,31.4,66.0,3.0,47.7
2026-07-07 08:00:00+05:30,6262.9,32.6,70.0,8.3,82.4
2026-07-07 09:00:00+05:30,6496.7,34.0,56.0,3.2,139.3
2026-07-07 10:00:00+05:30,6834.8,35.1,54.0,6.6,179.2
2026-07-07 11:00:00+05:30,7349.0,36.3,62.0,11.5,180.8
2026-07-07 12:00:00+05:30,7702.4,37.1,69.0,11.7,194.7
2026-07-07 13:00:00+05:30,7881.2,38.2,57.0,10.8,191.3
2026-07-07 14:00:00+05:30,8009.4,38.7,53.0,9.6,172.6
2026-07-07 15:00:00+05:30,8236.4,39.1,63.0,8.9,121.1
2026-07-07 16:00:00+05:30,8095.1,38.8,63.0,11.3,81.9
2026-07-07 17:00:00+05:30,7831.5,38.7,61.0,12.4,46.3
2026-07-07 18:00:00+05:30,7582.1,38.5,54.0,14.4,10.0
2026-07-07 19:00:00+05:30,7685.4,37.8,62.0,9.7,0.0
2026-07-07 20:00:00+05:30,7654.4,37.2,59.0,13.9,0.0
2026-07-07 21:00:00+05:30,7335.5,36.0,59.0,7.5,0.0
2026-07-07 22:00:00+05:30,6603.5,34.6,64.0,9.1,0.0
2026-07-07 23:00:00+05:30,5958.3,33.1,64.0,8.7,0.0
2026-07-08 00:00:00+05:30,5578.1,32.1,64.0,2.6,0.0
2026-07-08 01:00:00+05:30,5290.3,30.8,66.0,2.4,0.0
2026-07-08 02:00:00+05:30,5140.8,30.5,65.0,9.1,0.0
2026-07-08 03:00:00+05:30,4970.5,30.1,65.0,8.1,0.0
2026-07-08 04:00:00+05:30,4824.7,29.5,66.0,3.0,0.0
2026-07-08 05:00:00+05:30,5007.7,30.0,73.0,7.9,0.0
2026-07-08 06:00:00+05:30,5175.5,29.9,64.0,5.7,11.1
2026-07-08 07:00:00+05:30,5628.7,30.4,67.0,4.5,43.9
2026-07-08 08:00:00+05:30,6041.4,30.7,69.0,1.7,105.6
2026-07-08 09:00:00+05:30,6409.8,31.6,60.0,4.2,118.0
2026-07-08 10:00:00+05:30,6764.2,32.2,68.0,4.9,176.4
2026-07-08 11:00:00+05:30,7051.3,33.7,60.0,12.9,191.5
2026-07-08 12:00:00+05:30,7622.7,35.0,70.0,11.3,91.9
2026-07-08 13:00:00+05:30,7789.0,36.1,63.0,14.6,196.7
2026-07-08 14:00:00+05:30,7939.0,36.8,62.0,7.1,169.0
2026-07-08 15:00:00+05:30,8072.9,37.5,61.0,15.1,147.4
2026-07-08 16:00:00+05:30,8028.0,37.7,63.0,13.9,92.7
2026-07-08 17:00:00+05:30,7610.5,37.1,61.0,12.7,44.9
2026-07-08 18:00:00+05:30,7282.2,36.2,67.0,10.1,8.8
2026-07-08 19:00:00+05:30,7170.2,35.3,60.0,6.8,0.0
2026-07-08 20:00:00+05:30,7215.6,34.2,63.0,11.6,0.0
2026-07-08 21:00:00+05:30,6924.7,33.6,65.0,9.3,0.0
2026-07-08 22:00:00+05:30,6345.8,32.6,60.0,4.1,0.0
2026-07-08 23:00:00+05:30,5826.9,31.2,68.0,7.0,0.0
2026-07-09 00:00:00+05:30,5550.9,30.2,73.0,1.8,0.0
2026-07-09 01:00:00+05:30,5069.1,29.8,70.0,4.4,0.0
2026-07-09 02:00:00+05:30,4963.8,29.8,71.0,10.6,0.0
2026-07-09 03:00:00+05:30,4630.3,29.0,70.0,0.3,0.0
2026-07-09 04:00:00+05:30,4476.2,28.1,74.0,5.7,0.0
2026-07-09 05:00:00+05:30,4588.4,28.1,78.0,8.1,0.0
2026-07-09 06:00:00+05:30,4822.7,28.8,71.0,6.2,4.8
2026-07-09 07:00:00+05:30,5206.5,28.8,72.0,2.1,18.5
2026-07-09 08:00:00+05:30,5755.1,29.8,70.0,7.1,32.9
2026-07-09 09:00:00+05:30,6221.0,31.1,66.0,10.8,140.3
2026-07-09 10:00:00+05:30,6569.9,32.4,66.0,7.6,146.6
2026-07-09 11:00:00+05:30,6935.1,33.0,71.0,8.0,22.0
2026-07-09 12:00:00+05:30,7042.2,34.1,68.0,8.1,185.1
2026-07-09 13:00:00+05:30,7032.1,34.3,58.0,13.8,189.9
2026-07-09 14:00:00+05:30,7502.8,35.2,71.0,13.7,81.5
2026-07-09 15:00:00+05:30,7545.7,35.6,62.0,11.6,117.1
2026-07-09 16:00:00+05:30,7573.3,35.4,68.0,10.3,97.9
2026-07-09 17:00:00+05:30,7345.4,35.2,71.0,14.9,16.0
2026-07-09 18:00:00+05:30,7029.0,35.0,67.0,8.3,6.5
2026-07-09 19:00:00+05:30,6805.6,34.4,62.0,10.8,0.0
2026-07-09 20:00:00+05:30,6887.1,34.0,66.0,9.7,0.0
2026-07-09 21:00:00+05:30,6407.4,32.6,67.0,10.0,0.0
2026-07-09 22:00:00+05:30,5925.7,31.4,72.0,6.3,0.0
2026-07-09 23:00:00+05:30,5507.4,30.9,69.0,6.3,0.0
2026-07-10 00:00:00+05:30,5234.4,30.3,76.0,2.4,0.0
2026-07-10 01:00:00+05:30,4731.1,29.0,75.0,8.8,0.0
2026-07-10 02:00:00+05:30,4448.7,28.3,70.0,6.6,0.0
2026-07-10 03:00:00+05:30,4284.4,27.8,69.0,0.4,0.0
2026-07-10 04:00:00+05:30,4223.7,27.9,69.0,3.6,0.0
2026-07-10 05:00:00+05:30,4544.2,28.6,83.0,5.5,0.0
2026-07-10 06:00:00+05:30,4890.5,29.5,70.0,5.5,5.2
2026-07-10 07:00:00+05:30,5167.9,29.5,74.0,5.8,11.1
2026-07-10 08:00:00+05:30,5637.5,30.2,71.0,4.2,35.4
2026-07-10 09:00:00+05:30,6041.6,31.6,72.0,5.4,47.5
2026-07-10 10:00:00+05:30,6339.8,32.7,69.0,3.9,194.7
2026-07-10 11:00:00+05:30,6539.4,33.2,68.0,10.0,211.6
2026-07-10 12:00:00+05:30,6847.9,34.2,69.0,11.5,204.2
2026-07-10 13:00:00+05:30,7284.9,35.4,67.0,8.9,211.8
2026-07-10 14:00:00+05:30,7542.8,36.3,65.0,11.0,156.7
2026-07-10 15:00:00+05:30,7807.6,36.8,66.0,12.8,142.5
2026-07-10 16:00:00+05:30,7762.0,36.8,64.0,11.5,88.9
2026-07-10 17:00:00+05:30,7446.3,36.6,65.0,11.5,47.1
2026-07-10 18:00:00+05:30,7144.6,36.7,66.0,11.8,8.3
2026-07-10 19:00:00+05:30,7127.5,36.0,70.0,12.0,0.0
2026-07-10 20:00:00+05:30,7044.1,35.1,67.0,17.4,0.0
2026-07-10 21:00:00+05:30,6673.5,34.6,66.0,6.5,0.0
2026-07-10 22:00:00+05:30,6177.6,33.7,68.0,8.4,0.0
2026-07-10 23:00:00+05:30,5809.3,32.7,66.0,6.9,0.0
2026-07-11 00:00:00+05:30,5116.5,31.8,68.0,4.8,0.0
2026-07-11 01:00:00+05:30,4800.0,30.2,71.0,4.0,0.0
2026-07-11 02:00:00+05:30,4536.4,29.8,68.0,1.9,0.0
2026-07-11 03:00:00+05:30,4416.6,30.2,70.0,2.9,0.0
2026-07-11 04:00:00+05:30,4260.3,29.1,67.0,5.7,0.0
2026-07-11 05:00:00+05:30,4415.2,30.1,71.0,5.3,0.0
2026-07-11 06:00:00+05:30,4674.6,30.8,67.0,3.0,7.8
2026-07-11 07:00:00+05:30,5259.2,31.5,75.0,3.4,17.6
2026-07-11 08:00:00+05:30,5703.9,32.1,70.0,12.1,92.1
2026-07-11 09:00:00+05:30,6148.2,33.2,71.0,4.5,51.8
2026-07-11 10:00:00+05:30,6540.1,34.8,70.0,5.3,86.2
2026-07-11 11:00:00+05:30,6822.8,36.1,67.0,7.2,166.8
2026-07-11 12:00:00+05:30,7081.8,37.0,63.0,12.4,203.2
2026-07-11 13:00:00+05:30,7477.6,38.1,69.0,3.6,165.3
2026-07-11 14:00:00+05:30,7660.7,38.8,65.0,14.1,178.8
2026-07-11 15:00:00+05:30,7727.7,39.0,62.0,13.0,148.5
2026-07-11 16:00:00+05:30,7755.8,39.0,59.0,11.8,105.0
2026-07-11 17:00:00+05:30,7562.8,38.7,61.0,14.7,37.9
2026-07-11 18:00:00+05:30,7280.0,38.0,66.0,9.0,7.3
2026-07-11 19:00:00+05:30,7166.4,37.0,63.0,9.3,0.0
2026-07-11 20:00:00+05:30,7242.3,36.0,73.0,11.2,0.0
2026-07-11 21:00:00+05:30,6811.8,34.9,72.0,2.1,0.0
2026-07-11 22:00:00+05:30,6376.7,34.5,68.0,8.2,0.0
2026-07-11 23:00:00+05:30,5803.2,32.8,69.0,6.6,0.0
2026-07-12 00:00:00+05:30,5335.6,31.8,64.0,6.1,0.0
2026-07-12 01:00:00+05:30,4838.9,30.0,72.0,3.1,0.0
2026-07-12 02:00:00+05:30,4517.9,29.3,77.0,3.9,0.0
2026-07-12 03:00:00+05:30,4456.9,29.2,74.0,1.5,0.0
2026-07-12 04:00:00+05:30,4522.6,29.1,75.0,4.6,0.0
2026-07-12 05:00:00+05:30,4698.7,29.5,75.0,2.8,0.0
2026-07-12 06:00:00+05:30,4854.1,29.7,72.0,6.9,3.5
2026-07-12 07:00:00+05:30,5394.4,30.6,76.0,9.8,16.4
2026-07-12 08:00:00+05:30,5908.6,31.9,73.0,6.5,22.9
2026-07-12 09:00:00+05:30,6339.0,32.9,74.0,12.0,35.8
2026-07-12 10:00:00+05:30,6580.5,34.1,67.0,9.5,194.6
2026-07-12 11:00:00+05:30,6896.6,35.2,66.0,8.6,191.3
2026-07-12 12:00:00+05:30,7035.6,36.3,56.0,8.3,184.1
2026-07-12 13:00:00+05:30,7591.2,37.4,70.0,10.7,64.0
2026-07-12 14:00:00+05:30,7673.3,38.2,65.0,7.8,171.5
2026-07-12 15:00:00+05:30,7884.8,38.9,61.0,11.8,142.2
2026-07-12 16:00:00+05:30,7986.5,39.3,66.0,16.9,96.6
2026-07-12 17:00:00+05:30,7573.3,39.2,62.0,9.2,50.0
2026-07-12 18:00:00+05:30,7285.6,38.6,63.0,12.6,7.6
2026-07-12 19:00:00+05:30,7250.2,38.0,63.0,11.7,0.0
2026-07-12 20:00:00+05:30,7315.8,37.2,70.0,9.4,0.0
2026-07-12 21:00:00+05:30,6831.8,36.1,68.0,8.1,0.0
2026-07-12 22:00:00+05:30,6339.5,35.1,71.0,5.8,0.0
2026-07-12 23:00:00+05:30,5754.7,33.8,64.0,5.8,0.0
2026-07-13 00:00:00+05:30,5763.1,32.9,69.0,4.1,0.0
2026-07-13 01:00:00+05:30,5469.7,32.1,71.0,8.2,0.0
2026-07-13 02:00:00+05:30,5151.1,31.1,67.0,6.1,0.0
2026-07-13 03:00:00+05:30,5195.7,31.2,78.0,4.4,0.0
2026-07-13 04:00:00+05:30,5094.7,30.7,71.0,2.7,0.0
2026-07-13 05:00:00+05:30,5140.7,30.5,71.0,1.5,0.0
2026-07-13 06:00:00+05:30,5317.4,30.8,72.0,5.2,5.1
2026-07-13 07:00:00+05:30,5690.9,31.1,75.0,3.7,25.3
2026-07-13 08:00:00+05:30,6151.3,31.8,67.0,8.5,97.0
2026-07-13 09:00:00+05:30,6616.5,32.9,70.0,13.3,128.8
2026-07-13 10:00:00+05:30,7060.7,34.0,68.0,10.8,178.3
2026-07-13 11:00:00+05:30,7346.7,34.5,71.0,9.0,49.9
2026-07-13 12:00:00+05:30,7580.3,35.7,67.0,8.4,193.5
2026-07-13 13:00:00+05:30,7930.4,37.1,63.0,11.4,177.1
2026-07-13 14:00:00+05:30,8304.0,37.6,69.0,10.1,143.7
2026-07-13 15:00:00+05:30,8436.3,37.9,67.0,12.6,118.3
2026-07-13 16:00:00+05:30,8195.8,37.7,64.0,14.7,79.9
2026-07-13 17:00:00+05:30,7802.9,37.6,62.0,11.0,44.1
2026-07-13 18:00:00+05:30,7553.0,37.3,66.0,9.7,9.6
2026-07-13 19:00:00+05:30,7417.9,36.4,62.0,10.2,0.0
2026-07-13 20:00:00+05:30,7476.0,35.7,70.0,9.2,0.0
2026-07-13 21:00:00+05:30,7066.7,34.7,74.0,7.9,0.0
2026-07-13 22:00:00+05:30,6388.4,33.0,68.0,8.9,0.0
2026-07-13 23:00:00+05:30,5938.1,32.3,68.0,6.3,0.0
2026-07-14 00:00:00+05:30,5516.1,30.5,73.0,9.0,0.0
2026-07-14 01:00:00+05:30,5199.8,29.4,77.0,4.5,0.0
2026-07-14 02:00:00+05:30,4864.0,28.4,82.0,3.7,0.0
2026-07-14 03:00:00+05:30,4609.8,27.6,76.0,1.0,0.0
2026-07-14 04:00:00+05:30,4493.3,27.2,74.0,2.8,0.0
2026-07-14 05:00:00+05:30,4615.3,27.1,76.0,5.5,0.0
2026-07-14 06:00:00+05:30,4899.9,27.2,74.0,4.7,1.7
2026-07-14 07:00:00+05:30,5323.3,27.4,81.0,6.2,24.2
2026-07-14 08:00:00+05:30,5741.5,28.0,84.0,2.8,37.2
2026-07-14 09:00:00+05:30,6116.5,29.1,76.0,0.0,46.4
2026-07-14 10:00:00+05:30,6435.6,30.1,75.0,6.3,69.5
2026-07-14 11:00:00+05:30,6683.2,31.0,77.0,13.2,67.6
2026-07-14 12:00:00+05:30,6821.8,31.7,76.0,9.6,116.0
2026-07-14 13:00:00+05:30,7006.3,32.4,75.0,12.8,92.8
2026-07-14 14:00:00+05:30,7228.3,33.2,73.0,14.1,72.2
2026-07-14 15:00:00+05:30,7280.5,33.7,71.0,9.7,73.2
2026-07-14 16:00:00+05:30,7283.4,33.9,71.0,7.6,23.0
2026-07-14 17:00:00+05:30,6801.0,32.8,73.0,10.0,16.2
2026-07-14 18:00:00+05:30,6484.0,32.2,71.0,14.6,4.8
2026-07-14 19:00:00+05:30,6538.7,31.7,82.0,8.2,0.0
2026-07-14 20:00:00+05:30,6467.1,31.2,76.0,11.1,0.0
2026-07-14 21:00:00+05:30,6122.0,31.2,72.0,8.5,0.0
2026-07-14 22:00:00+05:30,5646.6,30.5,75.0,3.2,0.0
2026-07-14 23:00:00+05:30,5037.6,28.8,76.0,6.9,0.0
2026-07-15 00:00:00+05:30,4713.5,27.6,76.0,6.2,0.0
2026-07-15 01:00:00+05:30,4494.9,27.4,80.0,6.4,0.0
2026-07-15 02:00:00+05:30,4320.6,27.0,81.0,4.4,0.0
2026-07-15 03:00:00+05:30,4073.5,26.5,81.0,1.7,0.0
2026-07-15 04:00:00+05:30,3901.8,26.7,79.0,4.8,0.0
2026-07-15 05:00:00+05:30,4072.4,27.0,78.0,5.8,0.0
2026-07-15 06:00:00+05:30,4415.5,27.4,80.0,4.4,4.1
2026-07-15 07:00:00+05:30,4819.2,28.1,79.0,8.7,26.2
2026-07-15 08:00:00+05:30,5116.3,29.0,78.0,6.2,52.5
2026-07-15 09:00:00+05:30,5418.6,29.4,79.0,1.6,92.9
2026-07-15 10:00:00+05:30,5694.9,29.7,76.0,6.1,87.4
2026-07-15 11:00:00+05:30,6004.3,31.1,74.0,4.2,65.6
2026-07-15 12:00:00+05:30,6283.2,32.5,70.0,14.3,217.0
2026-07-15 13:00:00+05:30,6648.4,33.0,78.0,10.4,74.1
2026-07-15 14:00:00+05:30,6697.5,32.9,73.0,11.9,74.6
2026-07-15 15:00:00+05:30,6971.4,33.5,72.0,13.2,66.5
2026-07-15 16:00:00+05:30,6953.7,33.4,73.0,9.4,37.2
2026-07-15 17:00:00+05:30,6537.5,33.2,74.0,9.5,33.7
2026-07-15 18:00:00+05:30,6184.2,32.9,79.0,8.3,2.0
2026-07-15 19:00:00+05:30,6094.0,31.9,79.0,9.8,0.0
2026-07-15 20:00:00+05:30,6054.9,31.3,76.0,6.9,0.0
2026-07-15 21:00:00+05:30,5888.5,30.9,76.0,13.9,0.0
2026-07-15 22:00:00+05:30,5419.4,30.0,83.0,10.4,0.0
2026-07-15 23:00:00+05:30,5015.7,29.4,75.0,5.3,0.0
2026-07-16 00:00:00+05:30,4761.8,28.9,74.0,3.2,0.0
2026-07-16 01:00:00+05:30,4572.1,28.5,80.0,2.3,0.0
2026-07-16 02:00:00+05:30,4505.0,28.5,73.0,1.8,0.0
2026-07-16 03:00:00+05:30,4291.5,28.5,76.0,6.9,0.0
2026-07-16 04:00:00+05:30,4064.6,28.0,76.0,7.0,0.0
2026-07-16 05:00:00+05:30,4211.6,28.0,77.0,6.6,0.0
2026-07-16 06:00:00+05:30,4560.6,28.7,76.0,6.6,4.6
2026-07-16 07:00:00+05:30,4977.0,29.7,71.0,5.0,17.7
2026-07-16 08:00:00+05:30,5677.2,31.0,78.0,4.1,27.3
2026-07-16 09:00:00+05:30,6073.1,31.9,79.0,3.4,63.0
2026-07-16 10:00:00+05:30,6550.2,33.1,78.0,9.6,78.1
2026-07-16 11:00:00+05:30,6673.8,34.0,69.0,8.5,162.8
2026-07-16 12:00:00+05:30,7045.0,35.0,72.0,10.0,63.9
2026-07-16 13:00:00+05:30,7335.3,35.7,74.0,8.7,74.7
2026-07-16 14:00:00+05:30,7570.9,36.3,73.0,11.3,77.9
2026-07-16 15:00:00+05:30,7771.9,36.4,74.0,10.6,49.9
2026-07-16 16:00:00+05:30,7683.8,36.9,68.0,12.1,102.6
2026-07-16 17:00:00+05:30,7466.1,36.5,73.0,10.6,19.1
2026-07-16 18:00:00+05:30,7112.3,36.4,68.0,14.6,8.1
2026-07-16 19:00:00+05:30,7301.4,36.7,76.0,10.8,0.0
2026-07-16 20:00:00+05:30,7292.4,35.3,74.0,12.5,0.0
2026-07-16 21:00:00+05:30,6976.5,34.7,71.0,10.4,0.0
2026-07-16 22:00:00+05:30,6577.8,33.8,72.0,11.4,0.0
2026-07-16 23:00:00+05:30,6078.9,32.8,74.0,3.0,0.0
2026-07-17 00:00:00+05:30,5428.9,31.4,71.0,6.1,0.0
2026-07-17 01:00:00+05:30,5236.6,30.9,76.0,1.2,0.0
2026-07-17 02:00:00+05:30,4911.2,30.2,76.0,2.2,0.0
2026-07-17 03:00:00+05:30,4873.2,30.4,72.0,0.5,0.0
2026-07-17 04:00:00+05:30,4849.2,30.2,76.0,2.5,0.0
2026-07-17 05:00:00+05:30,4925.5,30.2,75.0,2.0,0.0
2026-07-17 06:00:00+05:30,5172.7,30.4,75.0,3.3,3.7
2026-07-17 07:00:00+05:30,5627.7,30.7,73.0,7.6,23.9
2026-07-17 08:00:00+05:30,6086.0,31.7,74.0,4.2,43.3
2026-07-17 09:00:00+05:30,6454.6,32.5,72.0,4.6,50.6
2026-07-17 10:00:00+05:30,7039.0,34.1,71.0,10.0,73.0
2026-07-17 11:00:00+05:30,7208.2,34.6,76.0,7.3,77.6
2026-07-17 12:00:00+05:30,7646.8,36.1,72.0,3.6,79.6
2026-07-17 13:00:00+05:30,7700.0,36.3,68.0,11.9,157.7
2026-07-17 14:00:00+05:30,7969.1,36.7,70.0,9.0,149.6
2026-07-17 15:00:00+05:30,8077.1,36.9,70.0,12.9,67.7
2026-07-17 16:00:00+05:30,8010.5,36.7,70.0,7.1,52.1
2026-07-17 17:00:00+05:30,7719.2,36.3,71.0,10.9,5.7
2026-07-17 18:00:00+05:30,7325.1,35.5,72.0,11.5,3.2
2026-07-17 19:00:00+05:30,7191.3,35.3,71.0,10.9,0.0
2026-07-17 20:00:00+05:30,7009.4,34.1,69.0,12.0,0.0
2026-07-17 21:00:00+05:30,6479.9,32.2,73.0,10.6,0.0
2026-07-17 22:00:00+05:30,6273.2,32.2,78.0,2.9,0.0
2026-07-17 23:00:00+05:30,5670.3,30.9,72.0,8.8,0.0
2026-07-18 00:00:00+05:30,5031.4,30.6,74.0,5.7,0.0
2026-07-18 01:00:00+05:30,4713.4,29.7,80.0,3.8,0.0
2026-07-18 02:00:00+05:30,4359.6,28.6,81.0,7.9,0.0
2026-07-18 03:00:00+05:30,4189.5,28.5,76.0,3.9,0.0
2026-07-18 04:00:00+05:30,4109.9,28.1,80.0,8.2,0.0
2026-07-18 05:00:00+05:30,4212.7,27.5,72.0,2.7,0.0
2026-07-18 06:00:00+05:30,4498.3,27.8,73.0,4.3,6.1
2026-07-18 07:00:00+05:30,5039.3,28.7,82.0,11.1,20.4
2026-07-18 08:00:00+05:30,5429.7,29.7,79.0,8.2,44.6
2026-07-18 09:00:00+05:30,5765.3,30.4,72.0,4.8,49.0
2026-07-18 10:00:00+05:30,6142.1,31.6,73.0,6.7,55.2
2026-07-18 11:00:00+05:30,6209.5,32.8,72.0,13.2,83.4
2026-07-18 12:00:00+05:30,6450.1,33.8,76.0,8.4,82.2
2026-07-18 13:00:00+05:30,6550.7,34.7,66.0,13.4,162.0
2026-07-18 14:00:00+05:30,6996.3,35.5,78.0,11.9,84.5
2026-07-18 15:00:00+05:30,7159.9,36.4,69.0,7.9,112.9
2026-07-18 16:00:00+05:30,7235.3,36.7,70.0,13.2,31.9
2026-07-18 17:00:00+05:30,6900.1,36.2,68.0,12.0,45.1
2026-07-18 18:00:00+05:30,6554.8,35.4,66.0,9.4,8.4
2026-07-18 19:00:00+05:30,6594.6,35.4,70.0,15.4,0.0
2026-07-18 20:00:00+05:30,6510.3,34.1,74.0,12.6,0.0
2026-07-18 21:00:00+05:30,6194.6,33.9,68.0,13.2,0.0
2026-07-18 22:00:00+05:30,5701.1,32.8,72.0,4.2,0.0
2026-07-18 23:00:00+05:30,5342.2,31.9,74.0,4.9,0.0
2026-07-19 00:00:00+05:30,5004.7,30.7,74.0,4.7,0.0
2026-07-19 01:00:00+05:30,4647.1,30.3,78.0,5.9,0.0
2026-07-19 02:00:00+05:30,4410.3,29.5,77.0,1.4,0.0
2026-07-19 03:00:00+05:30,4171.9,28.4,75.0,4.5,0.0
2026-07-19 04:00:00+05:30,4051.1,28.2,76.0,4.5,0.0
2026-07-19 05:00:00+05:30,4077.5,27.8,73.0,7.3,0.0
2026-07-19 06:00:00+05:30,4212.6,28.6,73.0,3.5,3.6
2026-07-19 07:00:00+05:30,4570.3,28.4,79.0,8.5,29.6
2026-07-19 08:00:00+05:30,4990.3,28.8,73.0,5.3,56.9
2026-07-19 09:00:00+05:30,5477.0,30.3,74.0,9.4,16.2
2026-07-19 10:00:00+05:30,5938.7,31.6,75.0,9.1,54.0
2026-07-19 11:00:00+05:30,6223.3,33.1,75.0,9.2,95.6
2026-07-19 12:00:00+05:30,6486.9,33.9,71.0,7.6,89.7
2026-07-19 13:00:00+05:30,6844.5,35.1,71.0,9.5,90.7
2026-07-19 14:00:00+05:30,7034.6,35.5,70.0,15.3,126.3
2026-07-19 15:00:00+05:30,7285.6,36.1,70.0,11.7,115.5
2026-07-19 16:00:00+05:30,7191.2,36.4,68.0,16.3,98.9
2026-07-19 17:00:00+05:30,6923.9,36.8,69.0,10.6,49.1
2026-07-19 18:00:00+05:30,6710.0,36.1,71.0,8.0,2.7
2026-07-19 19:00:00+05:30,6660.4,35.6,69.0,16.0,0.0
2026-07-19 20:00:00+05:30,6620.1,34.7,74.0,8.0,0.0
2026-07-19 21:00:00+05:30,6200.8,33.8,68.0,3.6,0.0
2026-07-19 22:00:00+05:30,5531.8,32.0,74.0,9.0,0.0
2026-07-19 23:00:00+05:30,5158.9,31.0,73.0,7.6,0.0
2026-07-20 00:00:00+05:30,5128.4,30.1,79.0,2.7,0.0
2026-07-20 01:00:00+05:30,4902.3,29.6,78.0,4.9,0.0
2026-07-20 02:00:00+05:30,4689.7,28.8,76.0,1.8,0.0
2026-07-20 03:00:00+05:30,4295.8,27.9,80.0,7.7,0.0
2026-07-20 04:00:00+05:30,4254.5,27.9,78.0,9.3,0.0
2026-07-20 05:00:00+05:30,4445.8,28.5,81.0,0.2,0.0
2026-07-20 06:00:00+05:30,4696.8,29.0,77.0,0.7,3.8
2026-07-20 07:00:00+05:30,5121.7,29.6,74.0,6.4,20.9
2026-07-20 08:00:00+05:30,5610.4,30.3,74.0,4.2,20.3
2026-07-20 09:00:00+05:30,6172.0,31.7,73.0,4.0,43.4
2026-07-20 10:00:00+05:30,6588.3,32.7,72.0,10.0,54.9
2026-07-20 11:00:00+05:30,6954.4,33.8,75.0,8.0,47.6
2026-07-20 12:00:00+05:30,6991.3,34.3,69.0,6.5,223.3
2026-07-20 13:00:00+05:30,7232.4,35.0,70.0,12.7,195.3
2026-07-20 14:00:00+05:30,7615.0,35.9,69.0,11.3,178.6
2026-07-20 15:00:00+05:30,7701.2,36.2,71.0,14.1,64.2
2026-07-20 16:00:00+05:30,7830.0,36.7,73.0,13.7,45.1
2026-07-20 17:00:00+05:30,7465.2,36.2,65.0,11.2,44.5
2026-07-20 18:00:00+05:30,7206.1,35.8,78.0,15.9,4.9
2026-07-20 19:00:00+05:30,6930.5,34.7,73.0,6.2,0.0
2026-07-20 20:00:00+05:30,6968.8,33.6,75.0,12.3,0.0
2026-07-20 21:00:00+05:30,6557.6,33.0,77.0,10.3,0.0
2026-07-20 22:00:00+05:30,6005.4,32.0,72.0,10.0,0.0
2026-07-20 23:00:00+05:30,5683.7,30.9,79.0,8.2,0.0
2026-07-21 00:00:00+05:30,5249.0,29.7,77.0,5.4,0.0
2026-07-21 01:00:00+05:30,4806.6,28.5,83.0,5.4,0.0
2026-07-21 02:00:00+05:30,4609.8,28.4,78.0,5.4,0.0
2026-07-21 03:00:00+05:30,4553.5,28.2,73.0,2.5,0.0
2026-07-21 04:00:00+05:30,4492.9,28.2,77.0,6.9,0.0
2026-07-21 05:00:00+05:30,4605.9,28.1,81.0,2.4,0.0
2026-07-21 06:00:00+05:30,4847.1,28.5,78.0,11.0,3.5
2026-07-21 07:00:00+05:30,5277.9,29.2,76.0,2.7,21.3
2026-07-21 08:00:00+05:30,5759.5,30.1,79.0,3.0,54.5
2026-07-21 09:00:00+05:30,6143.3,30.6,82.0,12.0,61.9
2026-07-21 10:00:00+05:30,6572.5,32.0,76.0,6.2,76.2
2026-07-21 11:00:00+05:30,6860.2,33.4,75.0,7.1,96.3
2026-07-21 12:00:00+05:30,7105.3,34.7,71.0,11.3,92.6
2026-07-21 13:00:00+05:30,7452.0,35.5,76.0,7.9,99.9
2026-07-21 14:00:00+05:30,7598.9,36.2,65.0,10.7,177.7
2026-07-21 15:00:00+05:30,7914.7,36.8,66.0,11.6,140.1
2026-07-21 16:00:00+05:30,7900.2,37.2,72.0,10.4,38.1
2026-07-21 17:00:00+05:30,7326.3,36.8,68.0,10.6,38.8
2026-07-21 18:00:00+05:30,7093.7,36.3,70.0,14.1,7.1
2026-07-21 19:00:00+05:30,6945.7,35.7,68.0,13.2,0.0
2026-07-21 20:00:00+05:30,6939.2,34.8,70.0,9.9,0.0
2026-07-21 21:00:00+05:30,6556.0,33.2,84.0,11.1,0.0
2026-07-21 22:00:00+05:30,6031.6,32.2,73.0,9.4,0.0
2026-07-21 23:00:00+05:30,5430.0,30.4,76.0,7.1,0.0
2026-07-22 00:00:00+05:30,4995.8,28.9,79.0,5.5,0.0
2026-07-22 01:00:00+05:30,4723.9,28.4,77.0,5.7,0.0
2026-07-22 02:00:00+05:30,4470.0,27.8,79.0,9.6,0.0
2026-07-22 03:00:00+05:30,4331.2,27.4,79.0,3.7,0.0
2026-07-22 04:00:00+05:30,4345.2,27.5,83.0,5.5,0.0
2026-07-22 05:00:00+05:30,4600.5,27.9,76.0,3.0,0.0
2026-07-22 06:00:00+05:30,4828.4,27.7,82.0,4.6,3.1
2026-07-22 07:00:00+05:30,5127.0,28.8,78.0,7.6,21.3
2026-07-22 08:00:00+05:30,5611.5,30.1,77.0,8.9,46.6
2026-07-22 09:00:00+05:30,6094.1,31.1,80.0,6.5,59.1
2026-07-22 10:00:00+05:30,6512.1,32.2,79.0,12.3,65.3
2026-07-22 11:00:00+05:30,6743.8,33.6,70.0,12.3,202.8
2026-07-22 12:00:00+05:30,7073.5,34.4,77.0,9.4,76.6
2026-07-22 13:00:00+05:30,7146.2,35.2,69.0,11.2,220.0
2026-07-22 14:00:00+05:30,7555.2,35.9,71.0,7.3,54.5
2026-07-22 15:00:00+05:30,7866.1,36.8,72.0,8.1,60.2
2026-07-22 16:00:00+05:30,7790.0,36.3,77.0,15.4,31.5
2026-07-22 17:00:00+05:30,7490.5,36.2,75.0,9.9,21.4
2026-07-22 18:00:00+05:30,7231.6,36.2,72.0,14.7,2.9
2026-07-22 19:00:00+05:30,7050.2,35.4,71.0,12.0,0.0
2026-07-22 20:00:00+05:30,7041.5,34.6,72.0,7.2,0.0
2026-07-22 21:00:00+05:30,6563.1,33.7,70.0,9.2,0.0
2026-07-22 22:00:00+05:30,5985.9,32.2,72.0,11.6,0.0
2026-07-22 23:00:00+05:30,5590.4,31.0,76.0,1.0,0.0
2026-07-23 00:00:00+05:30,5185.3,29.9,76.0,8.2,0.0
2026-07-23 01:00:00+05:30,4883.2,29.4,78.0,2.5,0.0
2026-07-23 02:00:00+05:30,4621.6,28.6,80.0,7.7,0.0
2026-07-23 03:00:00+05:30,4540.1,28.0,80.0,5.5,0.0
2026-07-23 04:00:00+05:30,4490.8,28.2,83.0,0.1,0.0
2026-07-23 05:00:00+05:30,4585.5,28.2,78.0,7.4,0.0
2026-07-23 06:00:00+05:30,4805.7,28.8,77.0,7.1,6.0
2026-07-23 07:00:00+05:30,5278.0,29.4,77.0,0.0,16.2
2026-07-23 08:00:00+05:30,5834.6,30.3,79.0,4.1,62.7
2026-07-23 09:00:00+05:30,6393.2,31.7,81.0,5.6,68.8
2026-07-23 10:00:00+05:30,6819.7,33.0,71.0,10.5,108.3
2026-07-23 11:00:00+05:30,7063.3,34.0,71.0,6.2,65.1
2026-07-23 12:00:00+05:30,7377.7,34.8,75.0,10.6,124.3
2026-07-23 13:00:00+05:30,7381.9,35.3,68.0,14.9,173.8
2026-07-23 14:00:00+05:30,7677.8,35.7,73.0,12.9,19.5
2026-07-23 15:00:00+05:30,7775.6,35.6,72.0,11.5,51.8
2026-07-23 16:00:00+05:30,7715.9,35.4,74.0,7.3,38.2
2026-07-23 17:00:00+05:30,7539.8,35.6,75.0,15.3,16.8
2026-07-23 18:00:00+05:30,7201.5,35.8,72.0,9.8,3.0
2026-07-23 19:00:00+05:30,7063.5,34.9,76.0,8.3,0.0
2026-07-23 20:00:00+05:30,7009.2,33.6,79.0,14.9,0.0
2026-07-23 21:00:00+05:30,6521.3,32.5,76.0,3.9,0.0
2026-07-23 22:00:00+05:30,5764.4,31.2,74.0,11.6,0.0
2026-07-23 23:00:00+05:30,5206.8,30.4,78.0,7.8,0.0
2026-07-24 00:00:00+05:30,4908.9,29.0,80.0,6.4,0.0
2026-07-24 01:00:00+05:30,4651.4,28.0,77.0,5.7,0.0
2026-07-24 02:00:00+05:30,4369.4,27.4,81.0,3.0,0.0
2026-07-24 03:00:00+05:30,4209.9,27.4,79.0,3.9,0.0
2026-07-24 04:00:00+05:30,4109.5,26.9,77.0,9.4,0.0
2026-07-24 05:00:00+05:30,4326.2,27.6,80.0,1.2,0.0
2026-07-24 06:00:00+05:30,4752.4,28.7,78.0,6.8,4.6
2026-07-24 07:00:00+05:30,5062.6,29.4,74.0,7.9,18.8
2026-07-24 08:00:00+05:30,5619.7,30.6,74.0,3.6,50.3
2026-07-24 09:00:00+05:30,6064.8,31.3,73.0,3.0,48.9
2026-07-24 10:00:00+05:30,6554.9,32.2,82.0,8.8,33.7
2026-07-24 11:00:00+05:30,6612.5,33.0,79.0,8.6,153.8
2026-07-24 12:00:00+05:30,6953.1,34.0,75.0,9.6,80.8
2026-07-24 13:00:00+05:30,7149.5,34.5,76.0,8.7,100.7
2026-07-24 14:00:00+05:30,7343.3,34.9,71.0,12.9,87.3
2026-07-24 15:00:00+05:30,7439.6,35.2,71.0,11.7,85.3
2026-07-24 16:00:00+05:30,7485.4,35.0,79.0,15.6,29.4
2026-07-24 17:00:00+05:30,7063.3,34.8,71.0,9.6,18.9
2026-07-24 18:00:00+05:30,6768.5,34.4,74.0,12.5,3.3
2026-07-24 19:00:00+05:30,6614.5,33.5,72.0,13.7,0.0
2026-07-24 20:00:00+05:30,6643.8,33.2,74.0,6.7,0.0
2026-07-24 21:00:00+05:30,6249.1,32.4,74.0,10.5,0.0
2026-07-24 22:00:00+05:30,5873.5,32.3,75.0,5.0,0.0
2026-07-24 23:00:00+05:30,5447.7,32.0,76.0,10.1,0.0
2026-07-25 00:00:00+05:30,4817.0,30.9,75.0,10.6,0.0
2026-07-25 01:00:00+05:30,4501.3,29.8,73.0,3.0,0.0
2026-07-25 02:00:00+05:30,4400.2,29.4,78.0,2.7,0.0
2026-07-25 03:00:00+05:30,4379.9,29.3,81.0,7.3,0.0
2026-07-25 04:00:00+05:30,4417.5,29.6,73.0,1.6,0.0
2026-07-25 05:00:00+05:30,4466.1,29.4,76.0,3.3,0.0
2026-07-25 06:00:00+05:30,4660.3,30.1,79.0,0.0,5.6
2026-07-25 07:00:00+05:30,4932.8,30.2,74.0,6.2,9.5
2026-07-25 08:00:00+05:30,5304.4,30.9,70.0,8.8,51.4
2026-07-25 09:00:00+05:30,5738.3,31.4,77.0,10.3,76.8
2026-07-25 10:00:00+05:30,6116.8,32.7,77.0,6.7,85.0
2026-07-25 11:00:00+05:30,6302.0,33.5,73.0,12.8,105.2
2026-07-25 12:00:00+05:30,6590.7,34.1,74.0,10.8,70.6
2026-07-25 13:00:00+05:30,6890.2,35.3,73.0,8.2,59.2
2026-07-25 14:00:00+05:30,7062.6,35.8,72.0,13.2,69.7
2026-07-25 15:00:00+05:30,7137.4,36.3,69.0,11.2,132.3
2026-07-25 16:00:00+05:30,6968.0,35.8,67.0,15.8,102.6
2026-07-25 17:00:00+05:30,6772.6,35.9,69.0,11.0,41.5
2026-07-25 18:00:00+05:30,6665.3,35.7,70.0,10.2,3.1
2026-07-25 19:00:00+05:30,6564.1,35.2,70.0,9.6,0.0
2026-07-25 20:00:00+05:30,6549.4,34.9,71.0,4.9,0.0
2026-07-25 21:00:00+05:30,6221.0,33.5,74.0,6.6,0.0
2026-07-25 22:00:00+05:30,5698.4,31.7,75.0,10.0,0.0
2026-07-25 23:00:00+05:30,5253.2,31.2,75.0,4.9,0.0
2026-07-26 00:00:00+05:30,4886.9,29.8,78.0,8.8,0.0
2026-07-26 01:00:00+05:30,4564.5,28.5,80.0,5.4,0.0
2026-07-26 02:00:00+05:30,4186.7,27.2,83.0,2.2,0.0
2026-07-26 03:00:00+05:30,3929.2,26.0,84.0,5.3,0.0
2026-07-26 04:00:00+05:30,3843.7,26.4,84.0,6.6,0.0
2026-07-26 05:00:00+05:30,3854.7,26.2,80.0,5.7,0.0
2026-07-26 06:00:00+05:30,4107.3,26.4,82.0,0.4,2.8
2026-07-26 07:00:00+05:30,4512.2,27.1,80.0,0.0,22.5
2026-07-26 08:00:00+05:30,4906.2,27.6,81.0,7.1,36.5
2026-07-26 09:00:00+05:30,5213.1,28.6,78.0,8.8,85.0
2026-07-26 10:00:00+05:30,5464.8,30.0,80.0,11.4,71.9
2026-07-26 11:00:00+05:30,5644.3,30.6,79.0,10.5,78.9
2026-07-26 12:00:00+05:30,5856.9,31.4,75.0,8.6,53.3
2026-07-26 13:00:00+05:30,6217.0,32.4,82.0,8.3,57.6
2026-07-26 14:00:00+05:30,6222.2,32.8,75.0,12.2,110.3
2026-07-26 15:00:00+05:30,6531.4,33.5,79.0,13.7,87.2
2026-07-26 16:00:00+05:30,6563.9,33.9,75.0,9.7,45.6
2026-07-26 17:00:00+05:30,6302.3,33.8,75.0,14.0,7.7
2026-07-26 18:00:00+05:30,6081.8,33.4,79.0,9.4,3.3
2026-07-26 19:00:00+05:30,5982.6,33.1,76.0,10.0,0.0
2026-07-26 20:00:00+05:30,6049.1,33.0,76.0,5.8,0.0
2026-07-26 21:00:00+05:30,5516.5,31.8,74.0,10.4,0.0
2026-07-26 22:00:00+05:30,4998.0,30.5,74.0,9.5,0.0
2026-07-26 23:00:00+05:30,4828.9,29.8,79.0,6.5,0.0
2026-07-27 00:00:00+05:30,4807.4,28.3,83.0,8.4,0.0
2026-07-27 01:00:00+05:30,4448.4,27.1,84.0,6.7,0.0
2026-07-27 02:00:00+05:30,4072.6,25.8,79.0,0.0,0.0
2026-07-27 03:00:00+05:30,3878.0,25.3,78.0,4.0,0.0
2026-07-27 04:00:00+05:30,3683.0,24.8,84.0,6.5,0.0
2026-07-27 05:00:00+05:30,3782.9,25.0,88.0,5.9,0.0
2026-07-27 06:00:00+05:30,4073.9,25.0,88.0,3.1,1.2
2026-07-27 07:00:00+05:30,4387.4,25.8,84.0,7.8,11.6
2026-07-27 08:00:00+05:30,4733.6,26.8,84.0,8.3,33.6
2026-07-27 09:00:00+05:30,5119.0,28.0,80.0,3.9,53.8
2026-07-27 10:00:00+05:30,5530.7,29.3,82.0,7.9,90.0
2026-07-27 11:00:00+05:30,5942.1,30.7,76.0,4.7,52.8
2026-07-27 12:00:00+05:30,6235.8,31.9,75.0,12.6,66.6
2026-07-27 13:00:00+05:30,6408.4,32.4,77.0,12.0,78.7
2026-07-27 14:00:00+05:30,6686.1,33.0,74.0,14.5,100.6
2026-07-27 15:00:00+05:30,6761.4,33.4,75.0,11.2,35.7
2026-07-27 16:00:00+05:30,6668.5,33.4,75.0,13.5,45.4
2026-07-27 17:00:00+05:30,6510.3,33.4,79.0,12.8,12.2
2026-07-27 18:00:00+05:30,6418.4,33.3,78.0,9.7,5.0
2026-07-27 19:00:00+05:30,6241.5,32.7,72.0,14.5,0.0
2026-07-27 20:00:00+05:30,6325.1,31.8,80.0,6.4,0.0
2026-07-27 21:00:00+05:30,5912.6,30.5,76.0,10.6,0.0
2026-07-27 22:00:00+05:30,5393.9,29.1,82.0,15.2,0.0
2026-07-27 23:00:00+05:30,4811.6,28.4,75.0,8.7,0.0
2026-07-28 00:00:00+05:30,4548.5,27.6,81.0,9.8,0.0
2026-07-28 01:00:00+05:30,4192.8,26.7,80.0,6.6,0.0
2026-07-28 02:00:00+05:30,4012.4,25.8,87.0,2.2,0.0
2026-07-28 03:00:00+05:30,3853.3,25.9,83.0,0.0,0.0
2026-07-28 04:00:00+05:30,3881.0,26.2,79.0,1.9,0.0
2026-07-28 05:00:00+05:30,3936.1,25.9,88.0,3.8,0.0
2026-07-28 06:00:00+05:30,4221.8,26.5,86.0,8.0,1.9
2026-07-28 07:00:00+05:30,4468.5,26.9,77.0,5.8,20.5
2026-07-28 08:00:00+05:30,4766.0,26.9,81.0,6.0,51.2
2026-07-28 09:00:00+05:30,5248.4,28.0,85.0,7.5,43.8
2026-07-28 10:00:00+05:30,5612.9,28.8,82.0,11.2,63.4
2026-07-28 11:00:00+05:30,5801.8,29.5,82.0,9.0,75.0
2026-07-28 12:00:00+05:30,5982.3,30.1,76.0,8.1,66.9
2026-07-28 13:00:00+05:30,6090.6,30.1,81.0,14.1,38.4
2026-07-28 14:00:00+05:30,6290.8,31.1,79.0,10.1,41.9
2026-07-28 15:00:00+05:30,6296.1,31.5,80.0,11.4,58.8
2026-07-28 16:00:00+05:30,6365.7,32.0,83.0,13.8,33.2
2026-07-28 17:00:00+05:30,6039.2,32.1,81.0,11.3,20.2
2026-07-28 18:00:00+05:30,5911.9,32.0,83.0,10.4,3.0
2026-07-28 19:00:00+05:30,5903.6,31.7,74.0,10.4,0.0
2026-07-28 20:00:00+05:30,5893.2,31.3,71.0,2.8,0.0
2026-07-28 21:00:00+05:30,5590.3,30.5,76.0,8.1,0.0
2026-07-28 22:00:00+05:30,5151.1,30.0,77.0,11.2,0.0
2026-07-28 23:00:00+05:30,4824.3,29.2,79.0,9.1,0.0
2026-07-29 00:00:00+05:30,4537.4,28.9,78.0,1.0,0.0
2026-07-29 01:00:00+05:30,4361.7,28.7,80.0,5.8,0.0
2026-07-29 02:00:00+05:30,4255.6,28.3,81.0,1.4,0.0
2026-07-29 03:00:00+05:30,4028.0,27.4,81.0,7.8,0.0
2026-07-29 04:00:00+05:30,4077.1,27.2,80.0,3.5,0.0
2026-07-29 05:00:00+05:30,4182.4,27.3,81.0,0.0,0.0
2026-07-29 06:00:00+05:30,4468.5,27.2,80.0,4.3,3.1
2026-07-29 07:00:00+05:30,4860.9,28.0,78.0,6.9,27.3
2026-07-29 08:00:00+05:30,5166.4,28.2,83.0,4.1,52.9
2026-07-29 09:00:00+05:30,5545.7,29.4,82.0,4.6,52.1
2026-07-29 10:00:00+05:30,5895.9,30.5,73.0,2.4,49.7
2026-07-29 11:00:00+05:30,6358.7,31.7,80.0,8.7,66.1
2026-07-29 12:00:00+05:30,6724.9,33.0,76.0,8.8,66.8
2026-07-29 13:00:00+05:30,6926.1,33.9,75.0,11.7,99.4
2026-07-29 14:00:00+05:30,7251.3,34.9,75.0,13.2,59.3
2026-07-29 15:00:00+05:30,7372.5,35.4,74.0,11.5,36.7
2026-07-29 16:00:00+05:30,7588.2,36.2,75.0,11.6,31.6
2026-07-29 17:00:00+05:30,7191.0,36.0,73.0,11.3,16.7
2026-07-29 18:00:00+05:30,6779.3,35.6,68.0,12.5,8.0
2026-07-29 19:00:00+05:30,6848.1,35.1,73.0,11.7,0.0
2026-07-29 20:00:00+05:30,6810.7,34.3,72.0,9.7,0.0
2026-07-29 21:00:00+05:30,6357.7,33.2,73.0,7.5,0.0
2026-07-29 22:00:00+05:30,5911.3,32.4,75.0,11.6,0.0
2026-07-29 23:00:00+05:30,5491.0,31.9,75.0,6.4,0.0
2026-07-30 00:00:00+05:30,5164.4,31.2,77.0,5.5,0.0
2026-07-30 01:00:00+05:30,4948.1,30.0,80.0,3.1,0.0
2026-07-30 02:00:00+05:30,4853.5,29.5,77.0,9.2,0.0
2026-07-30 03:00:00+05:30,4740.9,29.0,79.0,5.4,0.0
2026-07-30 04:00:00+05:30,4577.8,28.7,82.0,6.9,0.0
2026-07-30 05:00:00+05:30,4772.1,29.2,79.0,5.1,0.0
2026-07-30 06:00:00+05:30,5074.7,29.8,84.0,10.7,4.6
2026-07-30 07:00:00+05:30,5448.3,30.2,77.0,3.7,15.1
2026-07-30 08:00:00+05:30,5652.1,30.1,74.0,5.2,42.1
2026-07-30 09:00:00+05:30,6039.2,31.0,78.0,5.0,89.5
2026-07-30 10:00:00+05:30,6528.8,32.4,74.0,7.3,59.8
2026-07-30 11:00:00+05:30,6813.6,33.3,74.0,6.4,39.9
2026-07-30 12:00:00+05:30,7143.0,34.1,77.0,12.1,97.5
2026-07-30 13:00:00+05:30,7371.4,34.6,77.0,6.0,80.4
2026-07-30 14:00:00+05:30,7608.4,35.1,70.0,8.1,68.8
2026-07-30 15:00:00+05:30,7808.6,36.0,67.0,15.7,151.9
2026-07-30 16:00:00+05:30,7846.7,35.6,77.0,10.1,30.6
2026-07-30 17:00:00+05:30,7320.3,35.0,66.0,8.9,43.7
2026-07-30 18:00:00+05:30,6997.5,34.4,70.0,6.7,4.2
2026-07-30 19:00:00+05:30,6884.9,33.5,76.0,10.9,0.0
2026-07-30 20:00:00+05:30,6978.6,32.8,76.0,12.3,0.0
2026-07-30 21:00:00+05:30,6496.6,31.8,80.0,11.8,0.0
2026-07-30 22:00:00+05:30,5999.8,31.3,74.0,7.1,0.0
2026-07-30 23:00:00+05:30,5709.9,30.2,77.0,8.9,0.0
2026-07-31 00:00:00+05:30,5395.8,30.0,79.0,9.3,0.0
2026-07-31 01:00:00+05:30,4976.6,28.8,79.0,8.3,0.0
2026-07-31 02:00:00+05:30,4602.8,28.1,82.0,5.9,0.0
2026-07-31 03:00:00+05:30,4270.7,27.4,80.0,7.9,0.0
2026-07-31 04:00:00+05:30,4250.2,27.4,80.0,8.0,0.0
2026-07-31 05:00:00+05:30,4355.2,27.4,77.0,0.4,0.0
2026-07-31 06:00:00+05:30,4588.4,28.0,77.0,5.4,5.4
2026-07-31 07:00:00+05:30,4898.9,28.3,79.0,3.6,13.8
2026-07-31 08:00:00+05:30,5334.6,29.0,81.0,9.1,46.8
2026-07-31 09:00:00+05:30,5742.6,30.1,80.0,5.8,55.2
2026-07-31 10:00:00+05:30,6146.0,31.0,78.0,6.7,83.9
2026-07-31 11:00:00+05:30,6444.7,32.0,82.0,13.0,79.9
2026-07-31 12:00:00+05:30,6626.1,32.9,78.0,9.4,94.7
2026-07-31 13:00:00+05:30,6866.7,33.8,74.0,13.3,39.2
2026-07-31 14:00:00+05:30,7209.0,34.3,73.0,14.1,52.0
2026-07-31 15:00:00+05:30,7344.1,34.6,74.0,10.9,67.0
2026-07-31 16:00:00+05:30,7444.7,35.3,75.0,20.9,24.7
2026-07-31 17:00:00+05:30,7171.7,34.9,77.0,8.4,22.7
2026-07-31 18:00:00+05:30,6608.5,34.1,68.0,11.4,10.0
2026-07-31 19:00:00+05:30,6583.3,33.8,67.0,13.6,0.0
2026-07-31 20:00:00+05:30,6573.4,32.3,79.0,8.9,0.0
2026-07-31 21:00:00+05:30,6146.2,31.4,75.0,10.1,0.0
2026-07-31 22:00:00+05:30,5595.8,30.3,78.0,8.6,0.0
2026-07-31 23:00:00+05:30,5102.9,28.7,82.0,6.4,0.0
2026-08-01 00:00:00+05:30,4387.4,27.3,84.0,6.8,0.0
2026-08-01 01:00:00+05:30,4129.4,27.3,79.0,4.8,0.0
2026-08-01 02:00:00+05:30,3954.7,26.6,81.0,4.2,0.0
2026-08-01 03:00:00+05:30,3884.1,26.1,84.0,3.1,0.0
2026-08-01 04:00:00+05:30,3840.2,26.1,80.0,1.3,0.0
2026-08-01 05:00:00+05:30,3811.7,25.9,82.0,5.6,0.0
2026-08-01 06:00:00+05:30,3991.9,26.1,86.0,10.4,3.8
2026-08-01 07:00:00+05:30,4369.9,27.1,83.0,3.3,19.8
2026-08-01 08:00:00+05:30,4705.2,27.4,88.0,5.8,59.8
2026-08-01 09:00:00+05:30,4894.8,28.0,78.0,5.9,43.0
2026-08-01 10:00:00+05:30,5321.2,29.4,83.0,6.9,68.7
2026-08-01 11:00:00+05:30,5538.2,30.2,80.0,8.9,60.1
2026-08-01 12:00:00+05:30,5585.1,30.7,80.0,7.1,58.4
2026-08-01 13:00:00+05:30,5884.1,31.6,76.0,10.5,60.8
2026-08-01 14:00:00+05:30,6303.5,32.6,76.0,14.1,81.8
2026-08-01 15:00:00+05:30,6424.4,32.8,79.0,11.3,60.1
2026-08-01 16:00:00+05:30,6410.6,33.6,73.0,9.0,46.4
2026-08-01 17:00:00+05:30,6258.8,33.3,77.0,13.4,10.0
2026-08-01 18:00:00+05:30,5779.5,32.2,77.0,10.5,3.3
2026-08-01 19:00:00+05:30,5644.4,31.6,81.0,15.5,0.0
2026-08-01 20:00:00+05:30,5682.5,30.7,79.0,16.1,0.0
2026-08-01 21:00:00+05:30,5272.5,30.0,75.0,10.6,0.0
2026-08-01 22:00:00+05:30,4904.9,29.1,82.0,6.4,0.0
2026-08-01 23:00:00+05:30,4524.0,28.1,80.0,9.0,0.0
2026-08-02 00:00:00+05:30,4102.3,27.2,79.0,10.4,0.0
2026-08-02 01:00:00+05:30,3838.4,26.7,83.0,3.8,0.0
2026-08-02 02:00:00+05:30,3639.6,26.1,85.0,3.1,0.0
2026-08-02 03:00:00+05:30,3546.0,26.1,80.0,7.4,0.0
2026-08-02 04:00:00+05:30,3552.7,26.4,82.0,4.7,0.0
2026-08-02 05:00:00+05:30,3735.9,26.4,82.0,7.0,0.0
2026-08-02 06:00:00+05:30,4025.7,26.6,82.0,6.6,4.2
2026-08-02 07:00:00+05:30,4362.5,27.0,79.0,2.9,18.4
2026-08-02 08:00:00+05:30,4710.9,27.6,86.0,8.6,48.4
2026-08-02 09:00:00+05:30,5016.6,28.5,73.0,10.0,46.6
2026-08-02 10:00:00+05:30,5362.3,29.4,77.0,9.9,81.6
2026-08-02 11:00:00+05:30,5777.5,31.4,83.0,17.3,85.8
2026-08-02 12:00:00+05:30,6009.8,32.5,77.0,8.6,72.9
2026-08-02 13:00:00+05:30,6018.6,32.3,77.0,6.8,69.4
2026-08-02 14:00:00+05:30,6181.2,32.8,77.0,13.0,59.3
2026-08-02 15:00:00+05:30,6262.7,32.7,79.0,10.2,59.9
2026-08-02 16:00:00+05:30,6320.3,33.1,79.0,8.5,25.9
2026-08-02 17:00:00+05:30,6043.6,32.9,75.0,12.5,19.3
2026-08-02 18:00:00+05:30,5744.3,32.3,78.0,9.2,2.9
2026-08-02 19:00:00+05:30,5788.2,31.8,74.0,11.8,0.0
2026-08-02 20:00:00+05:30,5819.0,30.7,81.0,7.4,0.0
2026-08-02 21:00:00+05:30,5416.9,29.7,78.0,6.4,0.0
2026-08-02 22:00:00+05:30,4975.9,29.0,83.0,7.1,0.0
2026-08-02 23:00:00+05:30,4558.7,28.3,82.0,7.7,0.0
2026-08-03 00:00:00+05:30,4416.7,27.2,87.0,12.1,0.0
2026-08-03 01:00:00+05:30,4230.5,26.8,81.0,2.4,0.0
2026-08-03 02:00:00+05:30,4046.1,26.1,86.0,0.0,0.0
2026-08-03 03:00:00+05:30,3789.1,25.5,84.0,2.8,0.0
2026-08-03 04:00:00+05:30,3712.7,25.5,87.0,5.1,0.0
2026-08-03 05:00:00+05:30,3778.2,25.7,83.0,1.9,0.0
2026-08-03 06:00:00+05:30,4025.6,26.0,86.0,3.9,3.7
2026-08-03 07:00:00+05:30,4374.5,26.8,83.0,5.0,14.9
2026-08-03 08:00:00+05:30,4760.5,27.7,80.0,5.8,24.2
2026-08-03 09:00:00+05:30,5327.1,29.2,83.0,8.3,28.1
2026-08-03 10:00:00+05:30,5755.1,30.5,79.0,9.7,74.9
2026-08-03 11:00:00+05:30,6004.4,31.4,77.0,7.5,82.9
2026-08-03 12:00:00+05:30,6179.9,32.0,75.0,9.8,83.7
2026-08-03 13:00:00+05:30,6461.2,32.2,82.0,14.9,89.8
2026-08-03 14:00:00+05:30,6690.5,33.0,76.0,13.7,66.5
2026-08-03 15:00:00+05:30,6749.0,33.0,77.0,10.4,51.8
2026-08-03 16:00:00+05:30,6671.0,33.0,77.0,11.4,27.8
2026-08-03 17:00:00+05:30,6449.1,32.5,79.0,10.4,26.3
2026-08-03 18:00:00+05:30,6138.6,32.1,76.0,14.4,3.7
2026-08-03 19:00:00+05:30,5965.8,31.1,80.0,12.1,0.0
2026-08-03 20:00:00+05:30,5880.1,30.0,77.0,13.9,0.0
2026-08-03 21:00:00+05:30,5546.5,29.3,82.0,10.4,0.0
2026-08-03 22:00:00+05:30,5005.4,27.9,82.0,5.6,0.0
2026-08-03 23:00:00+05:30,4660.6,27.4,86.0,4.9,0.0
2026-08-04 00:00:00+05:30,4131.3,26.1,81.0,6.1,0.0
2026-08-04 01:00:00+05:30,3845.4,25.7,81.0,1.1,0.0
2026-08-04 02:00:00+05:30,3689.1,25.7,77.0,5.1,0.0
2026-08-04 03:00:00+05:30,3607.4,25.1,80.0,2.4,0.0
2026-08-04 04:00:00+05:30,3806.6,25.9,84.0,2.8,0.0
2026-08-04 05:00:00+05:30,3879.7,25.9,84.0,3.6,0.0
2026-08-04 06:00:00+05:30,4079.8,25.8,86.0,3.9,5.1
2026-08-04 07:00:00+05:30,4434.9,26.4,83.0,7.3,23.7
2026-08-04 08:00:00+05:30,4672.6,26.3,82.0,4.4,34.6
2026-08-04 09:00:00+05:30,5151.5,27.7,82.0,7.7,64.9
2026-08-04 10:00:00+05:30,5480.7,28.6,80.0,8.9,20.0
2026-08-04 11:00:00+05:30,5662.9,29.4,82.0,7.5,116.2
2026-08-04 12:00:00+05:30,5769.5,30.3,73.0,12.1,74.2
2026-08-04 13:00:00+05:30,5967.3,31.2,78.0,9.5,93.5
2026-08-04 14:00:00+05:30,6158.7,31.5,79.0,13.1,74.6
2026-08-04 15:00:00+05:30,6220.8,32.0,81.0,11.0,66.8
2026-08-04 16:00:00+05:30,6148.8,31.5,79.0,9.2,48.6
2026-08-04 17:00:00+05:30,6047.5,31.9,75.0,12.4,26.6
2026-08-04 18:00:00+05:30,5786.7,31.5,80.0,11.0,3.1
2026-08-04 19:00:00+05:30,5646.9,31.3,74.0,9.7,0.0
2026-08-04 20:00:00+05:30,5882.3,30.7,82.0,8.8,0.0
2026-08-04 21:00:00+05:30,5536.5,29.9,79.0,9.5,0.0
2026-08-04 22:00:00+05:30,5071.5,29.4,77.0,6.5,0.0
2026-08-04 23:00:00+05:30,4630.8,28.1,84.0,6.8,0.0
2026-08-05 00:00:00+05:30,4340.3,26.8,86.0,4.2,0.0
2026-08-05 01:00:00+05:30,4059.2,26.3,84.0,7.9,0.0
2026-08-05 02:00:00+05:30,3920.7,25.8,82.0,4.1,0.0
2026-08-05 03:00:00+05:30,3763.0,25.0,85.0,2.1,0.0
2026-08-05 04:00:00+05:30,3578.3,24.9,88.0,5.2,0.0
2026-08-05 05:00:00+05:30,3691.3,25.1,85.0,4.7,0.0
2026-08-05 06:00:00+05:30,3893.3,25.5,83.0,3.3,7.0
2026-08-05 07:00:00+05:30,4205.9,25.8,82.0,10.2,16.6
2026-08-05 08:00:00+05:30,4556.7,26.5,82.0,3.5,67.3
2026-08-05 09:00:00+05:30,5015.1,27.5,84.0,7.2,54.0
2026-08-05 10:00:00+05:30,5333.8,28.3,76.0,5.6,78.1
2026-08-05 11:00:00+05:30,5550.5,29.0,82.0,7.5,100.1
2026-08-05 12:00:00+05:30,5723.8,30.0,77.0,6.2,74.4
2026-08-05 13:00:00+05:30,6042.6,31.4,79.0,9.4,77.5
2026-08-05 14:00:00+05:30,6203.9,31.8,80.0,8.9,100.3
2026-08-05 15:00:00+05:30,6448.9,32.7,77.0,13.4,37.6
2026-08-05 16:00:00+05:30,6410.1,32.7,81.0,10.0,40.3
2026-08-05 17:00:00+05:30,6279.2,33.0,73.0,12.1,17.9
2026-08-05 18:00:00+05:30,6090.2,32.4,83.0,13.0,3.9
2026-08-05 19:00:00+05:30,5860.3,31.3,81.0,3.8,0.0
2026-08-05 20:00:00+05:30,5911.3,30.4,86.0,12.5,0.0
2026-08-05 21:00:00+05:30,5422.9,29.3,83.0,13.9,0.0
2026-08-05 22:00:00+05:30,5073.5,28.8,82.0,7.2,0.0
2026-08-05 23:00:00+05:30,4628.5,27.8,84.0,4.0,0.0
2026-08-06 00:00:00+05:30,4345.0,27.0,81.0,6.2,0.0
2026-08-06 01:00:00+05:30,4027.5,26.2,84.0,7.5,0.0
2026-08-06 02:00:00+05:30,3796.5,25.8,83.0,3.0,0.0
2026-08-06 03:00:00+05:30,3667.3,25.6,85.0,4.2,0.0
2026-08-06 04:00:00+05:30,3717.9,25.7,86.0,9.2,0.0
2026-08-06 05:00:00+05:30,3863.9,25.7,85.0,4.2,0.0
2026-08-06 06:00:00+05:30,4103.9,25.9,88.0,4.1,6.1
2026-08-06 07:00:00+05:30,4434.9,26.4,83.0,5.9,25.8
2026-08-06 08:00:00+05:30,4855.4,27.3,85.0,3.0,51.3
2026-08-06 09:00:00+05:30,5281.0,28.0,82.0,8.3,54.6
2026-08-06 10:00:00+05:30,5658.6,29.5,79.0,10.2,65.8
2026-08-06 11:00:00+05:30,5860.4,30.3,76.0,9.8,37.2
2026-08-06 12:00:00+05:30,6022.8,30.8,78.0,8.4,131.8
2026-08-06 13:00:00+05:30,6296.1,31.4,78.0,10.9,78.0
2026-08-06 14:00:00+05:30,6406.9,31.5,80.0,7.1,64.5
2026-08-06 15:00:00+05:30,6476.4,31.7,86.0,10.3,44.4
2026-08-06 16:00:00+05:30,6405.8,31.8,79.0,9.1,44.3
2026-08-06 17:00:00+05:30,6119.4,31.3,79.0,14.6,20.7
2026-08-06 18:00:00+05:30,5740.7,30.8,84.0,10.0,4.3
2026-08-06 19:00:00+05:30,5681.4,30.6,76.0,8.8,0.0
2026-08-06 20:00:00+05:30,5794.7,30.2,77.0,6.6,0.0
2026-08-06 21:00:00+05:30,5447.5,29.2,84.0,11.6,0.0
2026-08-06 22:00:00+05:30,5095.1,28.6,81.0,11.4,0.0
2026-08-06 23:00:00+05:30,4693.4,27.6,82.0,4.8,0.0
2026-08-07 00:00:00+05:30,4354.1,26.6,84.0,5.3,0.0
2026-08-07 01:00:00+05:30,3913.7,25.3,81.0,7.1,0.0
2026-08-07 02:00:00+05:30,3728.6,24.9,78.0,6.4,0.0
2026-08-07 03:00:00+05:30,3646.7,24.2,86.0,4.7,0.0
2026-08-07 04:00:00+05:30,3564.8,24.1,88.0,5.5,0.0
2026-08-07 05:00:00+05:30,3728.4,24.8,81.0,7.1,0.0
2026-08-07 06:00:00+05:30,3899.9,25.3,80.0,6.8,5.7
2026-08-07 07:00:00+05:30,4205.5,25.8,81.0,10.3,19.9
2026-08-07 08:00:00+05:30,4745.7,27.1,79.0,6.4,26.4
2026-08-07 09:00:00+05:30,5036.8,28.0,80.0,5.2,57.9
2026-08-07 10:00:00+05:30,5464.0,29.4,82.0,5.5,75.0
2026-08-07 11:00:00+05:30,5618.2,30.5,76.0,12.3,107.2
2026-08-07 12:00:00+05:30,5911.9,30.6,82.0,10.9,69.0
2026-08-07 13:00:00+05:30,6224.9,32.0,77.0,8.9,52.0
2026-08-07 14:00:00+05:30,6390.7,32.6,75.0,4.8,58.6
2026-08-07 15:00:00+05:30,6594.2,33.6,75.0,11.0,83.2
2026-08-07 16:00:00+05:30,6549.2,33.6,72.0,13.5,27.2
2026-08-07 17:00:00+05:30,6517.9,33.9,77.0,13.1,16.0
2026-08-07 18:00:00+05:30,6250.0,33.8,78.0,12.4,4.8
2026-08-07 19:00:00+05:30,6205.1,32.9,77.0,10.7,0.0
2026-08-07 20:00:00+05:30,6143.6,32.5,73.0,10.0,0.0
2026-08-07 21:00:00+05:30,5821.9,31.9,76.0,10.9,0.0
2026-08-07 22:00:00+05:30,5330.9,30.5,77.0,7.5,0.0
2026-08-07 23:00:00+05:30,5096.5,29.7,81.0,6.9,0.0
2026-08-08 00:00:00+05:30,4501.8,28.6,79.0,8.5,0.0
2026-08-08 01:00:00+05:30,4154.1,28.1,78.0,3.6,0.0
2026-08-08 02:00:00+05:30,4058.8,27.2,84.0,4.9,0.0
2026-08-08 03:00:00+05:30,3818.3,27.0,84.0,1.1,0.0
2026-08-08 04:00:00+05:30,3763.1,26.0,84.0,4.0,0.0
2026-08-08 05:00:00+05:30,3884.6,25.9,77.0,6.6,0.0
2026-08-08 06:00:00+05:30,4048.0,25.6,85.0,6.1,2.5
2026-08-08 07:00:00+05:30,4399.8,26.4,84.0,8.1,14.7
2026-08-08 08:00:00+05:30,4725.1,27.9,80.0,6.7,17.7
2026-08-08 09:00:00+05:30,5199.9,28.7,82.0,10.4,31.1
2026-08-08 10:00:00+05:30,5502.8,29.2,76.0,9.9,47.5
2026-08-08 11:00:00+05:30,5717.2,30.1,83.0,12.5,63.5
2026-08-08 12:00:00+05:30,5875.3,31.0,76.0,12.7,76.5
2026-08-08 13:00:00+05:30,6100.2,31.7,80.0,13.3,77.8
2026-08-08 14:00:00+05:30,6218.1,32.2,75.0,13.9,82.4
2026-08-08 15:00:00+05:30,6263.2,32.1,76.0,11.9,35.0
2026-08-08 16:00:00+05:30,6168.9,32.3,78.0,10.7,43.2
2026-08-08 17:00:00+05:30,5897.6,32.0,79.0,11.5,16.5
2026-08-08 18:00:00+05:30,5719.4,31.5,85.0,11.9,5.4
2026-08-08 19:00:00+05:30,5723.6,31.3,80.0,7.4,0.0
2026-08-08 20:00:00+05:30,5656.4,30.5,75.0,11.4,0.0
2026-08-08 21:00:00+05:30,5308.0,29.5,85.0,9.8,0.0
2026-08-08 22:00:00+05:30,4751.0,28.8,80.0,8.1,0.0
2026-08-08 23:00:00+05:30,4364.9,28.1,85.0,0.1,0.0
2026-08-09 00:00:00+05:30,4194.9,27.2,79.0,4.2,0.0
2026-08-09 01:00:00+05:30,3966.7,26.3,83.0,4.8,0.0
2026-08-09 02:00:00+05:30,3779.5,25.5,88.0,6.9,0.0
2026-08-09 03:00:00+05:30,3623.5,25.5,81.0,2.8,0.0
2026-08-09 04:00:00+05:30,3540.2,25.9,84.0,3.9,0.0
2026-08-09 05:00:00+05:30,3669.9,26.0,82.0,8.0,0.0
2026-08-09 06:00:00+05:30,3835.0,26.2,87.0,3.6,3.6
2026-08-09 07:00:00+05:30,4191.5,27.0,83.0,4.7,11.4
2026-08-09 08:00:00+05:30,4486.0,27.6,84.0,8.1,45.9
2026-08-09 09:00:00+05:30,4960.6,28.8,85.0,6.2,57.4
2026-08-09 10:00:00+05:30,5354.2,29.9,81.0,9.1,91.2
2026-08-09 11:00:00+05:30,5659.5,31.2,81.0,8.7,71.3
2026-08-09 12:00:00+05:30,5950.8,32.6,77.0,8.7,76.3
2026-08-09 13:00:00+05:30,6208.9,33.6,75.0,7.8,56.6
2026-08-09 14:00:00+05:30,6508.1,34.1,74.0,7.9,36.7
2026-08-09 15:00:00+05:30,6511.3,34.0,84.0,9.1,62.2
2026-08-09 16:00:00+05:30,6453.8,34.6,74.0,10.6,27.7
2026-08-09 17:00:00+05:30,6186.8,33.9,75.0,11.2,10.9
2026-08-09 18:00:00+05:30,5944.4,33.7,76.0,12.9,3.8
2026-08-09 19:00:00+05:30,6085.5,33.3,78.0,11.1,0.0
2026-08-09 20:00:00+05:30,5949.3,32.3,76.0,8.1,0.0
2026-08-09 21:00:00+05:30,5671.7,31.2,81.0,8.1,0.0
2026-08-09 22:00:00+05:30,5128.8,30.0,81.0,10.8,0.0
2026-08-09 23:00:00+05:30,4813.5,29.1,81.0,5.0,0.0
2026-08-10 00:00:00+05:30,4742.6,28.3,81.0,7.9,0.0
2026-08-10 01:00:00+05:30,4406.1,27.2,89.0,5.3,0.0
2026-08-10 02:00:00+05:30,4354.4,27.5,83.0,2.3,0.0
2026-08-10 03:00:00+05:30,4083.5,26.8,80.0,7.5,0.0
2026-08-10 04:00:00+05:30,4063.8,26.4,77.0,2.4,0.0
2026-08-10 05:00:00+05:30,4150.0,26.8,86.0,0.0,0.0
2026-08-10 06:00:00+05:30,4487.5,27.1,82.0,4.8,3.5
2026-08-10 07:00:00+05:30,4847.0,27.6,82.0,7.8,18.9
2026-08-10 08:00:00+05:30,5244.2,28.5,81.0,2.4,21.1
2026-08-10 09:00:00+05:30,5587.8,28.8,83.0,4.6,56.9
2026-08-10 10:00:00+05:30,5943.1,29.7,77.0,12.9,58.0
2026-08-10 11:00:00+05:30,6169.9,30.5,76.0,12.4,101.1
2026-08-10 12:00:00+05:30,6409.6,31.0,82.0,13.2,89.9
2026-08-10 13:00:00+05:30,6612.2,31.4,79.0,11.9,68.6
2026-08-10 14:00:00+05:30,6785.9,32.2,81.0,6.6,93.4
2026-08-10 15:00:00+05:30,6695.6,32.3,77.0,10.6,68.9
2026-08-10 16:00:00+05:30,6607.0,32.2,83.0,13.1,34.5
2026-08-10 17:00:00+05:30,6397.3,31.9,79.0,11.5,17.7
2026-08-10 18:00:00+05:30,6155.4,31.4,80.0,13.7,4.6
2026-08-10 19:00:00+05:30,6162.5,30.4,87.0,9.4,0.0
2026-08-10 20:00:00+05:30,6020.0,29.1,84.0,11.7,0.0
2026-08-10 21:00:00+05:30,5462.0,28.1,84.0,10.8,0.0
2026-08-10 22:00:00+05:30,5052.0,27.2,86.0,10.1,0.0
2026-08-10 23:00:00+05:30,4717.0,27.0,81.0,7.7,0.0
2026-08-11 00:00:00+05:30,4352.6,26.0,85.0,5.2,0.0
2026-08-11 01:00:00+05:30,4039.3,25.3,89.0,4.2,0.0
2026-08-11 02:00:00+05:30,3793.7,25.3,87.0,4.3,0.0
2026-08-11 03:00:00+05:30,3598.7,24.9,84.0,8.5,0.0
2026-08-11 04:00:00+05:30,3560.8,24.5,85.0,10.2,0.0
2026-08-11 05:00:00+05:30,3652.2,24.7,88.0,6.0,0.0
2026-08-11 06:00:00+05:30,3820.2,25.0,88.0,1.7,3.3
2026-08-11 07:00:00+05:30,4148.4,25.7,78.0,6.8,23.7
2026-08-11 08:00:00+05:30,4494.1,26.4,84.0,8.8,47.9
2026-08-11 09:00:00+05:30,4907.3,27.3,84.0,9.9,28.6
2026-08-11 10:00:00+05:30,5298.0,28.6,81.0,5.9,82.4
2026-08-11 11:00:00+05:30,5652.8,30.0,79.0,5.8,56.4
2026-08-11 12:00:00+05:30,6048.4,31.2,80.0,12.0,44.3
2026-08-11 13:00:00+05:30,6416.5,32.5,84.0,10.0,79.3
2026-08-11 14:00:00+05:30,6629.7,33.1,75.0,11.2,67.1
2026-08-11 15:00:00+05:30,6650.3,33.4,75.0,12.7,76.7
2026-08-11 16:00:00+05:30,6714.0,33.5,82.0,8.8,16.4
2026-08-11 17:00:00+05:30,6464.8,33.8,76.0,14.3,15.9
2026-08-11 18:00:00+05:30,6295.7,33.6,81.0,7.9,4.1
2026-08-11 19:00:00+05:30,6251.2,33.3,76.0,6.9,0.0
2026-08-11 20:00:00+05:30,6098.3,32.6,75.0,8.7,0.0
2026-08-11 21:00:00+05:30,5761.3,31.3,82.0,11.7,0.0
2026-08-11 22:00:00+05:30,5292.9,30.3,81.0,8.4,0.0
2026-08-11 23:00:00+05:30,4948.9,29.4,84.0,5.0,0.0
2026-08-12 00:00:00+05:30,4611.1,27.9,80.0,5.2,0.0
2026-08-12 01:00:00+05:30,4155.9,26.7,85.0,6.4,0.0
2026-08-12 02:00:00+05:30,3988.6,25.9,87.0,5.1,0.0
2026-08-12 03:00:00+05:30,3824.2,25.8,80.0,3.0,0.0
2026-08-12 04:00:00+05:30,3723.1,25.7,81.0,5.7,0.0
2026-08-12 05:00:00+05:30,3900.2,25.9,87.0,7.2,0.0
2026-08-12 06:00:00+05:30,4180.1,26.3,81.0,4.5,5.3
2026-08-12 07:00:00+05:30,4549.1,27.0,79.0,1.8,18.4
2026-08-12 08:00:00+05:30,4970.3,27.4,86.0,6.5,51.7
2026-08-12 09:00:00+05:30,5485.8,28.8,83.0,6.1,40.9
2026-08-12 10:00:00+05:30,5870.4,30.3,79.0,6.1,55.4
2026-08-12 11:00:00+05:30,6100.3,31.6,75.0,9.8,61.4
2026-08-12 12:00:00+05:30,6288.4,32.3,78.0,10.3,88.8
2026-08-12 13:00:00+05:30,6753.3,33.5,80.0,9.9,57.1
2026-08-12 14:00:00+05:30,7109.7,33.8,83.0,11.0,36.3
2026-08-12 15:00:00+05:30,7168.4,34.0,79.0,7.0,35.9
2026-08-12 16:00:00+05:30,7281.8,34.3,78.0,12.8,39.3
2026-08-12 17:00:00+05:30,7010.2,34.2,82.0,13.1,19.0
2026-08-12 18:00:00+05:30,6539.6,33.3,79.0,14.8,3.1
2026-08-12 19:00:00+05:30,6376.3,32.5,81.0,7.4,0.0
2026-08-12 20:00:00+05:30,6352.4,32.0,82.0,14.2,0.0
2026-08-12 21:00:00+05:30,5819.8,31.0,80.0,9.1,0.0
2026-08-12 22:00:00+05:30,5412.6,30.0,79.0,8.9,0.0
2026-08-12 23:00:00+05:30,5085.6,29.7,81.0,7.4,0.0
2026-08-13 00:00:00+05:30,4629.5,28.7,81.0,5.3,0.0
2026-08-13 01:00:00+05:30,4358.4,27.8,84.0,4.8,0.0
2026-08-13 02:00:00+05:30,4229.4,27.4,80.0,6.7,0.0
2026-08-13 03:00:00+05:30,3970.6,26.6,83.0,6.8,0.0
2026-08-13 04:00:00+05:30,3916.3,26.3,86.0,5.1,0.0
2026-08-13 05:00:00+05:30,4047.6,26.5,91.0,0.6,0.0
2026-08-13 06:00:00+05:30,4275.2,26.5,82.0,7.2,5.1
2026-08-13 07:00:00+05:30,4779.4,27.7,81.0,7.5,14.4
2026-08-13 08:00:00+05:30,5077.5,28.5,77.0,2.7,50.0
2026-08-13 09:00:00+05:30,5469.1,29.4,78.0,6.0,62.9
2026-08-13 10:00:00+05:30,5993.1,30.9,76.0,5.5,102.9
2026-08-13 11:00:00+05:30,6430.8,32.2,81.0,9.3,60.2
2026-08-13 12:00:00+05:30,6543.4,32.5,79.0,9.2,107.8
2026-08-13 13:00:00+05:30,6691.1,32.2,80.0,11.9,97.8
2026-08-13 14:00:00+05:30,7031.0,33.6,78.0,11.1,74.2
2026-08-13 15:00:00+05:30,7237.4,34.5,76.0,12.3,53.9
2026-08-13 16:00:00+05:30,7225.6,34.9,79.0,14.4,36.5
2026-08-13 17:00:00+05:30,6952.0,34.7,77.0,12.3,12.1
2026-08-13 18:00:00+05:30,6807.9,34.9,76.0,11.6,4.9
2026-08-13 19:00:00+05:30,6768.8,34.2,81.0,11.5,0.0
2026-08-13 20:00:00+05:30,6688.2,33.7,76.0,10.4,0.0
2026-08-13 21:00:00+05:30,6285.7,32.6,76.0,10.6,0.0
2026-08-13 22:00:00+05:30,5710.5,31.3,74.0,7.8,0.0
2026-08-13 23:00:00+05:30,5315.0,30.2,80.0,2.4,0.0
2026-08-14 00:00:00+05:30,5122.4,29.6,78.0,8.4,0.0
2026-08-14 01:00:00+05:30,4853.1,29.0,86.0,6.0,0.0
2026-08-14 02:00:00+05:30,4691.5,28.6,82.0,3.0,0.0
2026-08-14 03:00:00+05:30,4435.2,27.8,85.0,3.9,0.0
2026-08-14 04:00:00+05:30,4268.9,27.4,86.0,6.1,0.0
2026-08-14 05:00:00+05:30,4328.7,27.0,86.0,10.0,0.0
2026-08-14 06:00:00+05:30,4349.7,26.8,77.0,4.4,4.7
2026-08-14 07:00:00+05:30,4695.0,27.5,82.0,5.2,17.4
2026-08-14 08:00:00+05:30,5136.3,28.2,83.0,7.9,43.7
2026-08-14 09:00:00+05:30,5663.8,29.4,79.0,8.7,67.2
2026-08-14 10:00:00+05:30,5919.4,30.1,78.0,5.8,104.1
2026-08-14 11:00:00+05:30,6389.2,31.1,81.0,8.0,53.5
2026-08-14 12:00:00+05:30,6656.8,32.0,82.0,8.4,96.6
2026-08-14 13:00:00+05:30,6868.9,32.8,73.0,12.4,50.6
2026-08-14 14:00:00+05:30,7210.5,33.9,79.0,11.4,79.2
2026-08-14 15:00:00+05:30,7340.1,34.2,75.0,11.2,100.8
2026-08-14 16:00:00+05:30,7428.0,34.3,81.0,16.7,15.4
2026-08-14 17:00:00+05:30,7107.7,34.5,79.0,14.7,10.3
2026-08-14 18:00:00+05:30,6778.7,34.3,72.0,9.6,2.9
2026-08-14 19:00:00+05:30,6801.1,34.0,77.0,10.6,0.0
2026-08-14 20:00:00+05:30,6865.2,33.4,80.0,7.0,0.0
2026-08-14 21:00:00+05:30,6349.2,32.4,75.0,6.8,0.0
2026-08-14 22:00:00+05:30,5919.3,31.3,86.0,9.9,0.0
2026-08-14 23:00:00+05:30,5421.7,30.0,84.0,10.3,0.0
2026-08-15 00:00:00+05:30,4486.3,28.9,79.0,5.8,0.0
2026-08-15 01:00:00+05:30,4124.0,27.7,85.0,8.8,0.0
2026-08-15 02:00:00+05:30,3975.6,27.4,85.0,1.3,0.0
2026-08-15 03:00:00+05:30,3867.9,27.1,83.0,6.4,0.0
2026-08-15 04:00:00+05:30,3801.0,27.0,85.0,4.6,0.0
2026-08-15 05:00:00+05:30,3832.4,27.0,83.0,7.4,0.0
2026-08-15 06:00:00+05:30,4101.0,27.6,83.0,1.7,4.4
2026-08-15 07:00:00+05:30,4500.4,28.3,84.0,5.3,28.5
2026-08-15 08:00:00+05:30,4993.8,29.7,81.0,4.6,36.9
2026-08-15 09:00:00+05:30,5433.2,31.0,80.0,5.2,68.0
2026-08-15 10:00:00+05:30,5709.0,31.7,81.0,7.8,27.6
2026-08-15 11:00:00+05:30,6025.7,33.1,78.0,7.7,75.1
2026-08-15 12:00:00+05:30,6243.0,33.6,77.0,7.5,63.7
2026-08-15 13:00:00+05:30,6350.0,34.5,76.0,11.2,87.3
2026-08-15 14:00:00+05:30,6719.5,35.2,78.0,12.5,50.3
2026-08-15 15:00:00+05:30,6927.6,36.0,73.0,15.3,62.2
2026-08-15 16:00:00+05:30,6945.7,36.1,75.0,13.9,27.7
2026-08-15 17:00:00+05:30,6617.4,35.7,74.0,12.3,22.2
2026-08-15 18:00:00+05:30,6386.9,35.1,75.0,5.8,3.3
2026-08-15 19:00:00+05:30,6248.4,34.1,77.0,13.1,0.0
2026-08-15 20:00:00+05:30,6283.3,33.3,77.0,11.3,0.0
2026-08-15 21:00:00+05:30,5793.1,32.1,79.0,7.2,0.0
2026-08-15 22:00:00+05:30,5187.5,30.4,81.0,8.5,0.0
2026-08-15 23:00:00+05:30,4729.2,29.4,81.0,7.6,0.0
2026-08-16 00:00:00+05:30,4478.5,28.0,79.0,8.9,0.0
2026-08-16 01:00:00+05:30,4153.6,27.0,86.0,5.1,0.0
2026-08-16 02:00:00+05:30,3910.6,26.2,84.0,9.2,0.0
2026-08-16 03:00:00+05:30,3799.3,26.2,82.0,6.3,0.0
2026-08-16 04:00:00+05:30,3767.5,26.7,86.0,5.0,0.0
2026-08-16 05:00:00+05:30,3995.8,26.9,83.0,4.4,0.0
2026-08-16 06:00:00+05:30,4255.8,27.4,79.0,6.0,4.0
2026-08-16 07:00:00+05:30,4618.2,28.1,81.0,6.8,32.6
2026-08-16 08:00:00+05:30,5072.2,29.0,78.0,2.9,63.4
2026-08-16 09:00:00+05:30,5502.1,30.3,79.0,8.4,67.7
2026-08-16 10:00:00+05:30,5841.2,31.3,72.0,2.0,96.8
2026-08-16 11:00:00+05:30,6310.6,32.9,76.0,9.4,64.3
2026-08-16 12:00:00+05:30,6496.3,33.6,74.0,9.3,60.8
2026-08-16 13:00:00+05:30,6855.1,34.4,78.0,6.0,70.7
2026-08-16 14:00:00+05:30,6940.5,35.1,74.0,15.8,97.2
2026-08-16 15:00:00+05:30,7081.6,35.5,72.0,17.1,44.1
2026-08-16 16:00:00+05:30,6915.8,34.9,74.0,15.1,36.9
2026-08-16 17:00:00+05:30,6538.0,34.5,76.0,9.5,22.6
2026-08-16 18:00:00+05:30,6323.4,34.1,79.0,17.7,5.2
2026-08-16 19:00:00+05:30,6292.8,33.8,77.0,10.2,0.0
2026-08-16 20:00:00+05:30,6344.0,33.4,71.0,11.4,0.0
2026-08-16 21:00:00+05:30,5911.8,32.2,78.0,4.4,0.0
2026-08-16 22:00:00+05:30,5433.3,30.9,77.0,11.5,0.0
2026-08-16 23:00:00+05:30,5160.2,29.6,78.0,7.5,0.0
2026-08-17 00:00:00+05:30,5223.4,29.2,84.0,10.2,0.0
2026-08-17 01:00:00+05:30,4878.7,29.0,75.0,4.3,0.0
2026-08-17 02:00:00+05:30,4643.2,28.3,77.0,6.7,0.0
2026-08-17 03:00:00+05:30,4461.2,28.0,82.0,3.1,0.0
2026-08-17 04:00:00+05:30,4379.3,27.8,85.0,4.9,0.0
2026-08-17 05:00:00+05:30,4524.7,28.0,86.0,2.2,0.0
2026-08-17 06:00:00+05:30,4721.7,28.0,88.0,2.5,5.4
2026-08-17 07:00:00+05:30,5099.6,29.0,75.0,3.4,19.3
2026-08-17 08:00:00+05:30,5541.9,30.0,79.0,6.7,47.9
2026-08-17 09:00:00+05:30,5897.0,30.9,80.0,0.8,41.2
2026-08-17 10:00:00+05:30,6236.5,31.3,77.0,8.9,57.2
2026-08-17 11:00:00+05:30,6477.5,31.9,77.0,9.5,41.8
2026-08-17 12:00:00+05:30,6705.2,32.7,79.0,12.1,88.8
2026-08-17 13:00:00+05:30,6844.0,33.4,73.0,10.2,55.4
2026-08-17 14:00:00+05:30,7012.6,33.8,80.0,13.0,70.4
2026-08-17 15:00:00+05:30,7154.3,34.2,78.0,12.2,52.3
2026-08-17 16:00:00+05:30,7099.3,34.5,75.0,10.5,51.0
2026-08-17 17:00:00+05:30,6830.6,34.4,72.0,13.8,10.6
2026-08-17 18:00:00+05:30,6653.0,34.6,72.0,13.7,3.7
2026-08-17 19:00:00+05:30,6676.2,34.1,77.0,11.2,0.0
2026-08-17 20:00:00+05:30,6789.0,34.0,76.0,12.6,0.0
2026-08-17 21:00:00+05:30,6605.2,33.8,81.0,11.9,0.0
2026-08-17 22:00:00+05:30,6117.9,32.5,76.0,6.4,0.0
2026-08-17 23:00:00+05:30,5598.2,31.5,78.0,5.2,0.0
2026-08-18 00:00:00+05:30,5279.7,30.3,80.0,6.3,0.0
2026-08-18 01:00:00+05:30,4937.5,29.4,77.0,4.5,0.0
2026-08-18 02:00:00+05:30,4715.4,28.8,79.0,9.8,0.0
2026-08-18 03:00:00+05:30,4506.2,28.4,81.0,5.1,0.0
2026-08-18 04:00:00+05:30,4309.2,28.2,76.0,4.4,0.0
2026-08-18 05:00:00+05:30,4198.5,27.4,77.0,7.2,0.0
2026-08-18 06:00:00+05:30,4565.5,28.0,82.0,1.9,1.2
2026-08-18 07:00:00+05:30,4918.4,28.8,77.0,6.4,24.1
2026-08-18 08:00:00+05:30,5462.0,29.5,86.0,5.7,16.3
2026-08-18 09:00:00+05:30,5964.2,30.9,78.0,9.5,61.3
2026-08-18 10:00:00+05:30,6376.2,32.0,78.0,8.8,44.6
2026-08-18 11:00:00+05:30,6632.0,33.2,72.0,10.7,71.5
2026-08-18 12:00:00+05:30,6909.9,33.8,77.0,11.3,78.4
2026-08-18 13:00:00+05:30,7024.5,34.8,75.0,11.6,120.1
2026-08-18 14:00:00+05:30,7357.8,35.1,72.0,7.2,62.7
2026-08-18 15:00:00+05:30,7669.1,35.6,80.0,12.4,38.4
2026-08-18 16:00:00+05:30,7561.9,35.6,77.0,8.9,35.3
2026-08-18 17:00:00+05:30,7129.0,34.9,72.0,10.5,15.1
2026-08-18 18:00:00+05:30,6839.3,34.6,80.0,15.7,4.8
2026-08-18 19:00:00+05:30,6824.3,34.5,71.0,9.3,0.0
2026-08-18 20:00:00+05:30,6837.6,33.6,77.0,11.1,0.0
2026-08-18 21:00:00+05:30,6362.4,32.3,78.0,4.8,0.0
2026-08-18 22:00:00+05:30,5886.0,31.2,77.0,16.4,0.0
2026-08-18 23:00:00+05:30,5278.7,29.6,82.0,6.5,0.0
2026-08-19 00:00:00+05:30,4903.6,28.9,85.0,0.9,0.0
2026-08-19 01:00:00+05:30,4561.6,27.9,86.0,0.0,0.0
2026-08-19 02:00:00+05:30,4122.7,26.8,81.0,3.5,0.0
2026-08-19 03:00:00+05:30,3982.1,25.9,82.0,2.0,0.0
2026-08-19 04:00:00+05:30,3800.3,25.3,86.0,1.0,0.0
2026-08-19 05:00:00+05:30,3869.3,25.6,84.0,4.3,0.0
2026-08-19 06:00:00+05:30,4055.8,25.2,79.0,7.9,4.9
2026-08-19 07:00:00+05:30,4383.6,25.9,82.0,5.9,29.8
2026-08-19 08:00:00+05:30,4771.9,26.4,91.0,10.3,54.2
2026-08-19 09:00:00+05:30,5206.4,27.4,76.0,1.3,74.3
2026-08-19 10:00:00+05:30,5611.2,28.4,84.0,9.1,96.5
2026-08-19 11:00:00+05:30,6047.6,30.4,83.0,10.2,71.3
2026-08-19 12:00:00+05:30,6303.3,31.2,74.0,6.8,90.9
2026-08-19 13:00:00+05:30,6605.1,32.6,78.0,9.3,108.4
2026-08-19 14:00:00+05:30,6920.2,33.2,75.0,8.4,69.3
2026-08-19 15:00:00+05:30,7067.9,33.7,83.0,11.3,58.2
2026-08-19 16:00:00+05:30,7039.2,33.8,72.0,14.6,33.0
2026-08-19 17:00:00+05:30,6709.7,34.0,72.0,12.1,16.7
2026-08-19 18:00:00+05:30,6564.3,34.0,78.0,9.1,3.6
2026-08-19 19:00:00+05:30,6277.3,33.0,74.0,10.3,0.0
2026-08-19 20:00:00+05:30,6281.8,32.2,78.0,9.8,0.0
2026-08-19 21:00:00+05:30,5993.4,31.5,84.0,8.8,0.0
2026-08-19 22:00:00+05:30,5510.6,30.7,74.0,10.2,0.0
2026-08-19 23:00:00+05:30,4959.0,29.6,78.0,8.9,0.0
2026-08-20 00:00:00+05:30,4588.7,28.7,81.0,6.8,0.0
2026-08-20 01:00:00+05:30,4379.4,28.3,84.0,0.0,0.0
2026-08-20 02:00:00+05:30,4108.7,27.2,78.0,9.1,0.0
2026-08-20 03:00:00+05:30,4052.7,26.6,85.0,2.7,0.0
2026-08-20 04:00:00+05:30,3916.5,25.8,87.0,0.6,0.0
2026-08-20 05:00:00+05:30,4045.6,26.0,87.0,2.9,0.0
2026-08-20 06:00:00+05:30,4300.4,26.6,86.0,6.7,1.3
2026-08-20 07:00:00+05:30,4766.6,27.2,86.0,7.3,20.7
2026-08-20 08:00:00+05:30,5124.8,27.8,82.0,6.4,57.4
2026-08-20 09:00:00+05:30,5544.8,28.8,74.0,8.5,41.5
2026-08-20 10:00:00+05:30,5837.1,29.7,77.0,8.1,51.8
2026-08-20 11:00:00+05:30,5969.2,30.3,79.0,10.8,68.2
2026-08-20 12:00:00+05:30,6231.3,30.8,83.0,7.9,102.6
2026-08-20 13:00:00+05:30,6546.7,31.8,73.0,9.5,68.7
2026-08-20 14:00:00+05:30,6886.6,32.7,82.0,13.6,53.5
2026-08-20 15:00:00+05:30,6937.7,33.3,72.0,14.2,55.7
2026-08-20 16:00:00+05:30,7026.1,33.6,77.0,14.0,50.3
2026-08-20 17:00:00+05:30,6824.2,33.8,77.0,9.0,19.1
2026-08-20 18:00:00+05:30,6567.2,33.4,75.0,10.4,2.7
2026-08-20 19:00:00+05:30,6367.0,32.4,76.0,13.3,0.0
2026-08-20 20:00:00+05:30,6293.9,31.5,77.0,12.1,0.0
2026-08-20 21:00:00+05:30,5962.8,30.5,78.0,6.6,0.0
2026-08-20 22:00:00+05:30,5453.3,28.9,83.0,9.6,0.0
2026-08-20 23:00:00+05:30,5144.8,28.7,85.0,11.3,0.0
2026-08-21 00:00:00+05:30,4696.4,27.6,81.0,3.5,0.0
2026-08-21 01:00:00+05:30,4379.5,26.4,83.0,3.9,0.0
2026-08-21 02:00:00+05:30,3994.9,25.3,87.0,9.2,0.0
2026-08-21 03:00:00+05:30,3716.5,24.4,79.0,6.5,0.0
2026-08-21 04:00:00+05:30,3609.1,24.2,81.0,3.0,0.0
2026-08-21 05:00:00+05:30,3823.8,24.9,86.0,0.5,0.0
2026-08-21 06:00:00+05:30,4075.0,25.6,83.0,6.4,2.7
2026-08-21 07:00:00+05:30,4464.0,26.5,79.0,6.7,14.3
2026-08-21 08:00:00+05:30,4726.5,26.7,80.0,8.4,35.4
2026-08-21 09:00:00+05:30,5121.7,27.5,84.0,8.7,47.9
2026-08-21 10:00:00+05:30,5499.2,28.7,82.0,8.4,57.3
2026-08-21 11:00:00+05:30,5720.5,29.6,76.0,5.1,52.0
2026-08-21 12:00:00+05:30,5915.7,30.8,75.0,11.7,69.6
2026-08-21 13:00:00+05:30,6146.5,31.3,74.0,10.4,89.2
2026-08-21 14:00:00+05:30,6387.2,31.8,80.0,9.0,72.2
2026-08-21 15:00:00+05:30,6566.6,32.6,74.0,12.9,53.7
2026-08-21 16:00:00+05:30,6552.8,33.1,76.0,12.3,44.6
2026-08-21 17:00:00+05:30,6287.5,33.2,74.0,9.4,28.6
2026-08-21 18:00:00+05:30,5961.4,32.4,77.0,10.0,4.1
2026-08-21 19:00:00+05:30,5881.4,31.6,81.0,10.6,0.0
2026-08-21 20:00:00+05:30,5897.3,31.0,80.0,10.8,0.0
2026-08-21 21:00:00+05:30,5496.1,29.6,78.0,7.2,0.0
2026-08-21 22:00:00+05:30,5008.5,28.7,78.0,7.8,0.0
2026-08-21 23:00:00+05:30,4633.6,27.7,81.0,7.4,0.0
2026-08-22 00:00:00+05:30,4145.4,27.3,79.0,6.3,0.0
2026-08-22 01:00:00+05:30,3819.3,25.9,90.0,3.0,0.0
2026-08-22 02:00:00+05:30,3553.6,25.3,83.0,8.2,0.0
2026-08-22 03:00:00+05:30,3451.9,24.8,77.0,5.4,0.0
2026-08-22 04:00:00+05:30,3419.7,24.9,86.0,4.1,0.0
2026-08-22 05:00:00+05:30,3460.7,25.1,82.0,2.1,0.0
2026-08-22 06:00:00+05:30,3608.9,25.7,82.0,4.6,1.8
2026-08-22 07:00:00+05:30,4008.1,26.2,84.0,7.8,21.7
2026-08-22 08:00:00+05:30,4288.6,26.6,84.0,8.5,19.2
2026-08-22 09:00:00+05:30,4665.7,27.5,84.0,10.5,42.2
2026-08-22 10:00:00+05:30,4971.9,28.7,80.0,5.5,57.0
2026-08-22 11:00:00+05:30,5281.8,29.9,77.0,9.1,81.4
2026-08-22 12:00:00+05:30,5545.0,30.7,81.0,10.0,34.3
2026-08-22 13:00:00+05:30,5928.7,32.1,77.0,8.4,33.5
2026-08-22 14:00:00+05:30,6108.0,32.3,77.0,10.1,36.0
2026-08-22 15:00:00+05:30,6322.4,33.1,76.0,7.2,47.3
2026-08-22 16:00:00+05:30,6298.0,33.3,79.0,12.7,26.6
2026-08-22 17:00:00+05:30,6006.0,33.4,77.0,10.2,17.7
2026-08-22 18:00:00+05:30,5749.0,32.9,80.0,12.7,4.6
2026-08-22 19:00:00+05:30,5609.9,31.9,75.0,12.5,0.0
2026-08-22 20:00:00+05:30,5426.6,30.8,77.0,9.7,0.0
2026-08-22 21:00:00+05:30,5193.5,29.7,81.0,7.7,0.0
2026-08-22 22:00:00+05:30,4889.9,28.3,88.0,6.9,0.0
2026-08-22 23:00:00+05:30,4468.0,27.4,82.0,9.2,0.0
2026-08-23 00:00:00+05:30,4145.7,26.8,82.0,8.5,0.0
2026-08-23 01:00:00+05:30,3885.1,26.3,81.0,7.2,0.0
2026-08-23 02:00:00+05:30,3652.3,25.7,87.0,4.9,0.0
2026-08-23 03:00:00+05:30,3483.1,25.2,83.0,2.6,0.0
2026-08-23 04:00:00+05:30,3524.1,25.1,82.0,0.9,0.0
2026-08-23 05:00:00+05:30,3437.3,25.2,77.0,1.4,0.0
2026-08-23 06:00:00+05:30,3729.6,26.2,84.0,2.6,4.0
2026-08-23 07:00:00+05:30,4061.9,26.3,90.0,8.7,17.5
2026-08-23 08:00:00+05:30,4453.8,27.5,78.0,3.3,12.6
2026-08-23 09:00:00+05:30,4698.1,27.4,84.0,4.3,81.7
2026-08-23 10:00:00+05:30,4972.1,28.6,81.0,2.9,27.0
2026-08-23 11:00:00+05:30,5324.5,29.9,81.0,6.1,109.4
2026-08-23 12:00:00+05:30,5553.5,30.9,80.0,11.2,60.2
2026-08-23 13:00:00+05:30,5618.0,31.4,74.0,10.1,79.8
2026-08-23 14:00:00+05:30,5811.4,32.1,75.0,11.8,56.0
2026-08-23 15:00:00+05:30,5925.8,32.2,76.0,11.0,42.8
2026-08-23 16:00:00+05:30,5975.6,32.1,79.0,13.3,31.8
2026-08-23 17:00:00+05:30,5822.7,32.7,74.0,13.9,21.0
2026-08-23 18:00:00+05:30,5654.7,32.3,79.0,12.8,2.0
2026-08-23 19:00:00+05:30,5608.2,32.0,79.0,10.3,0.0
2026-08-23 20:00:00+05:30,5658.2,31.2,76.0,7.0,0.0
2026-08-23 21:00:00+05:30,5277.2,30.6,79.0,9.1,0.0
2026-08-23 22:00:00+05:30,4995.7,29.8,83.0,5.9,0.0
2026-08-23 23:00:00+05:30,4654.2,29.3,77.0,9.6,0.0
2026-08-24 00:00:00+05:30,4612.1,28.4,75.0,7.1,0.0
2026-08-24 01:00:00+05:30,4448.4,28.2,83.0,4.9,0.0
2026-08-24 02:00:00+05:30,4154.8,27.0,84.0,5.4,0.0
2026-08-24 03:00:00+05:30,3989.1,27.0,83.0,0.7,0.0
2026-08-24 04:00:00+05:30,3892.2,26.5,78.0,3.1,0.0
2026-08-24 05:00:00+05:30,3987.6,26.8,84.0,2.0,0.0
2026-08-24 06:00:00+05:30,4265.8,27.5,75.0,5.7,5.1
2026-08-24 07:00:00+05:30,4551.5,28.3,75.0,7.0,22.2
2026-08-24 08:00:00+05:30,4854.8,28.5,78.0,2.7,33.6
2026-08-24 09:00:00+05:30,5270.5,29.4,83.0,7.2,25.7
2026-08-24 10:00:00+05:30,5595.0,30.6,75.0,7.0,93.5
2026-08-24 11:00:00+05:30,6068.1,32.1,80.0,8.0,71.1
2026-08-24 12:00:00+05:30,6337.2,32.7,75.0,10.7,54.2
2026-08-24 13:00:00+05:30,6620.0,33.4,74.0,6.0,86.1
2026-08-24 14:00:00+05:30,7020.8,34.0,78.0,12.1,54.4
2026-08-24 15:00:00+05:30,7156.5,34.5,73.0,10.8,81.2
2026-08-24 16:00:00+05:30,7113.9,34.9,74.0,8.2,46.9
2026-08-24 17:00:00+05:30,6916.2,35.0,70.0,14.0,20.0
2026-08-24 18:00:00+05:30,6785.9,34.7,78.0,15.6,2.8
2026-08-24 19:00:00+05:30,6629.2,33.7,71.0,12.0,0.0
2026-08-24 20:00:00+05:30,6810.6,33.4,76.0,8.0,0.0
2026-08-24 21:00:00+05:30,6478.6,32.6,82.0,5.1,0.0
2026-08-24 22:00:00+05:30,5934.3,31.0,78.0,8.7,0.0
2026-08-24 23:00:00+05:30,5449.5,29.7,70.0,8.9,0.0
2026-08-25 00:00:00+05:30,5156.3,28.8,76.0,6.0,0.0
2026-08-25 01:00:00+05:30,4799.5,27.9,80.0,8.2,0.0
2026-08-25 02:00:00+05:30,4560.1,27.8,79.0,6.9,0.0
2026-08-25 03:00:00+05:30,4359.3,27.8,74.0,4.6,0.0
2026-08-25 04:00:00+05:30,4413.0,28.1,74.0,3.9,0.0
2026-08-25 05:00:00+05:30,4714.2,28.7,75.0,0.0,0.0
2026-08-25 06:00:00+05:30,4850.4,29.0,76.0,7.7,5.2
2026-08-25 07:00:00+05:30,5267.1,29.4,75.0,8.4,19.0
2026-08-25 08:00:00+05:30,5814.1,30.8,71.0,9.2,18.3
2026-08-25 09:00:00+05:30,6249.0,31.4,80.0,8.4,77.7
2026-08-25 10:00:00+05:30,6759.7,33.0,77.0,10.1,86.3
2026-08-25 11:00:00+05:30,7010.2,34.1,73.0,13.1,80.4
2026-08-25 12:00:00+05:30,6992.3,34.7,69.0,6.9,177.8
2026-08-25 13:00:00+05:30,7182.4,35.0,66.0,10.8,152.1
2026-08-25 14:00:00+05:30,7504.4,35.7,71.0,10.1,49.8
2026-08-25 15:00:00+05:30,7565.5,36.1,66.0,12.1,134.6
2026-08-25 16:00:00+05:30,7751.2,36.5,72.0,12.7,31.3
2026-08-25 17:00:00+05:30,7241.0,35.6,68.0,11.9,50.0
2026-08-25 18:00:00+05:30,6793.7,35.2,70.0,12.9,8.4
2026-08-25 19:00:00+05:30,6707.7,34.5,72.0,12.9,0.0
2026-08-25 20:00:00+05:30,6688.1,33.5,71.0,10.4,0.0
2026-08-25 21:00:00+05:30,6423.8,33.2,72.0,9.0,0.0
2026-08-25 22:00:00+05:30,5973.9,32.1,72.0,8.6,0.0
2026-08-25 23:00:00+05:30,5506.5,30.7,78.0,4.9,0.0
2026-08-26 00:00:00+05:30,4620.1,29.3,78.0,6.4,0.0
2026-08-26 01:00:00+05:30,4380.8,28.1,82.0,0.0,0.0
2026-08-26 02:00:00+05:30,4070.2,27.6,79.0,5.2,0.0
2026-08-26 03:00:00+05:30,3923.0,27.4,77.0,2.7,0.0
2026-08-26 04:00:00+05:30,3843.8,27.4,81.0,9.7,0.0
2026-08-26 05:00:00+05:30,3901.8,27.9,72.0,5.1,0.0
2026-08-26 06:00:00+05:30,4156.0,27.5,76.0,3.0,4.1
2026-08-26 07:00:00+05:30,4487.4,28.0,82.0,0.3,33.2
2026-08-26 08:00:00+05:30,4991.0,29.0,84.0,1.1,35.5
2026-08-26 09:00:00+05:30,5296.2,30.7,71.0,8.8,71.8
2026-08-26 10:00:00+05:30,5822.0,31.8,72.0,4.2,51.6
2026-08-26 11:00:00+05:30,5925.0,32.3,70.0,13.5,96.8
2026-08-26 12:00:00+05:30,6222.4,33.2,78.0,7.9,70.8
2026-08-26 13:00:00+05:30,6296.9,34.1,70.0,6.5,207.8
2026-08-26 14:00:00+05:30,6553.5,34.5,71.0,9.1,96.1
2026-08-26 15:00:00+05:30,6780.9,35.2,72.0,11.6,46.0
2026-08-26 16:00:00+05:30,6694.2,35.6,70.0,9.0,42.1
2026-08-26 17:00:00+05:30,6454.3,35.6,70.0,9.8,42.4
2026-08-26 18:00:00+05:30,6153.8,35.3,70.0,9.0,2.9
2026-08-26 19:00:00+05:30,6140.8,35.0,72.0,8.8,0.0
2026-08-26 20:00:00+05:30,6184.7,34.0,76.0,10.4,0.0
2026-08-26 21:00:00+05:30,5914.7,33.4,79.0,13.4,0.0
2026-08-26 22:00:00+05:30,5385.2,32.2,75.0,8.7,0.0
2026-08-26 23:00:00+05:30,4937.7,31.0,78.0,2.4,0.0
2026-08-27 00:00:00+05:30,5248.5,30.3,83.0,10.5,0.0
2026-08-27 01:00:00+05:30,4796.2,29.3,80.0,4.7,0.0
2026-08-27 02:00:00+05:30,4343.1,27.9,75.0,6.7,0.0
2026-08-27 03:00:00+05:30,4280.8,27.2,80.0,3.9,0.0
2026-08-27 04:00:00+05:30,4254.8,27.2,85.0,0.2,0.0
2026-08-27 05:00:00+05:30,4355.1,26.9,86.0,4.0,0.0
2026-08-27 06:00:00+05:30,4516.8,27.1,81.0,4.7,2.6
2026-08-27 07:00:00+05:30,4870.4,27.5,77.0,2.4,24.0
2026-08-27 08:00:00+05:30,5240.1,28.2,73.0,8.5,36.5
2026-08-27 09:00:00+05:30,5820.5,29.8,78.0,4.2,41.9
2026-08-27 10:00:00+05:30,6140.2,30.9,75.0,5.9,90.8
2026-08-27 11:00:00+05:30,6580.3,32.3,77.0,7.6,79.7
2026-08-27 12:00:00+05:30,6904.1,33.2,77.0,5.4,70.2
2026-08-27 13:00:00+05:30,7047.7,33.8,75.0,8.4,114.8
2026-08-27 14:00:00+05:30,7203.5,34.3,73.0,8.6,32.1
2026-08-27 15:00:00+05:30,7367.1,34.7,71.0,11.5,54.6
2026-08-27 16:00:00+05:30,7486.8,34.8,74.0,13.8,14.4
2026-08-27 17:00:00+05:30,7159.4,34.2,72.0,13.9,15.5
2026-08-27 18:00:00+05:30,6865.7,33.7,79.0,13.3,1.8
2026-08-27 19:00:00+05:30,6647.3,32.7,75.0,7.7,0.0
2026-08-27 20:00:00+05:30,6631.5,31.5,76.0,11.2,0.0
2026-08-27 21:00:00+05:30,6229.7,30.6,78.0,10.1,0.0
2026-08-27 22:00:00+05:30,5725.0,30.6,75.0,5.1,0.0
2026-08-27 23:00:00+05:30,5196.5,29.6,74.0,3.6,0.0
2026-08-28 00:00:00+05:30,4818.5,28.6,73.0,4.8,0.0
2026-08-28 01:00:00+05:30,4551.4,27.7,76.0,9.1,0.0
2026-08-28 02:00:00+05:30,4399.2,27.1,82.0,4.1,0.0
2026-08-28 03:00:00+05:30,4178.5,26.8,78.0,1.1,0.0
2026-08-28 04:00:00+05:30,4120.4,27.2,82.0,4.3,0.0
2026-08-28 05:00:00+05:30,4250.8,27.0,83.0,5.0,0.0
2026-08-28 06:00:00+05:30,4572.6,27.1,78.0,4.5,4.4
2026-08-28 07:00:00+05:30,4900.3,27.9,81.0,2.8,17.7
2026-08-28 08:00:00+05:30,5393.1,28.7,77.0,6.9,34.1
2026-08-28 09:00:00+05:30,5802.3,29.6,75.0,8.0,67.0
2026-08-28 10:00:00+05:30,6122.8,30.5,76.0,8.7,62.6
2026-08-28 11:00:00+05:30,6222.5,31.3,73.0,9.9,59.3
2026-08-28 12:00:00+05:30,6471.1,31.6,82.0,8.1,100.9
2026-08-28 13:00:00+05:30,6488.4,32.8,68.0,9.9,209.2
2026-08-28 14:00:00+05:30,6810.6,33.1,74.0,12.5,67.1
2026-08-28 15:00:00+05:30,6985.1,33.6,76.0,12.9,32.6
2026-08-28 16:00:00+05:30,7089.9,33.9,73.0,8.8,41.7
2026-08-28 17:00:00+05:30,6901.9,33.9,77.0,13.8,10.8
2026-08-28 18:00:00+05:30,6556.1,33.3,73.0,12.5,3.5
2026-08-28 19:00:00+05:30,6631.1,32.9,77.0,9.5,0.0
2026-08-28 20:00:00+05:30,6431.9,32.0,78.0,7.6,0.0
2026-08-28 21:00:00+05:30,5922.5,30.8,71.0,8.3,0.0
2026-08-28 22:00:00+05:30,5393.4,29.0,75.0,7.1,0.0
2026-08-28 23:00:00+05:30,5003.4,28.3,79.0,5.5,0.0
2026-08-29 00:00:00+05:30,4420.5,27.1,77.0,6.5,0.0
2026-08-29 01:00:00+05:30,4028.1,25.9,78.0,7.3,0.0
2026-08-29 02:00:00+05:30,3881.8,25.2,77.0,3.4,0.0
2026-08-29 03:00:00+05:30,3637.4,24.2,82.0,3.9,0.0
2026-08-29 04:00:00+05:30,3528.6,23.8,83.0,2.0,0.0
2026-08-29 05:00:00+05:30,3547.9,24.0,83.0,4.6,0.0
2026-08-29 06:00:00+05:30,3902.0,24.9,83.0,4.7,5.9
2026-08-29 07:00:00+05:30,4218.3,25.7,80.0,7.4,16.0
2026-08-29 08:00:00+05:30,4586.6,26.6,79.0,5.4,57.0
2026-08-29 09:00:00+05:30,5049.9,27.7,82.0,9.3,47.7
2026-08-29 10:00:00+05:30,5241.3,29.2,76.0,5.1,67.7
2026-08-29 11:00:00+05:30,5617.5,30.4,81.0,9.7,49.7
2026-08-29 12:00:00+05:30,5860.0,32.5,70.0,11.7,207.6
2026-08-29 13:00:00+05:30,6153.9,33.2,75.0,11.6,61.1
2026-08-29 14:00:00+05:30,6353.3,33.6,75.0,8.1,57.2
2026-08-29 15:00:00+05:30,6302.7,33.3,71.0,10.1,33.7
2026-08-29 16:00:00+05:30,6283.6,33.3,75.0,11.6,45.6
2026-08-29 17:00:00+05:30,6115.3,33.4,73.0,12.1,10.2
2026-08-29 18:00:00+05:30,5713.7,32.3,80.0,7.6,3.4
2026-08-29 19:00:00+05:30,5517.0,31.2,68.0,6.3,0.0
2026-08-29 20:00:00+05:30,5527.4,30.4,82.0,10.6,0.0
2026-08-29 21:00:00+05:30,5281.9,29.2,79.0,12.6,0.0
2026-08-29 22:00:00+05:30,4758.6,27.5,84.0,6.6,0.0
2026-08-29 23:00:00+05:30,4294.8,26.7,81.0,4.1,0.0
2026-08-30 00:00:00+05:30,4037.3,25.9,81.0,6.1,0.0
2026-08-30 01:00:00+05:30,3695.8,25.0,88.0,3.6,0.0
2026-08-30 02:00:00+05:30,3468.9,24.4,85.0,6.9,0.0
2026-08-30 03:00:00+05:30,3466.2,24.2,86.0,5.3,0.0
2026-08-30 04:00:00+05:30,3388.5,24.1,83.0,11.1,0.0
2026-08-30 05:00:00+05:30,3578.8,24.5,83.0,1.1,0.0
2026-08-30 06:00:00+05:30,3688.7,24.4,88.0,5.5,4.9
2026-08-30 07:00:00+05:30,3801.5,24.5,87.0,7.2,21.0
2026-08-30 08:00:00+05:30,4033.6,24.9,81.0,5.8,64.9
2026-08-30 09:00:00+05:30,4534.3,26.4,80.0,8.4,52.7
2026-08-30 10:00:00+05:30,4792.0,27.4,83.0,9.2,35.8
2026-08-30 11:00:00+05:30,5198.1,28.6,80.0,11.4,78.7
2026-08-30 12:00:00+05:30,5486.5,30.2,79.0,10.1,81.7
2026-08-30 13:00:00+05:30,5722.9,31.2,76.0,8.2,66.5
2026-08-30 14:00:00+05:30,5991.6,32.2,71.0,11.9,64.5
2026-08-30 15:00:00+05:30,6127.9,32.8,77.0,11.6,76.8
2026-08-30 16:00:00+05:30,6060.5,32.8,76.0,12.3,45.6
2026-08-30 17:00:00+05:30,5861.7,32.9,77.0,15.3,24.9
2026-08-30 18:00:00+05:30,5727.1,33.3,75.0,11.6,3.8
2026-08-30 19:00:00+05:30,5485.8,32.3,68.0,10.7,0.0
2026-08-30 20:00:00+05:30,5458.1,31.1,70.0,9.3,0.0
2026-08-30 21:00:00+05:30,5205.3,30.0,80.0,7.4,0.0
2026-08-30 22:00:00+05:30,4862.6,29.1,83.0,11.6,0.0
2026-08-30 23:00:00+05:30,4619.7,29.0,80.0,4.9,0.0
2026-08-31 00:00:00+05:30,4473.8,27.4,82.0,6.1,0.0
2026-08-31 01:00:00+05:30,4095.5,25.9,76.0,8.4,0.0
2026-08-31 02:00:00+05:30,3829.8,25.0,82.0,4.6,0.0
2026-08-31 03:00:00+05:30,3729.1,24.6,85.0,2.2,0.0
2026-08-31 04:00:00+05:30,3614.2,24.4,81.0,3.2,0.0
2026-08-31 05:00:00+05:30,3707.0,24.3,84.0,3.2,0.0
2026-08-31 06:00:00+05:30,3997.5,24.8,83.0,7.1,5.2
2026-08-31 07:00:00+05:30,4196.4,24.5,81.0,8.3,20.9
2026-08-31 08:00:00+05:30,4591.8,25.7,83.0,3.8,44.1
2026-08-31 09:00:00+05:30,4932.8,26.7,77.0,8.2,65.7
2026-08-31 10:00:00+05:30,5257.5,27.5,80.0,9.9,93.0
2026-08-31 11:00:00+05:30,5640.1,28.7,80.0,8.1,101.2
2026-08-31 12:00:00+05:30,5890.0,29.7,78.0,12.4,64.9
2026-08-31 13:00:00+05:30,6245.1,31.1,73.0,10.9,97.4
2026-08-31 14:00:00+05:30,6597.4,32.2,78.0,10.8,85.6
2026-08-31 15:00:00+05:30,6779.7,33.2,71.0,14.1,34.7
2026-08-31 16:00:00+05:30,6772.3,33.2,79.0,12.8,37.6
2026-08-31 17:00:00+05:30,6563.8,33.4,79.0,7.4,20.3
2026-08-31 18:00:00+05:30,6282.1,32.8,81.0,11.4,4.5
2026-08-31 19:00:00+05:30,6024.6,31.7,74.0,8.5,0.0
2026-08-31 20:00:00+05:30,6025.5,31.0,78.0,11.1,0.0
2026-08-31 21:00:00+05:30,5493.8,29.6,76.0,7.6,0.0
2026-08-31 22:00:00+05:30,5052.4,28.8,77.0,7.8,0.0
2026-08-31 23:00:00+05:30,4575.8,26.9,82.0,6.9,0.0
2026-09-01 00:00:00+05:30,4155.1,25.5,78.0,6.8,0.0
2026-09-01 01:00:00+05:30,3793.3,24.8,73.0,8.4,0.0
2026-09-01 02:00:00+05:30,3582.3,24.3,78.0,10.6,0.0
2026-09-01 03:00:00+05:30,3690.3,24.0,80.0,5.5,0.0
2026-09-01 04:00:00+05:30,3643.3,24.0,81.0,3.1,0.0
2026-09-01 05:00:00+05:30,3819.8,24.2,84.0,0.4,0.0
2026-09-01 06:00:00+05:30,4101.4,25.0,78.0,7.7,6.8
2026-09-01 07:00:00+05:30,4379.6,25.5,84.0,5.7,20.1
2026-09-01 08:00:00+05:30,4664.2,26.2,82.0,6.5,38.3
2026-09-01 09:00:00+05:30,5023.2,27.3,81.0,10.2,71.1
2026-09-01 10:00:00+05:30,5397.1,28.4,74.0,6.8,108.2
2026-09-01 11:00:00+05:30,5593.1,28.8,78.0,5.7,47.6
2026-09-01 12:00:00+05:30,5870.5,29.7,72.0,8.3,92.2
2026-09-01 13:00:00+05:30,6107.0,30.5,80.0,9.9,90.4
2026-09-01 14:00:00+05:30,6363.0,31.5,76.0,10.0,57.3
2026-09-01 15:00:00+05:30,6407.9,31.9,75.0,9.4,47.0
2026-09-01 16:00:00+05:30,6385.7,31.4,76.0,15.1,18.9
2026-09-01 17:00:00+05:30,6176.3,31.3,76.0,15.0,17.7
2026-09-01 18:00:00+05:30,5993.5,31.2,78.0,12.5,3.3
2026-09-01 19:00:00+05:30,5938.6,30.8,74.0,11.9,0.0
2026-09-01 20:00:00+05:30,5935.4,30.1,80.0,9.5,0.0
2026-09-01 21:00:00+05:30,5541.9,28.9,84.0,10.2,0.0
2026-09-01 22:00:00+05:30,4962.2,28.0,80.0,9.4,0.0
2026-09-01 23:00:00+05:30,4508.5,27.0,81.0,5.9,0.0
2026-09-02 00:00:00+05:30,4216.8,26.2,78.0,1.3,0.0
2026-09-02 01:00:00+05:30,3744.8,25.0,83.0,3.4,0.0
2026-09-02 02:00:00+05:30,3583.8,24.2,82.0,6.1,0.0
2026-09-02 03:00:00+05:30,3440.1,23.6,87.0,5.9,0.0
2026-09-02 04:00:00+05:30,3400.3,23.5,82.0,5.9,0.0
2026-09-02 05:00:00+05:30,3495.0,24.0,80.0,1.4,0.0
2026-09-02 06:00:00+05:30,3817.7,24.7,81.0,1.5,5.2
2026-09-02 07:00:00+05:30,4183.2,25.4,79.0,0.2,14.9
2026-09-02 08:00:00+05:30,4685.9,26.5,82.0,7.3,54.2
2026-09-02 09:00:00+05:30,5068.6,27.4,76.0,8.9,44.3
2026-09-02 10:00:00+05:30,5488.4,28.7,77.0,12.1,54.2
2026-09-02 11:00:00+05:30,5648.5,29.7,74.0,9.4,67.6
2026-09-02 12:00:00+05:30,5956.0,30.9,78.0,10.2,28.0
2026-09-02 13:00:00+05:30,6078.5,31.6,78.0,15.3,30.0
2026-09-02 14:00:00+05:30,6358.5,32.9,71.0,12.4,74.1
2026-09-02 15:00:00+05:30,6527.6,33.2,71.0,13.2,67.5
2026-09-02 16:00:00+05:30,6556.7,33.7,74.0,11.8,41.1
2026-09-02 17:00:00+05:30,6302.2,33.5,68.0,13.5,36.6
2026-09-02 18:00:00+05:30,6041.0,32.5,76.0,11.8,4.7
2026-09-02 19:00:00+05:30,6029.2,32.0,77.0,11.8,0.0
2026-09-02 20:00:00+05:30,6083.3,31.5,72.0,11.3,0.0
2026-09-02 21:00:00+05:30,5674.1,30.7,73.0,6.8,0.0
2026-09-02 22:00:00+05:30,5264.4,29.8,75.0,7.0,0.0
2026-09-02 23:00:00+05:30,4781.9,28.5,76.0,6.6,0.0
2026-09-03 00:00:00+05:30,4423.3,27.3,81.0,6.0,0.0
2026-09-03 01:00:00+05:30,4095.6,26.8,85.0,7.4,0.0
2026-09-03 02:00:00+05:30,3733.6,25.6,82.0,3.3,0.0
2026-09-03 03:00:00+05:30,3587.8,24.9,75.0,2.0,0.0
2026-09-03 04:00:00+05:30,3575.5,25.0,82.0,0.9,0.0
2026-09-03 05:00:00+05:30,3838.8,25.4,80.0,5.2,0.0
2026-09-03 06:00:00+05:30,4007.4,25.7,80.0,7.6,3.9
2026-09-03 07:00:00+05:30,4374.1,25.8,83.0,3.7,16.5
2026-09-03 08:00:00+05:30,4791.4,26.7,78.0,5.5,29.5
2026-09-03 09:00:00+05:30,5229.8,28.1,82.0,12.5,55.0
2026-09-03 10:00:00+05:30,5685.6,29.7,76.0,2.7,81.0
2026-09-03 11:00:00+05:30,5930.1,30.4,71.0,10.4,49.2
2026-09-03 12:00:00+05:30,6198.5,31.6,76.0,7.3,84.3
2026-09-03 13:00:00+05:30,6442.5,32.1,73.0,8.6,107.6
2026-09-03 14:00:00+05:30,6655.4,33.1,74.0,10.1,89.3
2026-09-03 15:00:00+05:30,6693.4,33.2,75.0,8.9,79.7
2026-09-03 16:00:00+05:30,6743.8,34.4,66.0,10.4,96.5
2026-09-03 17:00:00+05:30,6536.0,33.9,67.0,10.4,37.4
2026-09-03 18:00:00+05:30,6434.5,33.6,72.0,6.8,4.8
2026-09-03 19:00:00+05:30,6134.8,32.4,72.0,10.5,0.0
2026-09-03 20:00:00+05:30,6267.3,31.6,77.0,12.2,0.0
2026-09-03 21:00:00+05:30,5814.7,30.7,76.0,7.8,0.0
2026-09-03 22:00:00+05:30,5300.5,29.5,75.0,9.7,0.0
2026-09-03 23:00:00+05:30,4897.6,28.3,75.0,9.9,0.0
2026-09-04 00:00:00+05:30,3995.2,26.7,82.0,6.6,0.0
2026-09-04 01:00:00+05:30,3658.3,25.8,77.0,6.1,0.0
2026-09-04 02:00:00+05:30,3419.5,24.5,88.0,2.9,0.0
2026-09-04 03:00:00+05:30,3181.1,23.8,80.0,3.2,0.0
2026-09-04 04:00:00+05:30,3174.7,24.0,81.0,5.6,0.0
2026-09-04 05:00:00+05:30,3247.9,23.8,84.0,4.4,0.0
2026-09-04 06:00:00+05:30,3453.0,24.3,77.0,4.0,2.8
2026-09-04 07:00:00+05:30,3838.6,25.6,86.0,8.6,20.4
2026-09-04 08:00:00+05:30,4226.7,26.4,84.0,4.3,33.1
2026-09-04 09:00:00+05:30,4553.5,27.4,79.0,7.6,42.9
2026-09-04 10:00:00+05:30,4990.7,29.4,77.0,7.9,74.8
